frame,particle,x,y
0,0,360.40307134846,410.2344060046588
1,0,359.61899827288426,405.70699481865284
2,0,359.27699168167396,402.754652259669
3,0,360.01067303863005,400.1338112305854
4,0,361.60825358851673,397.32655502392345
5,0,357.7854834700472,395.8460518684232
6,0,357.86823176033516,391.8921033910363
7,0,356.45747578692493,388.4698093220339
8,0,354.7115458676731,382.0982823692521
9,0,355.60756986204456,376.74984082065794
10,0,354.39174364896076,370.2022228637413
11,0,356.73240058910164,368.82245949926363
12,0,357.51465004656495,366.511569596676
13,0,355.9878695431103,363.8563230914506
14,0,355.697210864486,361.3696699766355
15,0,356.75649117773634,359.78489456319033
16,0,356.72848909016056,355.6132153149444
17,0,354.30007336757154,353.1645434536117
18,0,351.29532537652744,352.28495311167944
19,0,349.50581480936256,349.68916531723835
20,0,350.10762641613707,346.75283227410887
21,0,350.78974155595216,344.90766078392494
22,0,353.562253843222,338.3966459153856
23,0,353.6118429896491,333.9583277322221
24,0,353.116823014384,330.21350844277674
25,0,350.10985703536494,327.9921335248649
26,0,350.3015369430344,326.27241962774957
27,0,349.6235770789118,324.7576693034922
28,0,348.1648869138423,319.6633282483253
29,0,348.4264616629577,316.77854204599095
30,0,350.14943738895835,313.68520102651837
31,0,349.73052354297005,310.7759631215015
32,0,350.34213700717413,308.994603517237
33,0,353.7023484798084,303.88164460115763
34,0,354.02945849331394,302.5438236462333
35,0,356.2479535736103,301.6166768478925
36,0,354.06808561378404,296.82829547487034
37,0,352.7892444392822,286.77588710145767
38,0,351.4068209500609,282.72325149048015
39,0,348.9535114905561,279.16162797497225
40,0,348.77894467213116,277.40733862704917
41,0,348.08905755850725,277.7504743833017
42,0,348.1533329056265,276.43760826329634
43,0,347.2000747244536,274.0592813998381
44,0,347.680202411445,273.2839382770038
45,0,348.8870597005653,268.62682487420017
46,0,348.08782780801585,264.21047748639285
47,0,349.6721610643433,261.7720609878142
48,0,349.630706921944,258.55148502700047
49,0,348.2096942502348,254.8160805593238
50,0,348.3591186684229,251.6441743503772
51,0,348.2624588622473,248.50575928537847
52,0,347.01623185300264,245.24267423796005
53,0,345.76339285714283,242.7886711502783
54,0,344.4135064619865,241.38219768217948
55,0,342.28477652834067,239.81637079741995
56,0,342.52683941318645,238.9687482434939
57,0,345.45317836289524,236.12250743637765
58,0,347.6754460492778,233.53186066270177
59,0,346.44929000059415,233.20604836313944
60,0,346.20532829360485,232.28122904346765
61,0,346.4060190703218,231.34970202622168
62,0,346.73690607734807,230.93099447513814
63,0,348.59172105805567,228.9471544715447
64,0,345.6576486502382,225.84908545550786
65,0,344.7998017261488,222.33840681128996
66,0,341.95804888791014,218.20832415767453
67,0,340.4762246644944,217.11912520019882
68,0,337.44893544347036,214.95679152909028
69,0,338.58134440216764,212.90816326530611
70,0,337.80322824130525,210.8944434767462
71,0,333.77246304600567,209.12052261529092
72,0,333.8097744777525,207.7406217099795
73,0,333.5030760626398,207.6362975391499
74,0,334.1008734372324,206.55757264371752
75,0,336.4556150361786,204.75786810988882
76,0,336.75654494860584,201.42364699869384
77,0,336.0576563084987,198.27020377600684
78,0,335.4244437064098,195.17059670098527
79,0,337.8360465116279,191.8289534883721
80,0,336.9781896854169,191.48169804701206
81,0,338.35289957567187,188.6952414629218
82,0,338.4222822258746,184.8395163183846
83,0,338.1047573568913,183.0520503790366
84,0,338.6867113445632,180.09859325001509
85,0,338.43554629353974,178.0629353974397
86,0,338.38730644236284,175.87580449882114
87,0,338.2187877741323,172.26167040810452
88,0,338.7249392561211,169.63341847859945
89,0,337.82222356641665,170.56079119283814
90,0,339.88009996875974,167.49259606373008
91,0,339.6835535006605,164.3407529722589
92,0,340.8510991565385,160.68300458258616
93,0,341.0834516805302,160.06160816933794
94,0,339.21780198565915,158.85700496414782
95,0,337.4824824172962,160.32697317009638
96,0,338.9033337542619,155.24409647682788
97,0,339.586580820061,150.5404947475432
98,0,339.13924734815214,145.203702452537
99,0,337.7443315665489,140.36182273262662
100,0,341.5145523217063,136.1438198918759
101,0,345.18477417352165,134.8641160949868
102,0,343.2177388656262,129.92143129044538
103,0,341.45390657296406,126.62976436544027
104,0,337.26209322779243,121.12800831534341
105,0,337.50858754165597,117.86772622404511
106,0,337.72842273819055,119.31232986389111
107,0,340.85385878489325,117.50712989369977
108,0,341.54955570745045,116.5240943267259
109,0,347.16227801592163,113.11888723646226
110,0,349.3345362684951,108.08787441356911
111,0,350.65452130183127,105.04279343391214
112,0,349.5692529512481,103.8762728665405
113,0,346.02222222222224,99.90746965452848
114,0,343.9238315594632,98.58010180472004
115,0,343.4629215667217,95.1407328214598
116,0,342.40546026590886,90.99797016137217
117,0,345.8047331418952,89.11139716803643
118,0,346.2032790084903,86.22025958817215
120,0,351.81783111873125,78.4704243463352
121,0,352.1339227949105,78.66853569117964
122,0,354.9058847864309,77.46861102492502
123,0,354.0929971988796,78.28347338935575
126,0,355.8591171617162,74.89511138613861
150,3,340.16118311731475,81.71119973413094
151,3,341.7282321899736,82.56770448548812
152,3,340.72463331324093,84.90164757886276
153,3,340.112814393244,92.08738755278135
154,3,338.453227504657,99.24904835182636
155,3,335.3051305891303,103.76333361507903
156,3,336.95995404562615,107.45593303791236
157,3,337.28510600549987,110.76740885301162
158,3,338.2354136675417,112.46642391396392
159,3,338.5425401745656,117.28411779101069
160,3,337.1295887498978,122.67418853732319
161,3,335.7386381631037,121.95296912114014
162,3,334.4834069967788,126.20518390890703
163,3,332.260166619599,133.02873482067213
164,3,332.07422280689605,137.84421519074985
165,3,330.4448504781046,144.62756562519033
166,3,328.2755151264558,147.98842257597684
167,3,331.3223326706428,151.04738237243208
168,3,331.69461850350166,154.55283204324854
169,3,330.06716513292434,157.71242331288343
170,3,329.03206472879833,160.46215163320346
171,3,327.77682058350564,165.76200321617276
172,3,326.9001657981999,170.84332070108954
173,3,326.5316985645933,173.0797946570973
174,3,324.2675464907019,178.05890821835632
175,3,322.65763639289736,180.42658655651522
176,3,321.54072503490715,187.54093189222735
177,3,321.3410381184104,192.7386745452439
178,3,322.30669171166943,201.60117398450342
179,3,322.0553884173203,209.5274524551413
180,3,324.349582898853,214.49723670490093
181,3,323.55301420422774,220.92825187339224
182,3,324.5972982415279,226.77757074647724
183,3,323.95440947708505,230.2274141438315
184,3,326.29863470686354,234.62630505961573
185,3,327.2033353186421,238.41185229303156
186,3,327.4361888576133,246.1717032237506
187,3,328.2810239637713,250.49537706774012
188,3,325.5653753026634,254.7221549636804
189,3,323.72921584891213,257.70312001531295
190,3,322.31698795932374,259.42965874352734
191,3,323.21676226896113,261.44397705544935
192,3,326.19984245288737,266.17027207174453
193,3,326.70887193391764,268.89406646068477
194,3,328.65196046767005,270.6242490795168
195,3,327.01106452364314,272.0927090612625
196,3,326.4526260226973,277.7536949063077
197,3,327.21387283236993,278.91723903434206
198,3,327.0757122414466,281.69864706647587
199,3,328.05201474848565,282.7183961021859
200,3,326.82839394331563,281.5171476640352
201,3,327.4425880733371,287.4763781991114
202,3,331.0325437831309,290.69569885258
203,3,332.707671179125,296.2880125564057
204,3,331.7735920135619,301.9627048408363
205,3,332.13943709732115,308.5521193624958
206,3,332.7721917808219,311.01493150684934
207,3,334.62729095074457,313.56808419243987
208,3,336.2644724237033,316.578623237991
209,3,337.29404855129206,321.77179587575046
210,3,338.01650342144103,330.40037568764257
211,3,340.82055070517123,336.6611820013432
212,3,343.7366309281063,343.5993553903835
213,3,343.3519569120287,348.9300538599641
214,3,344.0418197230856,353.21347838372424
215,3,346.4666758091059,354.5589687328579
216,3,350.8935308998916,354.9582219009758
217,3,349.0051824212272,359.06018518518516
218,3,348.09491099785805,362.7665263313391
219,3,349.0152201351251,365.5407973865914
220,3,350.67844159407366,371.428355854311
221,3,353.5750449370881,376.03609946075494
222,3,356.87863416111446,380.47849788007267
223,3,358.053737021479,387.0101450424031
224,3,359.8389710181241,389.1483337509396
225,3,362.47547773014605,386.93765894063796
226,3,363.91219663008195,384.47294790539496
227,3,364.8965893163059,383.1453044697088
228,3,363.77581662806483,380.31067806085775
229,3,365.47195445920306,380.42056925996206
230,3,366.8328598484849,378.8063446969697
231,3,363.8488446046216,376.47940074906364
232,3,362.7495585638611,372.422160094173
233,3,361.2049703264095,375.2338278931751
234,3,363.0689380787037,375.46245659722223
235,3,365.05208794451823,376.0653681570016
236,3,362.8917472118959,376.3556133828996
237,3,360.42774992627545,375.62253022707165
238,3,359.9107063197026,374.0595539033457
239,3,360.9606802819972,372.84199433098337
240,3,360.1382516119358,374.0814964762333
241,3,360.35879924953093,372.24577861163226
242,3,362.88948425987945,372.0593882563072
243,3,361.5985467756585,371.5853012412958
244,3,362.18832138590204,371.0794504181601
245,3,363.5847557386698,371.36727486756917
246,3,365.5883364485981,372.2376074766355
247,3,365.8592643363034,370.333181022009
248,3,363.81213321596243,368.08348004694835
249,3,362.04287856071966,367.4372563718141
250,3,361.7704816371529,364.5560531936884
251,3,364.175285944846,364.46396744088133
252,3,364.01126654064274,367.8175425330813
253,3,364.395831793659,364.01758923952406
254,3,364.76636469900643,362.0686732904734
255,3,365.78707700877317,358.36533908926333
256,3,365.5189967550027,354.59464575446185
257,3,365.3990431968482,352.07893626002533
258,3,366.18033484676505,350.498510215664
259,3,369.1233669938564,348.8707012216651
260,3,369.855949197861,346.3425802139037
261,3,371.62583658672617,343.9192693809258
262,3,372.6234888903897,339.02741946376716
263,3,373.3502360911517,336.82584000547456
264,3,370.626869537067,336.06500485594046
265,3,367.58960476448294,335.45005414185164
266,3,366.5705128205128,333.81727464974887
267,3,367.7990374609781,331.0952133194589
268,3,365.4009133594906,326.5478227310735
269,3,368.27390718746176,321.54089628994734
270,3,369.47102067607483,317.75661306202824
271,3,371.2381547775731,315.76000263227166
272,3,372.51191427050054,314.8586927582535
273,3,373.4185083713851,310.39902587519026
274,3,372.7838256072125,307.14667294624235
275,3,373.7558571245679,306.2752528485469
276,3,376.93711314681855,304.8377073533053
277,3,376.0874251497006,303.00431137724553
278,3,374.9745081915365,298.56284394964894
279,3,373.82938300637414,296.53864719351446
280,3,376.2144520677283,294.8725372946434
281,3,376.6136904017019,289.6498560880991
282,3,374.9283564118001,283.9966285370259
283,3,371.9372449610486,279.5638679361939
284,3,376.0222623733626,277.02490804671874
285,3,377.1705671124319,272.83878157503716
286,3,377.3535098249826,269.1342642320086
287,3,377.99843116747286,270.55517061053735
288,3,379.56335627249194,268.2181955931561
289,3,381.5844931680966,265.59078487448363
290,3,384.0531563655573,264.70978605388274
291,3,386.65430919166823,263.9780877762915
292,3,389.77128859666084,265.4425320698769
293,3,392.036487236404,265.59399278579355
294,3,394.2828380335103,266.2938012824933
295,3,394.96191595244676,265.5575753386785
296,3,396.29735829018983,262.6638125580778
297,3,392.42141863699584,259.27154116166633
298,3,391.9699490552654,256.79473786032116
299,3,392.97561310709625,253.1314831352614
300,3,394.50814271506715,251.8479612133267
301,3,396.5424683247302,251.20841992357714
302,3,397.3752198691339,253.9613030324351
303,3,397.28799672265467,253.4150621330056
304,3,398.73553777526024,252.42349359201302
305,3,400.89924670433146,253.81696363899755
306,3,399.01798390913393,253.96491109458455
307,3,400.4915844457342,253.9729396401625
308,3,399.6572953736655,252.12
309,3,402.07560260353335,250.62627852084972
310,3,400.50783194261453,248.8153271848924
311,3,398.68834591822196,247.89556916939736
312,3,400.19171869865266,246.45902070325337
313,3,403.50764087870107,241.9835584663665
314,3,405.2717289213207,237.48385232280904
315,3,406.293919928294,236.23020615476545
316,3,406.17206358551664,234.4232410950839
317,3,406.3382986767486,233.3444990548204
318,3,405.0938194753224,231.64821402104639
319,3,403.15153288944174,228.2730665105729
320,3,406.3423113518261,227.34011564078168
321,3,407.57800934243625,227.50370104204097
322,3,403.8371099688699,225.94490697169334
323,3,402.02467184385955,224.1085148787025
324,3,401.5337837837838,221.709009009009
325,3,402.4829679083529,219.6780972612093
326,3,402.92575145805296,218.54830267683565
327,3,406.9053597650514,217.5571953010279
328,3,408.73285172734427,221.17738359201775
329,3,408.04880604835694,222.2542855004117
330,3,409.0332977750686,220.20534897896982
331,3,408.2219232838804,216.94872780382812
332,3,407.449600945906,215.97413538279633
333,3,405.9336156056253,217.53190685014366
334,3,403.56127249645283,213.68478829064296
335,3,402.5112517580872,210.782841068917
336,3,403.9487495190458,208.61862254713353
337,3,404.579340484704,206.75431068732618
338,3,408.35447090980085,206.74174150722374
339,3,410.579809898394,201.13995411340545
340,3,410.17794105227597,199.94054556203022
341,3,411.0338391625416,202.3694717195488
342,3,410.2193642319825,203.11680012941844
343,3,406.4075130765573,202.77167538437152
344,3,404.76659673310354,203.554098606324
345,3,402.31452142804994,203.62035482222385
346,3,402.86172168491726,201.14203500919191
347,3,401.0638661710037,199.8725650557621
348,3,400.48597371917907,199.30023623209803
349,3,401.8868624420402,199.2760432766615
350,3,402.5663425345044,200.2466279799247
351,3,405.68291392730293,197.32592760522934
352,3,404.6931745524297,194.28564578005114
353,3,404.40112948109345,192.0184154526109
354,3,405.21162556618015,191.14762623720853
355,3,405.22910140148394,190.36834295136026
356,3,405.89409643983777,185.40258374643233
357,3,404.75720029539673,182.97201936489702
358,3,403.29973163368,181.11422341496143
359,3,399.696287279367,179.15200852099818
360,3,399.16420622302974,178.12885154061624
361,3,399.81174168297457,180.59365949119373
362,3,400.8907117008444,182.6259750703659
363,3,401.8043843507481,181.01912152972238
364,3,404.62274573517465,181.88740861088547
365,3,404.3394607843137,182.70661764705883
366,3,402.7944015444015,180.49694337194336
367,3,402.37799199411813,179.0117637447921
368,3,404.5467158553212,179.49137861897506
369,3,405.8855134320864,181.25014645577036
370,3,403.9704943557805,181.24398598676527
371,3,401.36161616161615,179.8196127946128
372,3,399.01873782041673,179.41770349272971
373,3,398.74217573884795,180.49282941129863
374,3,399.50623574144487,178.4361216730038
375,3,400.02759415833975,181.28547271329745
376,3,398.91241676459066,179.6954954954955
377,3,399.79426563373534,178.469371455954
378,3,399.73777263714476,177.69266358228685
379,3,402.6222974088133,176.8888430434065
380,3,402.2209603340292,178.36133611691022
381,3,402.73236272878535,177.2345257903494
382,3,402.5012093313568,174.84676601388782
383,3,401.2829501295337,170.82504857512953
384,3,400.6829982908765,172.7438756409213
385,3,401.00687095245615,175.8899857842363
386,3,399.21983808850115,177.628546726401
387,3,397.3093549476528,176.8433806146572
388,3,399.43029208069856,173.75376392652817
389,3,399.6107818007049,174.53892983018264
390,3,398.07658259562385,172.53424085518623
391,3,397.1466759243187,172.8151362610658
392,3,397.5184322544374,169.78620191149307
393,3,398.86476220621984,164.7993194587323
394,3,399.4490341497068,159.33140738185583
395,3,398.82405492596575,159.22954752254114
396,3,398.4640006651147,162.32873295643498
397,3,396.85371598046055,163.75924633635728
398,3,396.4515935057126,167.32136414397388
399,3,395.52269918431244,167.87797643569252
400,3,397.49910218041896,168.2577169730654
401,3,399.07267111038857,170.14233457974314
402,3,399.91292066822695,167.82293600193688
403,3,398.76248860906304,166.96363184491756
404,3,397.8696806304438,168.0714226462049
405,3,394.41564733915806,166.55266084193804
406,3,394.1015789918095,166.66224774128176
407,3,395.97101217168483,166.1249199231262
408,3,395.44157894736844,162.59938596491227
409,3,395.9045458436778,163.44987586679224
410,3,395.5571093546426,164.2974029358117
411,3,396.431016775077,162.40611092091748
412,3,397.04920180106427,160.4501841997544
413,3,391.57313386559184,159.0427873808232
414,3,388.21159912642565,160.8887810402006
415,3,386.6746768312894,161.3328637719589
416,3,386.6043102066976,164.42981893927256
417,3,383.6963746223565,164.42440562196242
418,3,380.6133756407127,163.88398014807584
419,3,377.3529327815042,165.03539317825033
420,3,376.0976713628732,164.5874881378203
421,3,375.8918340224454,165.58800945067927
422,3,374.6262356001486,164.83463396506875
423,3,372.3590550029257,165.61263897015797
424,3,370.5921787709497,161.88238753307851
425,3,367.56811777965623,160.42511975204283
426,3,367.7792786797977,161.49807026883153
427,3,365.88093560659433,164.66499929547697
428,3,364.1352900552486,164.87078729281768
429,3,362.29584775086505,168.51806228373704
430,3,363.1646130150173,170.8188294185599
431,3,359.38370565045994,175.18964281447856
432,3,362.4119770515052,177.3196029136853
433,3,363.3427352779307,175.4221931755641
434,3,362.1353122337986,178.0824323438831
435,3,360.44330214232946,180.50461708938684
436,3,358.0520636468939,180.64701578979455
437,3,356.22095350206,181.105238375515
438,3,352.86200615539224,181.00847936687393
439,3,352.7207313294081,180.49693213511
440,3,352.0680625113136,179.58070355397334
441,3,349.4930255524009,180.14979632144178
442,3,351.30375896700144,178.35632711621233
443,3,349.00447154471544,179.07288037166086
444,3,348.51358662240256,180.82915283413254
445,3,347.42880451835583,182.37721995607154
446,3,348.58079876197843,183.23945003273616
447,3,349.7934286400769,182.50258289283997
448,3,349.96615458473354,184.99573931829093
449,3,350.5884659894561,185.73974540311173
450,3,351.7852503079852,187.16726397132936
451,3,351.3232011099199,191.63252822097496
452,3,352.33317304802546,192.84973252389253
453,3,350.5165291744445,192.19967483591256
454,3,348.92158877939664,193.45372105676802
455,3,349.16928293356773,194.39275398719076
456,3,347.9702528507685,196.38355230540407
457,3,347.0956724116241,196.71222795320165
458,3,346.2429855789537,197.00036203463463
459,3,346.7294602340578,196.70288989730116
460,3,343.65055810052263,197.06768178592168
461,3,343.321608040201,195.19578662543486
462,3,339.38158416964336,195.39728978851278
463,3,338.22892206029854,195.49182842645584
464,3,337.1908736444499,198.42366272694042
465,3,338.12682652678905,198.80004995628826
466,3,336.2013118338344,199.89330418147034
467,3,333.7202429622708,201.3442938909006
468,3,333.28825824314123,199.09451296249685
469,3,333.790794466887,199.26196596890685
470,3,330.92980205278593,199.39968230694038
471,3,327.1742926331889,197.33934488911547
472,3,326.1488959375381,197.87355129925584
473,3,327.2772989436848,200.49445920549545
474,3,330.895012187147,200.9705724986624
475,3,334.09262281244725,201.56322097799787
476,3,335.3384078464408,203.59413923822132
477,3,337.24908839431663,204.45963787250093
478,3,339.42824059183016,205.2728208427147
479,3,342.29860706187236,204.7949465500486
480,3,339.78491720662345,206.19696424286056
481,3,337.4819284526815,207.7152884674589
482,3,334.51824041048746,207.1748951880358
483,3,333.23817201312056,209.78056374047924
484,3,332.22812440855466,212.90164658381175
485,3,334.408307258114,215.29259463770782
486,3,335.55847136919164,217.52360568273465
487,3,338.4738081954002,217.6719360238051
488,3,335.50053995680344,222.19960403167747
489,3,333.7056277056277,222.8300556586271
490,3,333.16992114156966,220.56233571160345
491,3,331.7633280468464,219.59271684762717
492,3,331.4059985840252,219.73868829246317
493,3,333.0530498836909,220.75458774877228
494,3,334.7233476171926,220.57356187508117
495,3,333.72614937306923,219.77073111636076
496,3,333.48619237069977,220.02059443014275
497,3,333.8099153419819,218.66258602838175
498,3,334.87268090532353,218.50392094357667
499,3,333.2757971593178,220.37687524955794
500,3,330.85494710640944,222.84598630989422
501,3,331.79375157153635,221.7036082474227
502,3,333.9149383829276,225.56176735798016
503,3,331.56770895971135,226.3269993986771
504,3,330.4877738772546,227.8286527054836
505,3,326.9091420358683,228.86177591701556
506,3,327.1572094210762,229.37914086934322
507,3,328.09151357279956,231.96380586783658
508,3,327.3827002872646,232.91803383338652
509,3,325.65191095097157,232.733689357869
510,3,324.61352203367096,232.24314172647394
511,3,323.0195254237288,230.86786440677966
512,3,319.04982492394237,230.35445726422134
513,3,315.7290071545124,231.68275385967115
514,3,313.8869320413775,233.11490113919078
515,3,311.73967417021566,235.65267356181977
516,3,310.5101699637782,236.63220952911675
517,3,311.13332371401776,237.106269388933
518,3,311.77866487755784,236.91378731969138
519,3,311.58963372494816,235.67083621285417
520,3,312.0076648961205,236.8929603980367
521,3,312.0060880741392,241.10593249002233
522,3,312.26475380800565,242.57825008855826
523,3,311.2957767386625,242.08943813553032
524,3,310.7934964070552,242.84299920156784
525,3,307.79670247687255,241.83795881826322
526,3,307.19661482730623,241.14371369683343
527,3,304.75560244470313,244.68895518044238
528,3,307.69548928517906,245.86490334182525
529,3,309.2137032238397,245.18314152884687
530,3,310.3919340309057,243.82731619430393
531,3,309.85697800705947,240.81468911213685
532,3,312.0144119646499,240.9231135282121
533,3,314.43215017064847,243.7972013651877
534,3,317.1646852709298,242.19703416343387
535,3,317.7144761396961,241.5958411090376
536,3,319.2970619516086,240.63088274395108
537,3,320.89125545707105,240.92928958856993
538,3,321.64167154852566,242.67460782399272
539,3,321.07745030843046,244.20836189170666
540,3,319.63936724068884,246.04291816846882
541,3,319.2638520678685,245.54579798515377
542,3,316.4020501138952,245.83244003751844
543,3,314.0984538126074,245.67391304347825
544,3,314.3751449423641,248.0867607939431
545,3,312.86411565753696,247.80383314543406
546,3,311.9905301721158,246.22015621759869
547,3,308.7872396519905,246.8347614025837
548,3,306.9387383602885,248.78134845620667
549,3,307.2621198538032,248.79953106682296
550,3,307.71225600849823,252.54687292524233
551,3,309.31017946668607,255.46210855191455
552,3,310.1912868931678,256.01271280945656
553,3,309.75356125356126,259.99467686309794
554,3,310.7531217863964,260.27692081680624
555,3,311.4946541103165,258.95440062309706
556,3,312.5364024121194,254.76687748198265
557,3,313.3572950703225,252.2976275039068
558,3,314.0055629728527,250.9821984868714
559,3,313.3517811263107,252.34705923199778
560,3,313.7960137256334,255.22377162882384
561,3,313.7223934073809,257.2898602651379
562,3,312.5431318874149,255.51912683371938
563,3,311.34479174400474,256.7931546514218
564,3,310.15196770938445,257.2684830137908
565,3,305.53862691701306,259.1775834886054
566,3,307.2133921469376,260.67604309783786
567,3,303.5889163430992,262.88436286621953
568,3,302.500341504136,264.1738635501252
569,3,302.59688058265766,267.0616325408822
570,3,304.04775302852676,271.90824540836263
571,3,305.2743276649936,277.19394711214323
572,3,304.4677664423703,280.87113812314595
573,3,302.0457577898124,280.901891531277
574,3,305.21669317579335,279.49852306294025
575,3,306.5134984025559,280.8455271565495
576,3,304.6366039247097,283.2531037244694
577,3,303.8996817820207,283.1601431980907
578,3,301.05071584566855,285.25487341260214
579,3,300.71372356123953,287.47434005574684
580,3,301.7367540858989,286.00098821740784
581,3,305.61666930504987,285.4574956466677
582,3,307.4502140030687,283.90212387951226
583,3,305.55093844133773,286.30902911871476
584,3,306.455055729292,287.3083152914762
585,3,307.7460737179487,285.2778846153846
586,3,306.2705747877204,285.7304049640758
587,3,303.4695867396685,285.01350033750845
588,3,300.50535232961107,286.22911051212935
589,3,300.8684730231456,286.7991942491508
590,3,302.4188123591889,289.6028323141294
591,3,300.15717446529544,291.24239940998115
592,3,300.1937776373974,293.90808591282376
593,3,300.2855912968615,294.48939500665256
594,3,303.31582511851906,298.529761456844
595,3,305.83684210526314,300.32662090007625
596,3,306.25893635571055,299.9953237695173
597,3,306.4449931190804,299.85210070428235
598,3,307.66345723242273,302.1139722346619
599,3,307.98412320393743,307.75922838771135
600,3,311.8569224836097,307.12263787119167
601,3,311.0944733469049,308.07290959813014
602,3,308.18790334684076,310.66914302866576
603,3,306.7890650809382,313.5317145688801
604,3,304.50505129002175,314.6677805408766
605,3,301.1006658832746,315.8744222483353
606,3,299.3706085698207,317.114076694268
607,3,301.5777098718275,316.9318394024276
608,3,301.07904490992155,315.74191880010346
609,3,302.23385986229243,315.85475901174567
610,3,303.3047203362431,315.94827028774654
611,3,302.2370444410272,315.8660618176226
612,3,302.6191178754465,317.76766578661284
613,3,302.06723844971276,320.32915284408125
614,3,301.58862640801,317.4048811013767
615,3,299.854825428195,315.5102931488801
616,3,298.4482992620239,313.20069556366104
617,3,297.16518082422203,312.88124474348194
618,3,298.17645102278397,308.11965740894726
619,3,300.3313675213675,307.7234188034188
620,3,301.5169078061911,305.9173956931359
621,3,300.6740066628748,305.91460144633135
622,3,302.4298306657388,307.3038738111807
623,3,302.39735470941883,306.7815631262525
624,3,300.93949173053653,308.8626058894716
625,3,297.84679251194484,309.7614161510143
626,3,294.07147535614865,309.2607663337154
627,3,293.54539374686505,309.9098812907541
628,3,293.8755491652688,308.5792794951673
629,3,292.9417199715707,310.3526810392482
630,3,292.0860963836354,311.8709345572525
631,3,290.6682235592147,310.5405319822673
632,3,290.0564431955038,309.7079887595343
633,3,291.97332590174375,311.1523210446692
634,3,293.32936507936506,311.69223137973137
635,3,292.28782920367775,310.7872837774661
636,3,290.75019564877135,311.8545938331507
637,3,288.7016919671094,312.5314674256799
638,3,287.64764193451487,318.2399369179934
639,3,285.8380754475703,322.6442615089514
640,3,284.4365607923497,323.06360997267757
641,3,282.6742924528302,321.9842767295597
642,3,282.2667489711934,321.2106172839506
643,3,282.7848396971162,324.95754792975674
644,3,282.1522105432079,324.6026638850999
645,3,280.5163288288288,325.3158783783784
646,3,279.6608674737433,323.69429968732464
647,3,282.6916188830414,324.26109496504597
648,3,283.59255599472993,325.4479578392622
649,3,282.94784158095086,329.8838584271483
650,3,282.95944122549406,329.8094293197873
651,3,284.01574189526184,329.56982543640896
652,3,283.57965343767466,331.33402539327636
653,3,283.72720539828833,331.4192725477288
654,3,281.6259406442885,326.8966770947831
655,3,278.4136412727424,325.0324831768713
656,3,275.9678611325943,326.02156913293805
657,3,277.922110757687,325.81983524997963
658,3,280.0011013215859,327.5095730260928
659,3,282.18064784053155,327.64468438538205
660,3,283.6953907815631,329.5864529058116
661,3,284.74717594473793,332.45290532303943
662,3,287.91191502954797,333.5023159239738
663,3,284.7563301031572,333.5625976867771
664,3,283.1857379767828,331.1428689883914
665,3,282.2542603408273,331.19921593727497
666,3,281.1387388884273,329.059898645842
667,3,279.3392486149584,328.5058864265928
668,3,279.97618045619055,327.6512078107903
669,3,281.2695443233502,325.54089075774476
670,3,281.2624786949111,326.9469198928658
671,3,281.04202677512285,329.3304524656838
672,3,280.99950839819746,329.27152806226957
673,3,281.86486486486484,329.860970480567
674,3,281.06277805239745,330.1590871642775
675,3,280.65398075240597,331.9366579177603
676,3,278.7248278123975,333.65718268284684
677,3,280.13804799457307,333.5209022301365
678,3,282.1229875518672,335.3573443983403
679,3,281.2931449937682,334.7008724553386
680,3,277.0753511058784,334.3523673366412
681,3,276.86955040871936,332.4256641689373
682,3,276.2541538461538,331.04483516483515
683,3,276.81679582210245,331.60908018867923
684,3,276.8206707734428,335.04893908281997
685,3,276.2028073160357,332.7010633772863
686,3,275.2916078691791,331.61924130488916
687,3,273.97626726205243,331.915488299016
688,3,271.7469414566056,330.0299696198374
689,3,272.51217121385395,330.54411043947067
690,3,272.4727478852359,329.6005930060173
691,3,269.98818242343543,327.7159620505992
692,3,267.5551401869159,327.73976210705183
693,3,269.539837398374,328.57894736842104
694,3,270.5620948924034,329.1891798461671
695,3,273.57567567567565,331.82353966870096
696,3,272.4357589783149,332.007456929802
697,3,270.09673047602917,329.1588175503981
698,3,270.7816597580577,326.44547838592337
699,3,269.66637931034484,327.07706896551724
700,3,269.4059613038173,330.6256754401255
701,3,269.16812284882184,332.20695437295916
702,3,268.60058360597753,331.82085064992486
703,3,265.9072247400693,333.85115080423
704,3,267.4175006415191,334.10495252758534
705,3,268.43074594979527,333.9528217909916
706,3,270.4460131415379,333.50150950097674
707,3,272.8960843373494,331.48343373493975
708,3,273.9569381841597,330.20259175788794
709,3,269.89404873079206,330.97020120553526
710,3,270.23617741515494,329.30431386164395
711,3,268.98823735955057,325.869294241573
712,3,267.1693989071038,324.8491629803105
713,3,263.6716297425778,325.47179119203514
714,3,266.91653584510726,325.0627071341357
715,3,267.09082389026156,323.935077106586
716,3,264.79382988100485,320.61507271925956
717,3,263.97682632667124,319.4325465196416
718,3,262.7907618062737,321.7179420889349
719,3,261.80668158832793,321.183950924314
720,3,259.92251318259,320.7787112342479
721,3,261.59340371695316,316.71145624291074
722,3,259.02650602409636,316.12151462994836
723,3,255.8541996830428,313.76166578622997
724,3,257.87775585485116,312.50090074633266
725,3,255.79254629982472,314.050377257831
726,3,253.0050834533593,315.15978988392783
727,3,253.19348145586582,316.25235583988933
728,3,254.48234098416194,318.1464385534005
729,3,250.44285836396273,318.30429951277887
730,3,248.54187411095305,314.7700924608819
731,3,251.62474367737525,311.9902597402597
732,3,254.21158091356767,312.9058413992189
733,3,253.923291869479,313.00955471425993
734,3,252.92710489993098,311.68064182194615
735,3,250.12950921884743,312.422196490603
736,3,248.4514046731521,310.6879716337849
737,3,248.25086344874063,310.7696908432314
738,3,250.13130169786677,310.0092294296909
739,3,249.20514108682912,309.78330402746377
740,3,248.2402035169151,309.44773721324646
741,3,249.74793174767322,309.70708376421925
742,3,246.75882831570382,310.50585842148087
743,3,244.14830913674695,313.89046335738504
744,3,245.69234782608694,313.9221739130435
745,3,245.68649825783973,315.44416376306623
746,3,247.35003402517864,314.16527730520585
747,3,248.74959290754478,313.5762619866112
748,3,248.77700445434297,310.9264105419451
749,3,249.78693083072645,308.9973062217588
750,3,251.72344620660095,308.28615516502356
751,3,254.48564593301435,307.7477785372522
752,3,254.04736340808728,306.26296649060527
753,3,251.02299645543357,303.78127431486126
754,3,249.22706538266598,301.97617840851495
755,3,248.59116365899192,303.1007200640057
756,3,245.991072202479,303.6068301984918
757,3,246.86745749308028,298.73871095294584
758,3,247.07675,295.50916666666666
759,3,247.17961122350252,294.80939396604805
760,3,247.1864889033412,295.9877245752378
761,3,249.91091125063636,297.28593246224335
762,3,250.8934713784547,297.5302472833062
763,3,251.3513424204874,297.8581577860388
764,3,248.79623096119096,297.62103089235006
765,3,249.2843483504178,298.8303902144888
766,3,249.51175072616846,299.83460962943406
767,3,250.02886902321004,298.49315180841467
768,3,250.66442299176336,297.60552652555134
769,3,250.59322616693888,299.30508037479586
770,3,250.74535491052316,300.00582241630275
771,3,251.6885439514088,300.28091783364266
772,3,247.91625485351219,300.3213907518532
773,3,245.66478176356247,299.65347234493726
774,3,245.2483042635659,298.7676033591731
775,3,249.1443415014287,296.45536410078796
776,3,251.47633744855966,295.72993827160496
777,3,251.57625166149757,296.34523704031903
778,3,253.89814502529512,295.02959527824623
779,3,255.88272045697965,293.9059264548376
780,3,257.2184354582377,292.831538054035
781,3,255.36499674690955,291.7423552374756
782,3,259.0036150913632,289.26653082687
783,3,258.11148197596793,287.1217456608812
784,3,259.831773495871,286.2777034998034
785,3,260.60207730291165,285.10412055167717
786,3,260.42045939714797,286.92306378618395
787,3,259.63731279418056,287.00650406504064
788,3,259.0730747150004,282.5440826703846
789,3,260.64026261937244,281.7256139154161
790,3,260.75111441307575,282.4446095426779
791,3,259.60318386397734,281.76354392398736
792,3,256.0409649122807,280.5778947368421
793,3,256.46824854899285,281.6811198361215
794,3,260.5719240297275,284.0447563996697
795,3,258.97554763117677,283.0565461029037
796,3,258.4638698630137,282.50453767123287
797,3,259.39210247205676,282.4682222403525
798,3,259.1796116504854,282.07835121785047
799,3,258.2087845968712,283.146982980918
800,3,256.5276319302305,284.37278633087124
801,3,255.10923089939928,285.16786530163296
802,3,256.7086891451712,287.96540188396864
803,3,255.27624309392266,287.80069266925045
804,3,252.68686955772048,286.6555737563583
805,3,253.7576052352317,285.02520339582594
806,3,254.29527592326545,287.70421702019775
807,3,254.5349164467898,287.2024626209323
808,3,255.30779944289694,286.2775069637883
809,3,252.5317945442934,286.5929203539823
810,3,253.2390173163866,287.4297534760727
811,3,253.62954954954955,286.5954054054054
812,3,255.604329004329,283.58337662337664
813,3,255.93586655962895,280.62938185710465
814,3,258.7026387009472,280.9030784844384
815,3,259.0612029831388,281.22324902723733
816,3,259.6270174848689,282.41417283120376
817,3,258.51286493979035,282.345490773629
818,3,257.1786907964457,282.32836064237387
819,3,258.37389638514077,278.9612693653173
820,3,259.9099636950383,279.52029043969344
821,3,262.4059647466163,280.738825936418
822,3,263.5027727876279,279.11801921424666
823,3,262.0478981745101,280.54948919778934
824,3,262.7310658332657,282.1693319262927
825,3,264.4243693957932,282.7957764183357
826,3,264.7436139207955,284.4678553060175
827,3,265.5685644921294,284.25420941342315
828,3,265.5115207373272,283.4590373783922
829,3,262.9989346008851,283.01573512538926
830,3,263.1604737952296,282.57179944832063
831,3,264.6777787014714,279.45398620001663
832,3,266.77486910994764,277.9138505473584
833,3,266.26130734876165,277.20901339829476
834,3,265.73596176821985,277.22923138191953
835,3,265.6581567526168,279.1023742660199
836,3,265.2599108228618,279.62034860154034
837,3,262.83646456020494,276.86387702818104
838,3,263.89005104175385,273.45510835913313
839,3,264.67019386106625,272.50266558966075
840,3,265.1961144867285,271.79437160217464
841,3,262.89763963542885,270.1871153696346
842,3,260.6609195402299,268.87691570881225
843,3,260.2863860804138,269.64331060427935
844,3,259.78379697413374,264.8160078086872
845,3,257.93782249742003,263.50085999312006
846,3,259.64029675907847,260.56329558766106
847,3,260.8675115207373,259.90931533903887
848,3,260.62545091718476,263.04413232020875
849,3,260.08388704318935,267.0816445182724
850,3,260.4084045697851,266.0154989214668
851,3,258.94953100356935,264.408732464514
852,3,260.40543486724283,263.7386903371486
853,3,264.42801317906674,262.20044441039
854,3,265.0150579150579,261.03359073359076
855,3,263.8797323888233,262.18583234946874
856,3,262.328586041388,264.4394523565977
857,3,259.64626841508823,266.3412659867249
858,3,259.6951209837366,266.09607298691
859,3,260.23476331360945,262.80288461538464
860,3,262.77876774388403,258.3246753246753
861,3,266.6933229207341,255.86528699726668
862,3,266.0741201149872,256.1703830316215
863,3,267.7416525619326,257.47268810586246
864,3,267.7476868613726,258.2828063400113
865,3,268.0243299606086,257.55935738008804
866,3,268.03805104408355,256.2044856921887
867,3,270.37232375979113,255.2521447221186
868,3,273.3440711765608,257.4822058597944
869,3,271.4187213302752,257.04909690366975
870,3,265.0067608173077,259.2014723557692
871,3,261.9316003373974,257.817958745495
872,3,261.446584211837,256.43238980659083
873,3,264.0860836282227,254.20249873618835
874,3,266.7867594716444,255.6041287669066
875,3,268.3474811582705,254.819357397858
876,3,268.2561739506084,252.13478292173662
877,3,269.1897943640518,247.7018278750952
878,3,269.7304678755317,246.5716737556899
879,3,267.2031669729959,243.31726283048212
880,3,265.88956515362617,239.58795922856933
881,3,267.47403539309545,238.43400058021467
882,3,267.72102793921994,239.06021987255795
883,3,263.94193400899184,239.4998856968681
884,3,261.82798921186696,240.9342972729997
885,3,260.85337957497046,241.16691263282172
886,3,259.1132686084142,242.17113576822314
887,3,260.7391617456431,240.4609678813193
888,3,261.56550632911393,240.81313291139242
889,3,260.4602834163156,243.097127537342
890,3,259.90331664580725,245.61968085106383
891,3,259.23050563508986,247.74131891562595
892,3,257.11479211528905,249.41866821268843
893,3,258.90587653506964,251.01376411439875
894,3,255.47606737171955,250.57814336075205
895,3,249.81524447881756,251.1679986250752
896,3,247.14540502547882,253.20857494289228
897,3,245.43527305282007,253.94771709937334
898,3,247.0878339260607,251.91605326275743
899,3,247.15209549982825,249.40432840948128
900,3,246.92739726027398,251.65693493150684
901,3,248.82430756510956,252.03207937164117
902,3,250.81255533199194,249.71758551307846
903,3,250.89499339061467,248.58418704560475
904,3,250.68417569691456,248.836711059641
905,3,254.18426484598285,245.97419815814544
906,3,255.76199276199276,246.75182875182875
907,3,254.85897435897436,246.4292467948718
908,3,254.73040418916707,247.65791196203568
909,3,256.23556414592895,248.49891278086494
910,3,259.3466509988249,248.5039561300431
911,3,261.24238801211544,247.8747808066316
912,3,264.55211803902904,249.24258289703315
913,3,263.66741747572814,250.3280776699029
914,3,262.1413981474151,249.96556092154225
915,3,262.1519798766634,251.51225251541706
916,3,258.48039616927235,251.64475730539414
917,3,254.74300111982083,250.2166053431451
918,3,250.16328662198626,249.86012707807467
919,3,250.45429386112042,250.75738007380073
920,3,249.49720024886676,254.44627144253843
921,3,250.59046052631578,253.53848684210527
922,3,248.56832087015636,249.30956832087017
923,3,248.44819175777965,247.9169890664424
924,3,243.74440527912125,245.4626608738421
925,3,241.51751393626756,245.95873200765453
926,3,240.75763852925945,243.61194545140688
927,3,243.2544653780279,243.95954652964684
928,3,240.0697012802276,243.20860179064513
929,3,235.6962213107601,240.90679814992583
930,3,236.22688939344795,242.7231592604606
931,3,237.11096381784154,238.71826263256395
932,3,235.63045511221947,235.83424251870323
933,3,234.17969606767977,235.12321792260693
934,3,235.53812938545764,235.94687331328552
935,3,236.97454892181312,231.9444770426874
936,3,241.13187641296156,231.55644310474756
937,3,242.9157424744347,232.55552354889818
938,3,242.09366831251816,232.94590473424338
939,3,240.16035915701988,233.78769664588899
940,3,241.47363622549764,235.32251937395532
941,3,244.57802197802198,234.59868131868132
942,3,245.3981656718591,234.4027514922114
943,3,244.8580069336874,235.7421996016818
944,3,245.8861938918879,236.16231605413
945,3,244.87472414300427,236.75834927173753
946,3,245.25773983062612,233.02151881160628
947,3,246.16136228435454,234.64403628792385
948,3,245.27690019125876,235.86980236594178
949,3,245.78284803708533,237.11886136462408
950,3,246.3217397131752,235.93827905106554
951,3,246.55648448835763,233.07254888412908
952,3,246.69323951835196,232.42855070361236
953,3,245.6878134934652,232.10116566584247
954,3,246.2037990284927,233.2631769738273
955,3,247.29828173814258,231.53926441351888
956,3,247.67641254294276,232.00716321906293
957,3,246.67634974410726,232.1528869026166
958,3,244.74103393680733,230.87278860053692
959,3,246.17201851192596,229.52830188679246
960,3,245.4329471397538,229.5275887038378
961,3,244.11038385491239,230.2897661416786
962,3,243.87116729424423,231.00490855298548
963,3,243.40742062076347,231.06250445950766
964,3,243.74599637933434,228.68792647263612
965,3,243.35458798128823,226.79697732997482
966,3,243.8062148442859,225.651735491837
967,3,243.3032218176822,227.87998900872432
968,3,241.9580243358053,227.77147382820937
969,3,239.84446421239906,227.95695908033392
970,3,238.3849643551523,226.57363001368185
971,3,238.0292027899094,223.93722703865458
972,3,237.59234782608695,221.62525217391305
973,3,239.1447323208027,220.97505326094426
974,3,239.84638168966677,220.9549646583642
975,3,238.93597142071997,221.32529541082715
976,3,240.77274246373906,222.4066573090034
977,3,241.36216750158752,224.52233119311367
978,3,238.2178137651822,225.8825910931174
979,3,237.48372708899575,226.56526587218622
980,3,238.76505288852726,225.96026579875237
981,3,237.13552129014005,227.01860234828123
982,3,242.43561251619062,226.123593973686
983,3,245.1224316281706,227.64687544282273
984,3,245.64627151051624,226.91498224528817
985,3,247.42146381578948,224.64103618421052
986,3,247.73977873977873,226.71373599945028
987,3,250.78405768855973,226.18878711102448
988,3,252.7262226915715,223.65494026796912
989,3,257.1452964723543,224.81930197648236
990,3,256.2759340034136,227.58486630001897
991,3,256.89732206787914,229.09587569812402
992,3,257.6305812096382,229.04506631483926
993,3,258.27972265651556,229.5192033172456
994,3,259.31314938416017,229.74719603660634
995,3,259.8465647822559,231.80403029483364
996,3,260.9786312849162,233.01396648044692
997,3,263.0997898447563,234.5710121347705
998,3,263.18058615394887,233.3880766406302
999,3,261.63051892672047,229.409761857902
1000,3,261.9736545972066,226.7735486860396
1001,3,261.6862160988022,224.35673059020667
1002,3,263.8788872851332,222.11127148668155
1003,3,266.3122626485361,222.11993139777042
1004,3,269.03271665043815,222.46465433300875
1005,3,269.23833266852813,223.81684616407392
1006,3,271.02082191780823,220.72371385083713
1007,3,270.64715698393076,217.216934487021
1008,3,273.01509198628,216.95360149672592
1009,3,273.0413093289689,216.50062193126024
1010,3,273.84006776258,214.86271803237545
1011,3,275.4135444830694,216.02517059353676
1012,3,274.49710733628757,215.44879369768586
1013,3,275.85975375144284,214.4579325381557
1014,3,278.5858181370133,212.97511089206506
1015,3,278.8562123039807,211.76562123039807
1016,3,278.789482868943,211.67907626083417
1017,3,277.84866693891837,209.33119421270638
1018,3,277.46766313830403,211.52041409794114
1019,3,277.5010226179018,212.20169634263715
1020,3,277.7476647077018,210.88394679863904
1021,3,277.0302555448409,210.285137415622
1022,3,274.7376979808971,209.80165638979568
1023,3,275.02237190281454,207.51521529949483
1024,3,273.44469889212104,208.5965835241691
1025,3,275.32376208614124,210.66697919718723
1026,3,275.0807771599925,208.77272443306055
1027,3,272.33165471888145,209.46928135553054
1028,3,269.8198900368558,211.594767687753
1029,3,269.92783993370034,211.0025454330196
1030,3,269.3084312285854,208.99504405286345
1031,3,267.780030325153,204.40197675071602
1032,3,269.01941688477694,205.02300809544099
1033,3,270.3440169607782,206.0116605350128
1034,3,270.11481288680665,207.0375961594077
1035,3,266.36647222926706,206.6149505452701
1036,3,267.19755426475086,205.23595230816264
1037,3,267.4535580746632,203.87803430470652
1038,3,269.10864078836676,201.8580699435164
1039,3,269.7825721153846,201.91923076923078
1040,3,270.5260249013058,203.1616155481324
1041,3,270.22419972809297,203.83920405388704
1042,3,272.08866442199775,203.7268986157875
1043,3,272.0090500561728,201.98527025340158
1044,3,274.0373078829945,202.01270451165098
1045,3,275.1350057852109,198.71173871883875
1046,3,271.70081300813007,194.4198133092442
1047,3,271.1173992999941,193.08744141899507
1048,3,268.478214124038,192.8870529651426
1049,3,265.1345018562473,193.09384699653094
1050,3,261.82732967893503,194.44898758250363
1051,3,259.07383151413376,194.36826196473552
1052,3,256.92271112638934,191.2296321760055
1053,3,256.69541239924854,191.97272892551968
1054,3,257.56518550210865,192.17456145712364
1055,3,255.58072885953533,190.75356763769312
1056,3,253.9447160359708,189.01164825879655
1057,3,254.16427894861474,190.14249348804168
1058,3,255.32889269127352,187.66212417501833
1059,3,251.8240198687245,186.40659925492284
1060,3,251.91446555018547,184.84348656850625
1061,3,255.19126589275842,185.4225784656962
1062,3,256.1265977225192,184.25813386009762
1063,3,258.7919652296488,182.90068131093622
1064,3,259.88314247013915,181.93843122768132
1065,3,259.0448448111354,182.05567716226076
1066,3,258.74799502993335,178.2671975601491
1067,3,260.5488800138913,173.405568096313
1068,3,263.5537520717837,172.96873749785678
1069,3,261.54531954680454,171.7271477285227
1070,3,260.6904012588513,171.03917050691246
1071,3,263.29520374656835,168.5378155784034
1072,3,263.57072647158515,168.5563778104169
1073,3,264.1582804385459,169.60709751875362
1074,3,263.13860983682713,171.12821555078102
1075,3,262.2840630053303,169.876444870336
1076,3,262.5629161494188,171.46230673738856
1077,3,263.5609237663009,173.38605158844143
1078,3,261.07035998129965,173.13680458158018
1079,3,259.97187408061194,171.3543983524566
1080,3,260.2442832269298,171.46726639582124
1081,3,258.4923013146986,170.53576927632358
1082,3,258.4523007204276,170.42888682314666
1083,3,257.0606096689688,169.57531555132175
1084,3,254.193189596167,167.27173169062286
1085,3,252.80864488736879,166.58108267484374
1086,3,251.84084820156187,165.3812916832925
1087,3,254.1112740497419,164.76237681839513
1088,3,255.65669178722703,161.9681500632598
1089,3,255.4977347726383,157.72537613960512
1090,3,253.82663302495095,155.09756097560975
1091,3,252.91232658630884,152.34819194905617
1092,3,254.83303531515423,149.6295261510952
1093,3,255.68024115572746,146.5037538391537
1094,3,256.76436441816713,142.97747917226553
1095,3,257.11009441659866,139.89008042895443
1096,3,256.94280291047136,136.78468838975007
1097,3,257.9669347095535,139.27850456072971
1098,3,257.5358028867839,139.03563373928733
1099,3,254.93463049349373,137.76663393076356
1100,3,254.80441939977206,136.9158541218184
1101,3,255.89178866963718,135.79789942711648
1102,3,258.1507895080256,132.5541563356388
1103,3,258.40144309609707,131.91708756969498
1104,3,259.0436233466812,131.21095740808155
1105,3,259.6309927360775,131.52554479418887
1106,3,258.47314820671767,131.05503194382948
1107,3,258.14707604241204,129.10128146750796
1108,3,257.92907801418437,125.79432624113475
1109,3,256.12454212454213,125.604662004662
1110,3,255.58965925536114,127.02493093014077
1111,3,255.08562590496248,124.98308542845861
1112,3,256.9288603063051,127.22528674666843
1113,3,257.7426309692367,129.47573690307632
1114,3,257.64018562127717,128.5546474580967
1115,3,259.4638111211457,128.23655012256484
1116,3,258.78245851676263,128.25716220792415
1117,3,258.3293409338372,125.61769038621661
1118,3,257.54805117524546,127.4558762273133
1119,3,256.2109174613614,127.82841170667544
1120,3,257.59054268486193,128.42653125991748
1121,3,258.82466611511643,131.5761139345231
1122,3,258.50228255646323,135.87433925997118
1123,3,257.92213351845425,136.081742450538
1124,3,258.81044879972166,136.23321349878233
1125,3,257.0548705986893,135.53915361546152
1126,3,252.01489682355668,133.36969626709947
1127,3,249.19070662313433,134.0215135261194
1128,3,249.43475994671917,133.829790930677
1129,3,250.0254185506538,134.24886960772332
1130,3,248.88807174887893,134.54445440956653
1131,3,246.50226938566772,132.4704340599629
1132,3,247.32326690304438,134.27650079471817
1133,3,247.5719469395039,134.8244601748855
1134,3,244.84480980404052,135.68610083115937
1135,3,245.97859724418342,139.44454483849108
1136,3,244.13041018387554,142.46568599717114
1137,3,243.0455237979158,140.47912730818453
1138,3,241.13717323395628,140.76434482380665
1139,3,240.36513100563528,138.60204496601406
1140,3,241.26953785185617,139.75744507255666
1141,3,239.85533154377748,139.25815294991148
1142,3,240.90559864275326,140.66317256422684
1143,3,240.69840865690642,140.53424570337364
1144,3,239.78453619077635,143.35103477256015
1145,3,239.36886904761906,145.40107142857144
1146,3,235.31060958585388,144.97958352722196
1147,3,233.4385548041187,145.0062145859989
1148,3,231.89512851336653,147.3834220619383
1149,3,230.053929908132,147.85681070658956
1150,3,229.59613979542132,148.77788602045786
1151,3,228.91244292897184,147.9030803906837
1152,3,233.7440705689917,149.08003271410212
1153,3,234.15386339440803,151.9751218692217
1154,3,232.84420615315517,152.1807770042668
1155,3,234.90526377422566,152.43936998653317
1156,3,236.42256280248904,155.24953906430054
1157,3,238.49325987574727,156.03610362208417
1158,3,238.0405348175933,156.0470082884627
1159,3,237.20882791529974,155.0555323590814
1160,3,235.24141193165022,155.8220303908236
1161,3,233.90462203502548,158.3813455996453
1162,3,234.83590918780644,163.28165636324877
1163,3,237.03232832741028,168.51885819098933
1164,3,237.9079125670182,168.06946326518587
1165,3,238.20048187370426,169.1436095702359
1166,3,236.56318953943145,172.91465763819974
1167,3,237.78530013642566,175.00022737608003
1168,3,237.09627500829004,173.84094174864595
1169,3,236.8669633179303,173.68902960807804
1170,3,234.1345925526174,175.5458175930923
1171,3,230.1753339172323,178.22175388657763
1172,3,230.39442978598652,180.68607446496628
1173,3,231.36387798248262,183.14805194805194
1174,3,228.73989868532144,181.3510432999638
1175,3,228.04931539327842,181.43737774879972
1176,3,231.1502618109078,183.51403188798022
1177,3,231.49588965517242,186.82217931034484
1178,3,231.6990394877268,190.2354824533869
1179,3,234.22215244076506,191.3011704253497
1180,3,233.73514172508382,192.45297165498323
1181,3,232.7679507111188,196.98180457188923
1182,3,233.74993848425197,198.3462721456693
1183,3,233.86705440018798,200.2866290682646
1184,3,234.79466167173965,197.84991805197845
1185,3,234.35736131934033,194.04131934032984
1186,3,232.93569623229294,195.54199729618526
1187,3,235.041657470757,194.8226109026705
1188,3,231.04186552286595,192.20691113393343
1189,3,231.72685185185185,194.75078162578163
1190,3,232.69109294051557,196.06229324012233
1191,3,232.09540920636888,197.56018834025153
1192,3,233.45301189651917,197.07635173412223
1193,3,233.29843684494222,200.11139725699226
1194,3,233.6408990186768,202.23203545425767
1195,3,234.40442813308465,201.88604777089225
1196,3,234.674661630469,201.49738747245829
1197,3,233.37922462266943,201.09730689553123
1198,3,233.71332927571515,200.96780279975656
1199,3,231.90344191763984,198.68715427166563
1200,3,233.93694315472456,199.10810641234784
1201,3,234.7835358728675,198.99006777284413
1202,3,237.9362757568049,198.17470109386923
1203,3,235.9666350035621,197.73747328425551
1204,3,235.51401812321353,195.92215532445417
1205,3,235.54519841745594,196.80230188226832
1206,3,237.53154516832163,197.40827076774036
1207,3,235.80813148788928,198.08327566320645
1208,3,231.746195619741,198.38312347078832
1209,3,232.9485168976416,201.17535861901288
1210,3,235.71926242187985,202.09071220840295
1211,3,236.95497644827796,199.76491099284272
1212,3,238.96987513638015,200.61959025336404
1213,3,238.4485392400229,200.4999045254917
1214,3,240.5631233133873,199.73143259415698
1215,3,242.75577100646353,201.50386657433057
1216,3,240.71593862145775,202.96584581116198
1217,3,244.0867942137191,203.28091460569294
1218,3,244.1440747007583,202.35601930187377
1219,3,246.59789253070966,203.55388018862433
1220,3,250.15014620755505,204.2282031389867
1221,3,249.62545672356993,206.09062593590895
1222,3,252.8476053851247,209.19476936658575
1223,3,253.1981325301205,213.6959638554217
1224,3,256.0649009053095,215.18522143381455
1225,3,255.79926896131587,215.53213524215656
1226,3,254.27753382387846,215.91656776643723
1227,3,253.86258326946884,217.69657489830809
1228,3,252.80510867423993,218.49366340534507
1229,3,252.54839107385033,218.3696215016644
1230,3,252.93270591129973,220.64452235959894
1231,3,253.1144705656268,222.1249119210813
1232,3,253.29551289888738,221.42529649101357
1233,3,250.18971442854465,222.50221833406238
1234,3,249.12479957242115,223.8308391234634
1235,3,245.5326694031357,223.18161631114998
1236,3,243.54019688269074,224.40607054963084
1237,3,243.41374607936726,225.38879039956362
1238,3,241.19032575119348,225.73862679022747
1239,3,239.62291108559765,227.43538716673044
1240,3,237.26314621699578,230.87537904001184
1241,3,234.48808473080317,233.09973521624008
1242,3,233.413596885295,232.8519766397125
1243,3,235.64754670180605,234.41190605379427
1244,3,235.46530103590624,236.57146195186542
1245,3,232.09533316695783,237.23475584393978
1246,3,230.1970836888234,239.0205537888777
1247,3,228.7776008047615,242.51060440942243
1248,3,225.5198135198135,239.66964070412345
1249,3,226.4242086300077,237.28420691430043
1250,3,225.81071400143279,237.48897556316166
1251,3,225.464111328125,238.46516927083334
1252,3,225.1321520245094,243.67715492258012
1253,3,224.96526861865823,247.71748878923768
1254,3,226.7868049792531,247.2182572614108
1255,3,225.88372898977647,248.30653266331657
1256,3,224.10068245008003,249.15224534501644
1257,3,225.43899531715624,247.62452107279694
1258,3,225.47333046100817,248.30331753554503
1259,3,225.95086450247,249.4235179957657
1260,3,224.6503807649525,247.88919312056132
1261,3,226.88422413793103,250.0769827586207
1262,3,227.56474950262253,253.03924760354494
1263,3,224.94422990570274,251.94755276156263
1264,3,223.70750582750583,253.32251748251747
1265,3,221.5743562795586,254.22473287791206
1266,3,220.46845934248088,253.14071277281516
1267,3,219.5285818314218,253.6487347533224
1268,3,218.9957219251337,252.44367201426024
1269,3,219.75277256440882,255.1906671216516
1270,3,217.09486382745385,256.74392250045696
1271,3,216.44082654978084,256.1822166562304
1272,3,219.9362168801544,255.94376206351993
1273,3,221.74652777777777,256.99113669590645
1274,3,220.60859889620795,256.6366387751469
1275,3,219.75131555071675,258.59626202141175
1276,3,218.2558446124099,259.5667076814906
1277,3,215.13225751366122,261.7519637978142
1278,3,214.84509600415154,264.8617886178862
1279,3,214.11776480400334,262.8419516263553
1280,3,213.72511066747677,260.220380175332
1281,3,213.18661971830986,261.32394366197184
1282,3,211.52849240495215,259.98287821582227
1283,3,211.1738629311109,260.87046724000356
1284,3,210.34049186006234,262.94163491513683
1285,3,208.25697879858657,264.09752650176677
1286,3,206.48466598721393,264.5859353284536
1287,3,207.5268013654396,265.06172156102963
1288,3,208.1343091227101,267.4534658933996
1289,3,208.0804413428895,267.07761222180307
1290,3,208.6042194856936,264.2229264759145
1291,3,206.8837925580621,265.5427453591942
1292,3,206.96703678001387,270.0598542678695
1293,3,205.57594291539246,271.69873042350105
1294,3,206.64178964188363,272.8840116552308
1295,3,209.68164586222838,273.2328247803976
1296,3,211.8320871993514,270.0315286911089
1297,3,212.50823863636364,269.72973484848484
1298,3,212.73241392077009,268.49222510181414
1299,3,210.08335661730464,266.3609946912545
1300,3,213.86050825449823,267.49647560749395
1301,3,213.9006628613515,269.70677591603754
1302,3,214.95230132887443,270.6830062483499
1303,3,215.12909698996657,270.715336837076
1304,3,216.03731678805863,272.5111950364176
1305,3,215.50207312476442,275.5025442894836
1306,3,214.78780622582428,279.00626266347393
1307,3,213.28208232445522,279.9354628422425
1308,3,217.21157942787585,281.28081253804015
1309,3,221.04048990037472,286.0264144045334
1310,3,222.59439010887618,286.9486990219598
1311,3,226.01198536139066,287.36633119853616
1312,3,229.04621886520997,285.991637442676
1313,3,228.31113066432027,290.26704795424547
1314,3,230.9055984384704,292.81252772602255
1315,3,233.3425160697888,294.4823691460055
1316,3,232.02406346408108,297.6938739532834
1317,3,228.9030881017257,298.38401453224344
1318,3,228.00176647235472,298.0405405405405
1319,3,230.21019447651184,297.2225379628807
1320,3,231.75203944419542,296.83549977588524
1321,3,229.0927324824173,297.66875054267604
1322,3,229.7838370565046,299.68640886052185
1323,3,228.42803470793453,299.66195545218716
1324,3,226.9743258219431,301.53176948651645
1325,3,227.21922235953988,302.24698165224834
1326,3,230.02511274206384,303.7711557166858
1327,3,227.6333974887728,304.5257080010998
1328,3,225.7927608232789,306.17547906316537
1329,3,228.82581874262905,308.74063322144605
1330,3,227.80550424824528,309.0081270779461
1331,3,226.3435964017435,307.84540480385795
1332,3,225.7188024622272,305.8344525275135
1333,3,223.1335403726708,303.9655644866642
1334,3,222.28617660656496,301.70651872399446
1335,3,219.08982304859427,302.2728824216294
1336,3,216.6828263921385,304.4142255498362
1337,3,217.82855835240275,304.34306636155605
1338,3,219.12368396092194,305.4224604002656
1339,3,222.86139417440708,307.5397240508612
1340,3,226.50875305623472,304.5435696821516
1341,3,227.89180681715982,306.024822376113
1342,3,231.5532505717086,306.75849395622345
1343,3,234.74174960712415,309.0787497817356
1344,3,235.26109353818347,309.32661545413464
1345,3,234.24915824915826,307.1355218855219
1346,3,236.59004459004458,306.27254527254524
1347,3,237.76798101496897,309.4150237312888
1348,3,238.90781563126254,310.0359810530151
1349,3,239.96832737108454,310.451531279993
1350,3,236.72277580071173,311.7396797153025
1351,3,236.2164911006175,310.9784780239738
1352,3,235.13063943161634,311.77761989342804
1353,3,235.80103570455165,310.7951303715817
1354,3,237.22773749767615,312.20886781929727
1355,3,236.74152466367713,310.80609865470853
1356,3,236.6654599461617,311.2863640582939
1357,3,239.2752833670152,312.49503558562515
1358,3,240.84166301969364,313.70030634573305
1359,3,240.23255421483418,313.11703653700107
1360,3,239.28675758908932,311.79938407391114
1361,3,238.00232308791993,316.94326304503215
1362,3,236.06664127951257,320.4452589489718
1363,3,239.1610443208326,320.09806208505296
1364,3,240.55547431913726,318.59449826357155
1365,3,239.72243175287358,317.9129849137931
1366,3,240.22708333333333,315.7076086956522
1367,3,238.8262588073552,314.68688778140574
1368,3,238.58341327286996,313.07368971832216
1369,3,237.91264262893657,315.4259242355089
1370,3,241.02091832306223,318.64334693168996
1371,3,240.67229002153624,321.5591349605169
1372,3,240.88193614478402,324.30459279494625
1373,3,240.95855274333277,324.90691353830476
1374,3,242.47536771220982,326.644072301967
1375,3,243.0049279404928,327.5747094374709
1376,3,243.82276603633667,327.086318131257
1377,3,245.85999467660366,327.9421524265815
1378,3,245.18311309421657,331.26094044963105
1379,3,243.89941520467835,333.8146648672965
1380,3,241.79478499542543,333.77740164684354
1381,3,240.74533185431687,332.13394342762064
1382,3,239.45933268430835,332.1081511638198
1383,3,239.90970674748195,329.5487120064177
1384,3,240.98399254679427,327.9760311679512
1385,3,239.72417633410672,325.13874709976795
1386,3,239.74067512122343,324.95990302126074
1387,3,235.6785682084573,326.1829411234334
1388,3,235.1936636269625,325.33609100310235
1389,3,235.5423463275274,323.4512948115381
1390,3,234.0808357757398,324.82045948756735
1391,3,233.43031736644983,324.5512517248177
1392,3,235.1222567666423,325.92986466715433
1393,3,234.71909685988047,326.0492363153401
1394,3,234.65552511415524,326.8306849315068
1395,3,234.7291702904853,330.7263002261263
1396,3,236.96481757259866,334.49851079672374
1397,3,233.99477604720906,333.2768694979201
1398,3,231.04711391437309,334.4623470948012
1399,3,231.7786506469501,338.14066543438076
1400,3,230.31961831392803,341.43202311126674
1401,3,229.87793161910145,343.78525007064144
1402,3,231.94123071763917,343.80918846411805
1403,3,233.7513477726284,341.43261136858035
1404,3,234.89714231642694,340.5829863739591
1405,3,235.4107346783403,341.2272554244385
1406,3,234.98999906533322,341.1028133470418
1407,3,236.51336847149017,341.7146142788692
1408,3,235.47828237854952,341.68833481745327
1409,3,235.70268899036023,341.6115677321157
1410,3,234.99646920360925,340.51186739898
1411,3,234.4642750670774,341.46397694524495
1412,3,233.0689455946076,342.7470389985556
1413,3,234.9321764997521,341.59067922657414
1414,3,233.46566484517305,340.6386156648452
1415,3,231.54623801684903,340.7238307349666
1416,3,234.68771019506102,338.9668492360911
1417,3,236.88319034599792,339.4910907891015
1418,3,235.908810325477,337.0052375607931
1419,3,235.43053034886066,336.2429925388183
1420,3,236.05447655139744,336.8202747513027
1421,3,237.5384690299961,338.91156992598366
1422,3,237.6282743058962,337.5902089669381
1423,3,238.08401694762463,336.65032002163525
1424,3,240.57055624463314,335.6614826829501
1425,3,239.0387811634349,335.25189289012
1426,3,237.26605853287722,335.2990307867731
1427,3,237.410060400151,334.53463571158926
1428,3,236.910687732342,336.96050185873605
1429,3,234.59258191601808,338.24800614970695
1430,3,232.4817610062893,334.55965858041327
1431,3,230.40807984790874,331.8325095057034
1432,3,229.86797992234114,332.4380149635382
1433,3,229.06804791830322,333.89473684210526
1434,3,227.16771777690184,336.0888845092629
1435,3,227.45331659747032,337.2945833735638
1436,3,224.9370945547474,336.18773343817577
1437,3,221.60242986961674,335.57585934413277
1438,3,220.73733371072743,335.23568261156714
1439,3,221.18891830559758,333.94043116490167
1440,3,220.58098951081408,331.89956372412513
1441,3,219.45244336266617,331.09239842726083
1442,3,220.44183673469388,328.61233766233767
1443,3,223.43906262892978,329.33880683224686
1444,3,224.9575293415556,329.40451561567534
1445,3,225.26794922649742,329.8276477588259
1446,3,225.20978108053825,329.2332797750552
1447,3,224.19395098843034,324.9938052291154
1448,3,222.69814469421812,322.86198095612053
1449,3,223.11517874211432,321.8470655706366
1450,3,222.18623371924747,320.7099312590449
1451,3,222.23681668920224,317.83986864979715
1452,3,222.07710428558485,314.49334058167983
1453,3,220.0913447984212,311.6333991166244
1454,3,220.20214994989524,307.5310194042088
1455,3,217.85320388349515,306.97281553398057
1456,3,217.4603206016228,304.5833168414803
1457,3,219.0024967634548,299.2771407434807
1458,3,220.71105919003116,297.7838785046729
1459,3,219.45272185478595,300.4836107275238
1460,3,219.41175401943863,303.5604505404669
1461,3,214.90852673637679,302.880047606903
1462,3,211.65872081616638,302.25936825583676
1463,3,211.27864534336783,303.09793038570086
1464,3,211.5930744033692,304.6998596162845
1465,3,211.87297244479186,304.16884893492283
1466,3,210.89028244124037,304.42306932648626
1467,3,209.1518004464719,306.9839852470154
1468,3,209.49951209992193,306.182962529274
1469,3,207.55320423238172,304.96656019165505
1470,3,208.74645030425964,304.32183908045977
1471,3,208.8816684745094,305.36189724879205
1472,3,210.1115223044609,307.54340868173637
1473,3,212.15900743527726,305.9482218041745
1474,3,213.20703614457832,303.8175421686747
1475,3,216.4453322119428,302.6825063078217
1476,3,218.05363355237728,304.93718592964825
1477,3,217.77017114914426,306.7549144254279
1478,3,218.23513139695712,306.4745109662122
1479,3,217.78047063555914,305.4673169750603
1480,3,218.53315574160405,303.52640091332887
1481,3,217.56667603785962,301.0029987817449
1482,3,219.11945583302273,296.2861535594484
1483,3,221.92487741696735,295.44407438245906
1484,3,223.53489719084854,295.1197026740033
1485,3,225.04724702380952,291.6399739583333
1486,3,223.58536352345467,293.1840068787618
1487,3,224.20223231176692,293.18719258418463
1488,3,225.71716975638162,289.9220615354751
1489,3,226.50690621076018,288.0834540712837
1490,3,225.6940779971112,286.71092922484354
1491,3,225.72058244785518,285.3444510035419
1492,3,225.40635226179018,286.75322425409047
1493,3,230.41543742462196,287.1220892476111
1494,3,231.78731848983543,287.1000968054211
1495,3,233.5455740167089,287.70111705622827
1496,3,234.20455390334573,287.29200743494425
1497,3,232.661695380132,285.9690580269135
1498,3,233.88340229885057,283.3422528735632
1499,3,231.46479797506328,282.42701790569043
1500,3,230.12494316631808,282.1621351277621
1501,3,230.03137623297323,281.4983560356975
1502,3,228.17872340425532,281.20851063829787
1503,3,226.14776470588237,280.2774588235294
1504,3,229.24283667621776,281.3563753581662
1505,3,231.06719817767654,277.85027159628527
1506,3,231.09285779439935,276.11447596460823
1507,3,232.09261074962117,279.57678937516715
1508,3,231.63946656719202,279.06322857409305
1509,3,232.28068181818182,277.78011363636364
1510,3,231.42703923228902,272.62639947313954
1511,3,229.89183387774148,269.962015865609
1512,3,229.30769930006363,271.00581765294066
1513,3,229.99793962196543,268.8748544298128
1514,3,233.80819016239116,266.9496352082843
1515,3,235.5354909893343,267.5689591761677
1516,3,235.01651963328143,269.1020584673932
1517,3,237.73675748101832,270.7001339883877
1518,3,239.42545881927492,269.7860952897568
1519,3,238.26450983579906,270.3462038692895
1520,3,233.98095238095237,273.7015873015873
1521,3,233.70963763991654,274.7394232593436
1522,3,234.98699795173212,275.27241962774957
1523,3,234.99944710652414,276.5585145595282
1524,3,235.31572176789487,276.73068087843427
1525,3,237.2833618884447,277.86778983438035
1526,3,235.63621056362993,277.88434952144627
1527,3,233.4979362430842,275.02941951348026
1528,3,234.83802024746907,276.1278590176228
1529,3,235.12677595628415,273.4511839708561
1530,3,236.31921852138737,269.6594371288407
1531,3,232.76835825911613,268.05419257267687
1532,3,232.0180841539839,268.077260519248
1533,3,231.63945945945946,268.2855855855856
1534,3,231.0850121962237,266.87216550727254
1535,3,232.00352014821678,264.69810097267253
1536,3,230.46319406764334,261.6975945017182
1537,3,228.44102419278923,261.66139508613384
1538,3,226.50498007968127,262.6528431727635
1539,3,225.0195736077927,259.9750045947436
1540,3,226.21319565018734,256.58804715343143
1541,3,224.2140657084189,252.95807665982204
1542,3,218.13576408517054,250.04098360655738
1543,3,214.43260215053763,245.92602150537635
1544,3,213.71390001741858,243.3345236021599
1545,3,215.11751799192558,241.6149727926979
1546,3,215.63696854476322,240.1975458002074
1547,3,215.2981764867589,239.7116283331806
1548,3,213.689307508623,239.29176616255418
1549,3,211.70954756278988,239.4719523934541
1550,3,210.69648791879996,242.13877661007814
1551,3,211.79219566840925,242.0526512322629
1552,3,212.43533321358004,244.11181965151786
1553,3,212.15373678130277,242.7737492224296
1554,3,213.61308224163028,241.01673944687045
1555,3,210.20620657711905,241.94441871236683
1556,3,210.89399720800373,243.83350395532807
1557,3,210.09195717814987,241.89861835483575
1558,3,210.2379742239971,240.75158831003813
1559,3,210.1705270837133,241.6382454860478
1560,3,212.78397686681407,240.71585303623064
1561,3,210.23379711165904,241.82035928143713
1562,3,212.2782631718295,241.07969287794546
1563,3,213.81488754016422,239.91253123884326
1564,3,214.76962047817972,240.2205137321127
1565,3,217.1457521434139,240.81319823330736
1566,3,218.7824394463668,242.04282006920414
1567,3,219.21178729443193,241.26479672760664
1568,3,219.039226519337,239.6304788213628
1569,3,218.2853769300636,239.625068119891
1570,3,216.2457012811868,236.11732973701956
1571,3,213.83787943565628,234.93176571184267
1572,3,213.84887809778968,233.55743469524447
1573,3,210.28674657825385,234.18252146561252
1574,3,208.45871972629874,232.75456919060053
1575,3,207.97562222979883,235.8550119331742
1576,3,205.69591071265208,238.07904125880523
1577,3,205.82021379980563,235.5158582913685
1578,3,209.19183959373083,234.5514403292181
1579,3,208.79223921873648,233.11589318122893
1580,3,206.8863492063492,233.19519274376418
1581,3,207.66727091452913,234.59702710051664
1582,3,205.88188756515265,232.6333767684289
1583,3,205.03509571558797,229.2422971741112
1584,3,205.0265201081741,229.99825525604118
1585,3,208.0710424058118,229.80190910626794
1586,3,209.37970701896288,230.4702974746113
1587,3,210.23617481609693,227.87425356988317
1588,3,207.49279249078108,226.93010392222595
1589,3,205.0472794506075,225.6604155661208
1590,3,201.7085172995103,221.809103315405
1591,3,202.5159832360917,220.27389267811654
1592,3,203.19342829394625,220.82591453544836
1593,3,203.70178686413394,218.91315196394075
1594,3,201.41349424914952,221.69520492467197
1595,3,199.24158190108733,220.93826727464048
1596,3,197.20409816149672,217.05110553170812
1597,3,198.30345607235142,217.5439276485788
1598,3,198.08765767204216,216.73566980680187
1599,3,197.3654463712267,215.57883750802827
1600,3,196.03230732138553,213.0349594149321
1601,3,193.4554248568333,213.0657019037301
1602,3,197.34813512127207,213.16194035319117
1603,3,200.90278659611994,209.22574955908289
1604,3,203.0915969443434,205.95685703892323
1605,3,203.59411214280573,206.67235298351687
1606,3,203.05201072386058,205.79885101493682
1607,3,201.27831397979187,208.01236615895039
1608,3,197.1210052745889,205.73828730995967
1609,3,195.55263555354176,202.6276997432412
1610,3,192.32394475481067,203.3158752327747
1611,3,189.9400439627075,202.2662775714394
1612,3,188.7793654637927,202.4484540243804
1613,3,188.71757766417616,204.3390483680692
1614,3,188.96381525451292,205.07399577167018
1615,3,190.70488676996425,205.33293603496224
1616,3,193.01084487433135,203.08734520407415
1617,3,194.3358476748444,201.05294763822775
1618,3,192.48857839875805,200.4361647076218
1619,3,192.51230490018148,198.2205444646098
1620,3,193.7937983343248,196.43426531826293
1621,3,194.541780261723,194.8819520174482
1622,3,193.80780409824155,194.36905972969046
1623,3,194.55025307302964,194.23767172812725
1624,3,194.91541406693136,194.05615428247305
1625,3,193.35621029114012,192.22446414857222
1626,3,192.1143292682927,191.5484901277584
1627,3,192.6699835403262,192.38792458476732
1628,3,193.0739434031606,192.34487320837928
1629,3,191.54884708737865,193.30946601941747
1630,3,193.73905547226386,192.48568215892055
1631,3,190.75550999487442,191.1899392253057
1632,3,190.94731240021287,189.1466585569832
1633,3,193.41684434968016,189.82241851964667
1634,3,195.64636271235662,189.09031508639467
1635,3,195.17859431745353,189.4559567044079
1636,3,194.68373972009812,187.46111672197375
1637,3,191.73653429602888,187.95552346570398
1638,3,192.1421358417485,191.03008714898326
1639,3,191.50361240968977,190.9668508287293
1640,3,191.13057898911242,191.0106712812748
1641,3,191.5371895108282,190.74925620978343
1642,3,190.90734341252698,189.02786177105833
1643,3,189.87813518492277,186.97817769590478
1644,3,187.88905941679457,184.91120368340276
1645,3,191.12950497826392,184.0539896227738
1646,3,191.80399687077733,185.16940473650521
1647,3,194.3393203883495,184.9670509708738
1648,3,198.43109887949674,178.82923792674137
1649,3,199.77265765465805,176.5880002663648
1650,3,202.34388696277884,177.72774252632956
1651,3,202.59290780141845,176.71496116176968
1652,3,200.8379591578681,178.17835240563952
1653,3,199.6569181956132,179.8048006621603
1654,3,200.0379978325657,179.87354375507994
1655,3,198.81448727469115,180.04246270168096
1656,3,199.92967206637692,178.76122744633216
1657,3,199.1348344024087,179.31417724833094
1658,3,200.5889100040722,175.70727568888285
1659,3,200.11353826030086,175.5665140614781
1660,3,198.57714620950395,174.3995176324881
1661,3,196.4038626893313,171.9109729479463
1662,3,196.73863202139856,170.3245446439944
1663,3,195.9883773487441,167.8675663459676
1664,3,196.43255699625146,170.91028083328212
1665,3,198.2816259569814,173.95005468465183
1666,3,198.72150857432132,174.83401885717902
1667,3,199.9852359112898,172.5360934849532
1668,3,199.2541814186302,171.42113295079966
1669,3,196.27788337727634,171.17983935250476
1670,3,195.52806886227546,169.15774700598803
1671,3,192.0921499477534,167.81184691745037
1672,3,189.7718183022116,167.1790491325652
1673,3,189.1117311269322,166.55942530947343
1674,3,188.84334595794698,164.52148360976884
1675,3,190.30504265885648,161.83375779956705
1676,3,187.1810049019608,164.0049019607843
1677,3,188.05647644630807,169.4422459542685
1678,3,185.76710839279647,170.28562691131498
1679,3,186.1933204881182,169.1800899165061
1680,3,186.15556827122523,167.33016236320722
1681,3,186.71210956606805,168.59436796869542
1682,3,187.4591025375095,169.0608449146097
1683,3,189.06912321965243,167.89056579119298
1684,3,192.2182077182077,168.0583398083398
1685,3,192.78199709417515,167.35768062343152
1686,3,193.86061818416468,166.55881783571013
1687,3,191.54203854611305,167.73955503815807
1688,3,189.40179899905317,166.58480995536317
1689,3,189.8820678513732,164.8898761443188
1690,3,191.13569492837786,164.79339269583173
1691,3,190.22353246080084,165.96248542179603
1692,3,186.49135209334247,165.69498970487302
1693,3,184.62984257357974,164.79034907597537
1694,3,185.44302176696542,162.1903767100209
1695,3,183.50493432729854,161.11480298189562
1696,3,185.0419402668926,159.76918731907082
1697,3,185.32642916321458,160.61239988953326
1698,3,180.7738120681057,158.26586877537935
1699,3,177.83439948249838,156.5341766693021
1700,3,179.2170703740863,157.2131288519421
1701,3,179.97762553749726,158.71984549231107
1702,3,177.78506919155134,155.11442097596503
1703,3,178.93869565217392,152.80717391304347
1704,3,177.84428476183422,153.7786502703904
1705,3,179.90510083036773,152.25580908519993
1706,3,181.3077539036434,150.0128119578273
1707,3,180.80977212658047,148.84620330023574
1708,3,179.54649537376022,146.17819343673034
1709,3,179.51228509779355,144.89113941671886
1710,3,179.77619728377414,146.78842030021443
1711,3,179.49764150943398,148.98127501429389
1712,3,175.98685038819332,147.805553612646
1713,3,175.73534315087525,149.23492636843568
1714,3,177.7348312962014,150.90221766815486
1715,3,178.0450014658458,151.0061565523307
1716,3,178.51567740994605,152.26396383257983
1717,3,180.53916863805338,152.25887124028387
1718,3,182.6596995427825,150.98991218520936
1719,3,183.3862283737024,147.59612456747405
1720,3,183.0246160319798,147.49330247562943
1721,3,186.19190189092902,148.2071115374075
1722,3,186.90413454800282,147.92438682550807
1723,3,186.0196716769412,149.24402576712615
1724,3,184.49207502311452,146.5480121516312
1725,3,183.74911153635867,143.13265445598688
1726,3,180.43275182892515,143.17951603826674
1727,3,179.45629102080716,144.03672671414606
1728,3,179.21688697059616,143.8451578095495
1729,3,179.24570024570025,145.61151281151282
1730,3,179.81527110268735,144.7366817843363
1731,3,179.7758761206194,141.37374354794892
1732,3,179.84274193548387,142.40586763070078
1733,3,180.46348601374805,144.08813720819438
1734,3,178.8566027359593,144.04028321990788
1735,3,176.53797205699266,141.45504219117444
1736,3,175.1888111888112,140.2718881118881
1737,3,175.59255826271186,138.06951800847457
1738,3,177.34978511021765,137.04949396922223
1739,3,178.99654953876487,135.69213435673544
1740,3,179.00746521886666,135.09419748897184
1741,3,176.79605218222798,137.7573253193088
1742,3,176.42445994447078,138.62504232410103
1743,3,174.00709219858157,138.04821331151118
1744,3,174.20351371286796,139.7991014551063
1745,3,175.87537345283823,139.6062028738085
1746,3,174.83046853340727,141.32319101746603
1747,3,172.28725301376704,141.31264712176332
1748,3,172.66437755698422,143.0249123319696
1749,3,173.747927840078,140.03977154001532
1750,3,171.24183493698334,138.14934272936713
1751,3,166.20429403202328,136.981077147016
1752,3,167.0579792931096,136.13673687968583
1753,3,168.59785185185186,134.6202962962963
1754,3,170.85168259243872,134.54099155241656
1755,3,170.78808040770102,134.03454133635333
1756,3,175.4921795800145,134.65568428674874
1757,3,175.96756090884205,135.45620038324665
1758,3,171.9413057347416,132.7422556177784
1759,3,171.97030411449015,129.9054740608229
1760,3,171.05103668261563,129.35406698564594
1761,3,170.24506960556843,129.11455916473318
1762,3,169.26691324815064,126.10517821116342
1763,3,168.65902808089626,124.44492943401717
1764,3,167.9544950055494,123.05604883462819
1765,3,170.79568655643422,123.52803738317758
1766,3,167.59866546708653,122.27950217423901
1767,3,167.7920287683548,123.49453101588253
1768,3,167.49394850729846,125.30719577495782
1769,3,166.93328827306522,122.88556944913822
1770,3,167.84224427153973,119.0117781426226
1771,3,167.0058895353013,120.63176039646628
1772,3,164.48313334842652,122.58010716172365
1773,3,165.9512939919078,123.37117337201313
1774,3,166.70491551459293,126.21036866359447
1774,4,166.70491551459293,126.21036866359447
1776,4,168.73050164774807,125.91102160380812
1777,4,169.93132780082988,127.83229598893499
1778,4,170.77913879912828,127.71669046366574
1779,4,169.33027907952717,130.0919073931594
1780,4,171.54750593824227,131.02263518233897
1781,4,169.12625739644972,131.76923076923077
1782,4,169.84456260470537,129.40971665816883
1783,4,171.8120172311349,128.56706773618538
1784,4,172.00123573453516,131.2970851203024
1785,4,169.87801516195728,131.56681216019604
1786,4,167.44152643807647,132.30000704076605
1787,4,166.90832485834665,133.9630248438181
1788,4,167.16148653660707,135.4948445960982
1789,4,166.9616135328562,134.52779585050243
1790,4,167.98336980306345,135.46360320933624
1791,4,169.66265494378783,137.35853271836265
1792,4,169.32247349823322,138.80706713780918
1793,4,170.80088464007991,136.49975030320326
1796,4,166.25825301661988,136.05357820444715
1797,4,167.96462417709614,136.31085871373799
1798,4,166.7580773400795,135.36465486086013
1799,4,165.11028304727492,134.08973200843118
1800,4,164.55267850220946,134.23528955733002
1801,4,163.5535133499735,134.405945087361
1803,4,163.89190418435416,138.3026834445118
1804,4,165.88777194298575,138.06331582895723
1805,4,168.28272673906662,137.41877017904315
1806,4,172.60655126100582,138.431204297866
1807,4,173.06721286602942,137.73296920042483
1808,4,172.74865295590803,136.08476891553465
1809,4,174.0267197271177,137.9708641273451
1811,4,176.54397883295195,136.52395594965674
1812,4,180.8384811561349,136.18340889770474
1813,4,182.49402887139107,136.67775590551182
1814,4,184.1281442809682,134.6153637534748
1815,4,183.255723630417,135.7686017988553
1816,4,184.9744794726193,138.12407806278964
1817,4,185.36572252819303,139.1004458431681
1818,4,185.14523960312434,137.7324607698262
1819,4,184.22763684913218,136.86201602136182
1820,4,181.4049262922187,138.90321577408722
1820,8,181.4049262922187,138.90321577408722
1822,8,180.7578003670761,141.23972892842016
1823,8,179.54120839880017,146.0867733180974
1824,8,180.0511644571838,145.17678251522753
1825,8,181.12129722500836,145.3094617184888
1826,8,180.1898862566109,145.51046873868
1827,8,181.3670566804456,142.69025432635044
1828,8,182.19457990803957,144.0411035251498
1830,8,181.88441048647132,143.19858404598347
1831,8,183.13515210717276,139.76402456042422
1832,8,183.8879626542181,139.5784594864955
1833,8,183.73501115448968,141.23389570552146
1834,8,185.20253997499506,139.57287622557084
1835,8,187.96350111234705,139.87639043381535
1836,8,185.50248282429766,138.44282701857017
1838,8,185.0482173398237,135.40415734771742
1839,8,182.38077054210706,136.99856801909309
1840,8,181.20262439219343,135.76720175847598
1841,8,179.34073069787357,133.30647923505066
1842,8,174.781980793197,133.0637783153728
1843,8,173.27808873720136,133.17160409556314
1844,8,173.50503975014198,130.80515332197615
1844,11,173.50503975014198,130.80515332197615
1846,8,171.2923988698229,131.4599958652057
1847,8,171.23334695545566,131.6217136629887
1847,11,171.23334695545566,131.6217136629887
1849,11,171.57278524885623,130.562110079024
1850,8,163.79294316501162,131.17973096696952
1851,8,160.77907895682162,131.86428622745888
1852,11,158.6182258316414,132.21935030454475
1852,8,158.6182258316414,132.21935030454475
1854,11,158.98371880706026,135.46157942787585
1855,8,156.22838588529848,139.82998200453798
1855,11,156.22838588529848,139.82998200453798
1857,11,156.95775095298603,143.54709339263025
1858,8,155.98524157216093,141.27085598881467
1859,11,157.26413366903182,142.08285648889907
1860,8,156.62641600385635,141.44235558769182
1861,8,153.88937261914018,141.0004664541709
1862,8,152.4377876397107,141.99498685075608
1863,11,150.6426962398198,142.55813550511178
1863,8,150.6426962398198,142.55813550511178
1865,8,152.07820958228973,141.88131211117394
1866,11,149.4450498784475,139.67239500377232
1867,11,147.67310051525314,142.85515662059376
1868,11,145.57791637385805,141.24051300070275
1869,11,147.2797729967813,141.42724038624428
1870,11,146.6959374211456,142.1667087223484
1871,11,145.75496333392954,139.1624038633518
1873,11,144.1033500837521,140.31222780569513
1874,11,144.1950608114381,147.70736236189768
1876,11,145.5740560615439,149.00026527544435
1877,11,146.8809627627104,153.05214964681258
1878,11,145.59825953906474,155.31806445443243
1879,11,144.48215227712328,156.24863724283455
1879,13,144.48215227712328,156.24863724283455
1881,13,144.55448884276078,158.12809202560112
1882,13,145.48505931674248,160.82588529123183
1882,11,145.48505931674248,160.82588529123183
1884,11,143.5966185794358,159.5039970596343
1885,13,142.56248714608898,165.4985260848701
1886,13,141.7033089257577,168.9480025952359
1887,11,143.09613309352517,170.19073741007193
1887,13,143.09613309352517,170.19073741007193
1889,11,145.18758697467297,170.72446423601448
1890,13,147.7295213016082,174.80268973949026
1890,11,147.7295213016082,174.80268973949026
1892,13,149.2663248785753,177.67799964022305
1893,13,153.91695749440717,180.437225950783
1894,13,154.9939721097616,180.8915879442195
1895,13,155.7428517682468,180.49548532731376
1895,14,155.7428517682468,180.49548532731376
1897,14,156.57975431790894,181.15008774360396
1898,13,159.66629077029842,180.45862248438584
1898,14,159.66629077029842,180.45862248438584
1900,13,162.47346430793849,179.97013067828252
1901,14,165.5967728237792,179.68815286624204
1901,13,165.5967728237792,179.68815286624204
1903,13,167.64851820491108,182.07366638442
1904,14,162.77320111873888,179.54801254343587
1905,14,161.4828025477707,179.54367606915378
1906,13,162.70475514549327,178.49813697657913
1906,14,162.70475514549327,178.49813697657913
1908,13,162.17764915405164,180.60837043633126
1909,14,163.5491818181818,181.56181818181818
1909,13,163.5491818181818,181.56181818181818
1911,14,162.6212668487358,183.97471588406307
1912,14,161.42690839694657,189.831393129771
1913,14,162.17550923732827,193.46952471182695
1914,14,159.93759571209802,195.24980857580397
1917,14,159.82314681970348,195.76757532281206
1919,14,160.70460116914953,194.62285498774278
1920,14,163.71083753392787,197.73138813493603
1921,14,166.00459261779213,199.44548392583772
1922,14,167.05683651200303,201.70319764683558
1925,14,164.4918002579694,198.79178183158282
1928,14,165.43198426082068,200.286303166573
1930,14,167.65893333333332,199.85226666666668
1932,14,163.63321086118827,201.90922125638497
1933,14,162.01919577874818,202.52893013100436
1935,14,161.4557958641624,203.62303168279263
1936,14,161.73423805484873,207.02365469795495
1938,14,161.91191661188844,208.59845994929103
1939,14,162.18118189067067,208.28962523256845
1940,14,158.1796964256569,210.27321690876448
1941,14,156.58544303797467,212.79181051016494
1944,14,157.97261426301523,211.21431909524256
1946,14,157.52645233021403,212.78004262021682
1947,14,155.70025460242852,215.5979240109675
1948,14,155.0235190097259,218.07170645446507
1949,14,156.8472892421232,222.12290661368152
1949,18,156.8472892421232,222.12290661368152
1951,18,158.80501595987232,224.27460100319198
1952,18,156.5697628458498,228.69347826086957
1952,14,156.5697628458498,228.69347826086957
1954,18,155.44927679809788,228.72052704576976
1955,18,157.11375789985416,234.28381137578998
1955,14,157.11375789985416,234.28381137578998
1957,14,157.80779529901815,234.31528314985619
1957,18,157.6343958352361,234.86638049136909
1959,18,160.68345167367048,237.4500796985944
1960,14,162.06368260427263,236.07151576805697
1960,18,162.06368260427263,236.07151576805697
1962,14,163.30979117415288,236.4131205673759
1963,18,167.88134015821313,236.35932992089343
1963,14,167.88134015821313,236.35932992089343
1965,14,165.99896059718415,236.15921761315317
1965,18,165.96461324687354,236.30254747568318
1967,18,163.95078429745206,243.17254543945555
1968,14,161.8407323088598,244.01062416998673
1968,18,161.8407323088598,244.01062416998673
1970,14,161.64573526642818,247.19694972698173
1971,18,159.80495818399044,245.52568697729987
1971,14,159.80495818399044,245.52568697729987
1973,14,156.41100291135427,245.78335508483084
1974,14,157.48712365082372,246.51050937322478
1974,18,157.48712365082372,246.51050937322478
1976,18,156.1950455302066,247.6876529912856
1976,14,155.10034602076124,250.62427912341408
1978,14,155.61846379545216,252.8404065807398
1979,18,154.59525450428276,255.64448163827902
1979,14,154.59525450428276,255.64448163827902
1981,18,154.75257635375678,258.2968896383736
1982,18,155.5915306122449,258.0027551020408
1982,14,155.5915306122449,258.0027551020408
1984,14,151.56862570230982,255.42664764113084
1984,18,149.12365145228216,256.6259105578608
1986,18,147.56115455159764,257.27377159957524
1987,14,146.8575406549343,259.32490532412567
1987,18,146.8575406549343,259.32490532412567
1989,18,144.55959679933494,259.4724098513977
1990,18,146.07784615384617,258.6198974358974
1990,14,146.07784615384617,258.6198974358974
1992,14,147.68767787498683,260.02561399810264
1992,18,150.7136694785276,261.07601610429447
1994,18,151.8824154589372,260.5804830917874
1995,14,150.8941740781453,262.76166683321674
1995,18,150.8941740781453,262.76166683321674
1997,18,151.55071398572028,262.88198236035277
1998,18,151.93472460453592,265.0305889079474
1998,14,151.93472460453592,265.0305889079474
2000,14,153.24703087885985,266.17748218527316
2000,18,152.57737707965424,263.5700343898132
2002,18,154.05885327131156,263.34047932045706
2003,18,154.260017809439,264.2808944296032
2003,14,151.5316067146283,265.8740527577938
2005,14,151.04393164043643,266.2604035917737
2006,18,149.8588367099244,268.0766501727196
2006,14,149.8588367099244,268.0766501727196
2008,18,151.0660564310654,268.8791167311503
2008,14,155.2635083874231,270.0289977240158
2010,14,157.1206687213972,270.75184458765295
2011,14,156.10496125591226,273.9989936600584
2011,18,153.78175824175824,274.47604395604395
2013,14,156.68229505152726,277.19756754247516
2014,14,157.821517598963,281.7721607338718
2014,18,157.821517598963,281.7721607338718
2016,18,156.50243945710992,283.185043910228
2017,14,159.95831671320303,282.11537694455524
2017,18,159.95831671320303,282.11537694455524
2019,18,157.90504807692307,284.5691568047337
2019,14,159.01682667492517,286.22514710436667
2021,14,159.26820688343793,289.28788743107054
2022,18,160.8545504536706,293.3689854275502
2022,14,160.8545504536706,293.3689854275502
2024,18,163.17922606924643,291.56045176819106
2025,14,161.983086502861,292.88623359138336
2025,18,161.983086502861,292.88623359138336
2027,18,161.8722675064839,292.2413856984068
2027,14,163.46640826873386,294.2262969588551
2029,14,163.83678227921888,295.95870980277857
2030,18,167.13786626596544,299.13871149511647
2030,14,167.2722271342961,300.409470478436
2032,14,167.1246719160105,300.5292751867555
2033,14,164.83419640335185,301.5074851708879
2033,18,164.83419640335185,301.5074851708879
2035,18,165.1109110911091,298.36123612361234
2035,14,167.260873424463,297.5320433161726
2037,14,168.70325915542315,293.7049237778167
2038,14,167.28251831320532,294.7317362898436
2038,18,167.5778793941126,298.0232447365914
2040,18,168.13982923154194,297.7220492214967
2041,18,172.9978685030333,298.9003935071323
2041,14,172.9978685030333,298.9003935071323
2043,18,176.19051291939837,300.19890088700345
2043,14,179.91553912093454,300.1506008908312
2045,14,180.613762031538,296.8567479008806
2046,14,181.55907886320023,297.98062688476654
2046,18,181.26953954046323,298.0991971947956
2048,18,181.45580136283021,299.7747596378232
2049,14,181.9172745063156,300.41122576054084
2049,18,181.9172745063156,300.41122576054084
2051,18,181.48812207386857,298.59961851916074
2052,14,177.83834439672003,299.57809449433813
2052,18,177.83834439672003,299.57809449433813
2054,18,179.44157237612174,298.94030433086226
2054,14,182.70351319875778,300.06356754658384
2056,14,182.9778744182498,298.1696040283818
2057,14,180.6079791139757,297.65342253406214
2057,18,177.71466641286762,292.98420100885124
2059,18,178.83334895491612,294.7286531071328
2060,14,182.094154676259,293.42643884892084
2060,18,182.094154676259,293.42643884892084
2062,18,184.75720736366793,294.09864536297323
2062,14,186.09626679940268,293.81921353907416
2064,14,187.79111347141088,293.14922995220394
2065,14,190.6811202317721,292.7889908256881
2065,18,189.93184443588757,294.4296303427031
2067,18,190.29328496859242,294.73768026187736
2068,18,187.0151996151996,297.7286195286195
2068,14,187.0151996151996,297.7286195286195
2070,14,186.83041792330891,296.133132270573
2070,18,185.50752184487885,295.96576884965316
2072,18,186.12228134042752,294.8563427611313
2073,14,185.99376122506854,296.2533320729748
2073,18,181.62126345157432,296.06187724192904
2075,18,182.46288714845141,299.71662513349946
2076,14,183.1694049939664,299.5225099786503
2076,18,183.1694049939664,299.5225099786503
2078,14,184.25371900826445,300.7960514233242
2078,18,183.21087873784626,305.13217758209504
2080,18,182.62677670793215,307.08005502063276
2081,14,181.5805022156573,305.8524741506647
2081,18,179.84612333928217,306.4443783462225
2083,18,181.29388816644993,308.50685205561666
2084,18,178.13833157338965,307.0719976960737
2084,14,177.85119173170216,306.4271250790972
2086,18,175.47953810623557,307.981247113164
2087,14,173.99720374120142,308.2009449426285
2087,18,173.99720374120142,308.2009449426285
2089,18,174.57225316455697,308.81620253164556
2089,14,174.7832188135101,310.5519210297106
2091,14,177.85985599499114,312.13649170405927
2092,14,173.8802494039978,310.1856776086558
2092,18,172.00071044351975,310.47680909367705
2094,18,171.21170610211706,308.9061212759843
2095,14,168.28240326270765,307.60559037103354
2095,18,168.28240326270765,307.60559037103354
2097,14,167.6325272184218,305.2368243568745
2097,18,167.1418008710625,309.6755798642763
2099,18,168.584813160475,311.2692014380651
2100,14,171.3175318315377,309.75367286973557
2100,18,170.09523325541213,311.35491411728833
2102,18,168.4427876152014,313.3734078906493
2103,18,164.06803975817195,314.65754687980325
2103,14,164.06803975817195,314.65754687980325
2105,14,160.79938062518147,313.8618987709281
2105,18,160.6769936890419,312.56626506024094
2107,18,163.18367716250452,311.8856315598987
2108,14,165.28620581795434,311.1797518506934
2108,18,165.510175010175,310.49440374440377
2110,18,167.4730019393692,310.8114728998673
2111,18,166.58317690176096,309.76678287297756
2111,14,165.29782781984855,307.57921482662414
2113,14,167.6837633731907,307.24617159639183
2113,18,167.4161220043573,307.80921257391844
2115,18,166.70715209390232,309.74485228290064
2116,18,166.81096369433303,310.1673351846138
2116,14,167.92091836734693,308.86337868480723
2118,18,166.76100628930817,310.152298016449
2119,18,166.53433939020636,313.09352222564416
2119,14,170.10959271168275,316.22659878528043
2121,14,168.31685442414962,318.1416384118998
2121,18,168.41286834852662,317.82669069323725
2123,18,165.25554351039716,313.0380408002365
2124,14,168.49058116232464,311.07855711422843
2124,18,171.2726531444297,308.43247375394964
2126,18,173.1594293357111,309.54043691484617
2127,18,175.81423390752494,309.6841341795104
2127,14,172.80985656491356,310.15943361529975
2129,18,175.03115769414006,311.44049547403523
2130,14,176.1610650777395,314.4834745368215
2130,18,176.90625308702954,317.151832460733
2132,18,176.63969191812618,317.73232749525215
2132,14,175.00671925211802,318.0049664037394
2134,14,173.99055845721173,319.94807151466455
2135,18,173.60519715059698,319.54941306310826
2135,14,172.96625098970705,321.1353919239905
2137,18,172.99588592800373,319.93894343151004
2138,14,175.87298747763865,319.8084926089822
2138,18,177.81980703745742,318.44863791146423
2140,14,177.61443728685109,317.1190791966654
2140,18,180.7599663110612,316.45938611267076
2142,18,182.1669302233643,315.75034591816564
2143,14,185.13045234248787,315.8355210016155
2143,18,185.0399839663293,314.35444433309954
2145,18,184.7151209858775,311.2170549608707
2146,18,185.52888050813814,310.12187375942835
2146,14,183.05598139695115,311.771337524761
2148,14,179.96151903848096,313.1405918594081
2148,18,179.56096046367213,312.458393707307
2150,18,177.8840133661625,313.77611677805135
2151,14,174.74161441226238,314.68826515377725
2151,18,173.8592621896944,312.24507961625955
2153,18,172.87758654032103,310.11777219106557
2154,14,173.49725004910627,308.9647417010411
2154,18,174.03552902026036,308.28511304688266
2156,18,174.10988680757288,308.4598817990584
2157,14,174.25164901059364,310.39646212272635
2158,14,174.13971045385912,310.3517186250999
2159,18,173.5564667522972,313.32427625728684
2159,14,174.26708706265256,315.8216029292107
2161,14,177.42236274214594,317.9538291679213
2162,14,177.91991467907698,321.5422726391313
2162,18,174.26044204664115,322.4051514096763
2164,18,173.03511994813053,319.50389020963905
2165,18,170.8121496279686,319.4825196208338
2165,14,170.9268953068592,322.4780385078219
2167,18,170.88801613416834,321.7125570533914
2167,14,169.70093542820817,324.8686767777677
2169,14,172.38976845438353,329.87354047100735
2170,18,171.9870826709062,331.6675278219396
2170,14,170.94375358714368,333.45504113258085
2172,14,171.69970414201183,334.5709002535926
2173,14,171.85469904963043,333.6213305174234
2173,18,171.92572557994382,333.4995318839072
2175,14,172.71687183200578,335.5334643632978
2175,18,171.59392864182928,334.80977725211903
2177,18,170.83786859803413,331.6735644076565
2178,14,167.8912976471797,331.56590979143124
2178,18,166.80616398526846,331.1661174646249
2180,18,166.97075908240623,329.20675396278426
2181,14,164.6995877397383,328.23516759275856
2181,18,163.2433475523055,328.02021125330083
2183,14,164.20562590824164,328.3129541208221
2184,14,164.14988389275914,327.75448596157906
2185,14,164.96561168594036,329.270135930209
2186,14,166.0788310634076,331.63064850726073
2186,19,169.14333057166527,333.18714903801896
2188,19,169.20481064483113,334.8363357215967
2189,14,169.62751945719418,332.67541408900416
2189,19,170.94971483653305,331.42019439312395
2191,19,172.8235005880047,327.7354958839671
2192,19,172.44961163114917,323.87841067516433
2193,19,172.160565123234,321.2954522017119
2194,19,171.77470534904805,321.9832275611967
2197,19,172.15225322946455,317.69933931564935
2199,19,172.71918226200162,317.26891781936536
2200,19,171.0767870148788,317.70013526167935
2201,19,170.05414667580536,315.60383824537354
2202,19,172.06186868686868,312.22474747474746
2202,21,171.7974537037037,308.51273148148147
2204,21,170.5690464219876,304.33660130718954
2205,21,169.42872127395825,303.5740440545437
2205,19,168.73229724166325,304.0514615067929
2207,21,170.78538492381716,302.86367281475543
2208,21,168.58978504850674,302.2624120220658
2208,19,167.84152604548788,301.18130961115185
2210,21,166.69959809327975,303.7262360968315
2211,21,164.40016544307724,305.13638713680075
2212,21,167.05583605583607,306.95604395604397
2213,21,165.67946350471377,304.8421615317329
2216,21,162.54527182235836,299.6843415007657
2229,24,155.95733437714063,298.7476269693708
2231,24,154.98800436205016,298.5882224645583
2232,24,148.41790884718498,300.90048257372655
2234,24,146.86268056317425,303.404552934723
2235,24,143.8111282843895,306.5698608964451
2236,24,144.72645820267002,307.6572887734074
2237,24,143.90731853629273,309.3385322935413
2238,24,145.5500728711222,309.7231938371851
2239,24,144.02485109878825,310.6181967549805
2240,24,145.69651832221513,309.20725577995063
2243,24,146.442417331813,311.50627137970355
2245,24,146.41305739278857,310.2560273095797
2246,24,146.56758481335743,309.96352228012336
2247,24,146.3219478871865,306.18093100419634
2248,24,146.28345035105315,302.879037111334
2251,24,148.21598401598402,299.04135864135867
2253,24,147.82748961653627,295.88515406162463
2254,24,147.71456018711888,294.9120374237741
2255,24,145.117281626506,290.9186746987952
2256,24,145.60608908099982,289.79486938545386
2256,27,147.16453439597316,286.6875
2258,27,148.74099762470308,285.1698812351544
2259,24,149.36848805327065,285.30003916960436
2259,27,146.9759048497898,283.18250794627295
2261,27,144.19106302916273,283.12944496707433
2262,27,141.04775488642366,282.71146328578976
2263,27,142.495598135681,281.79216295529085
2264,27,138.87196110210698,278.27055645596977
2265,27,140.27006022925977,276.03506897221683
2266,27,142.14043048283887,273.85410122164046
2267,27,141.90976210008205,271.06983182936835
2267,28,140.5212690714358,268.54157825603716
2269,28,141.06666666666666,267.47110563090837
2270,28,143.36361875242153,266.64664858581943
2271,28,140.13359295631562,265.154673213681
2272,28,139.23031476011002,262.5273505144138
2273,28,139.5777707476537,261.6393546346093
2274,28,138.8701101789144,259.7603355908218
2275,28,139.75759054964365,259.9215073708874
2279,28,137.02028579994004,260.8198261217148
2280,28,136.19604793705975,258.363187265575
2281,28,135.1750383856109,258.8466769028296
2282,28,134.4179985747735,260.8782449353558
2283,28,132.44737098819627,262.75573114818064
2284,28,131.92574623797384,259.90765562042594
2285,28,129.72858049502855,257.8413370002115
2286,28,128.85539308773264,257.33469426509686
2286,30,126.93078906652914,255.8105208870552
2288,30,123.12629972336163,256.2392444910808
2289,30,120.79972324723248,254.1269372693727
2290,30,117.9319131992833,252.22068484969142
2291,30,117.22654127481714,253.41065830721004
2292,30,115.43173943173943,253.24532224532226
2293,30,114.48336404031646,251.2195729923052
2294,30,113.03314917127072,250.71270718232043
2296,30,115.02954614681694,249.4074525332521
2297,30,118.5570252792475,248.92053693905547
2298,30,120.56644165863067,246.81542912246866
2299,30,122.0820133388912,245.5303251354731
2300,30,124.23746057584698,244.98545121579002
2301,30,124.27001039501039,244.1015246015246
2302,30,122.44572116436856,243.25005471656817
2302,32,119.79235668789809,242.03676069153775
2304,32,118.145013905443,241.02026221692492
2305,32,118.41544775334106,239.1289066610544
2306,32,119.91863033873344,238.05265095729013
2307,32,122.1830850552619,239.27938491110044
2308,32,120.5801959773079,240.97318205260444
2309,32,125.48161263960773,238.08844093344229
2310,32,127.22784708249497,237.66076458752514
2311,32,129.42326418289585,239.70935647756139
2312,32,128.82645470294509,239.26230510547234
2313,32,127.36739307351479,236.99448413057237
2314,32,129.54674543946933,240.963412106136
2315,32,126.99922856513115,239.81639850121226
2316,32,126.19445247038428,238.9712992391409
2317,32,127.75913520097443,237.85363377994315
2318,32,125.92993103448276,238.50905747126436
2319,32,123.64434389140271,239.6960281548517
2320,32,124.09039079506583,240.91188970664456
2321,32,125.15351362219765,237.32753594048458
2329,34,124.77688246735204,229.35278318051311
2331,34,124.4548847000287,227.88699645966892
2332,34,123.25077309625048,227.82412060301507
2333,34,124.06239768897449,230.1722676937891
2334,34,123.17424957523126,229.42684538417973
2335,34,120.71942042008311,227.51645512748513
2336,34,119.12606816125465,226.3164773298482
2337,34,120.12023621506557,222.66634621987228
2338,34,121.80389728346131,217.9793576087854
2339,34,121.6387491368255,214.05563776265168
2340,34,120.15877292983728,212.15245103119494
2341,34,118.27246195538879,210.03908692933084
2342,34,117.28513174404014,210.70713090757005
2343,34,119.83705019991115,210.92367836517104
2344,34,119.70096777057623,207.2540175796857
2345,34,120.49495045731707,205.3607088414634
2346,34,117.64823622671423,205.12584225128816
2347,34,118.2465193262584,207.2204264433843
2348,34,118.65018140156579,208.723505823945
2349,34,115.60173334677013,209.87413080721555
2350,34,112.43236887843779,209.2104079337491
2351,34,110.96767563527654,209.13181988041853
2352,34,112.2391326172071,207.3549844393133
2353,34,113.67131048574348,206.799758521408
2354,34,112.04969467256265,207.47115182143608
2355,34,112.40072529465095,205.1703435076055
2356,34,113.31001442406759,202.66639192252214
2358,34,114.07993251080882,200.4617737003058
2359,34,116.04868299682279,198.86286768473917
2360,34,115.70981857963352,194.43312972923695
2361,34,115.28559633027523,194.5319266055046
2362,34,115.68414695520886,194.14906894816306
2363,34,115.5844094189138,192.4142612988986
2364,34,116.79937872120114,190.0522909655708
2365,34,115.95777496839443,185.705604719764
2366,34,116.18192499755214,184.88916087339666
2367,34,119.17887167021169,188.14413045680138
2368,34,117.52694674305114,190.81434330575004
2369,34,117.7202416918429,192.28690835850958
2370,34,118.78958921291941,192.10034493571652
2371,34,121.50876831029503,190.9253146276047
2372,34,122.66362505184571,189.03060970551638
2373,34,121.48220675944334,184.936282306163
2374,34,120.03543928923987,180.81253701875616
2375,34,123.40795769327626,183.04323008478133
2376,34,125.85819307409557,184.53356548655447
2377,34,124.32181599035758,184.47740056247488
2378,34,121.86464282136059,184.22021841498847
2379,34,122.21482943332394,181.15806785076592
2380,34,125.05156202608433,179.78151855221918
2381,34,126.41166666666666,178.03127450980392
2382,34,128.52646456769665,176.2295545374793
2383,34,129.24147271268058,174.6256019261637
2384,34,128.7622410995514,173.8953899016894
2385,34,125.0871996076508,172.50220696419814
2386,34,126.70802139037433,171.30160427807488
2387,34,129.15504645079824,170.15811310543882
2388,34,133.4471203211052,167.64575749089892
2389,34,135.25543983633997,167.73349451366934
2390,34,133.21966317705963,167.1858898497952
2391,34,131.58280507131536,165.32636687797148
2392,34,131.95724023961992,166.5862425118777
2393,34,130.05112072355485,168.56655524970506
2394,34,129.0941286989197,170.42301550023484
2395,34,125.76704338315713,170.9595333576376
2396,34,125.18975313479623,173.50215517241378
2397,34,124.89633548892809,175.0097981579463
2398,34,122.54010161495191,177.89629831246597
2399,34,123.27041791860148,177.1746335245379
2400,34,122.89959473150962,179.79878419452888
2401,34,122.27487073422958,179.3477766287487
2402,34,123.0201019524863,178.18043666442242
2403,34,123.024317525389,176.84757290599086
2404,34,122.3696607488135,173.03981367551415
2405,34,125.19426751592357,171.76906524358753
2406,34,128.2979170647812,168.23886871775272
2407,34,131.2187040486227,167.74316243505538
2408,34,132.47818741925866,166.62128589883733
2409,34,129.03899677647613,167.33579683937415
2410,34,127.60440424695241,164.30357845064884
2411,34,129.20744733952282,164.11460517120895
2412,34,130.25300596140244,164.4613519248257
2413,34,131.57507700205338,163.34169661190964
2414,34,132.5098700860469,159.58208199763794
2415,34,129.9738168165201,163.4719889338998
2416,34,129.04445113385512,162.74974914710015
2417,34,128.51714400968132,159.41075030254135
2418,34,128.47387806532907,159.27866627895708
2419,34,128.1604473918638,159.05820053449472
2420,34,130.07582724731765,159.27914525290777
2421,34,133.0959897219418,157.1233366981738
2422,34,132.9935378252628,154.61588833362055
2423,34,130.5234670704012,156.095287660863
2424,34,130.4575050417747,157.5783155670796
2425,34,129.68651949271958,155.32193518083608
2426,34,132.43025004700132,152.4531866892273
2427,34,131.71003544114905,153.51240440216378
2428,34,130.43063367079114,151.70763029621298
2429,34,129.82757111597374,153.101181619256
2430,34,130.84106386894902,152.49144119271122
2431,34,130.5033125300048,153.75237638022082
2432,34,130.13355530891602,150.6286533481317
2433,34,132.23850161696012,154.96469637082285
2434,34,130.4775336500396,155.51623119556612
2435,34,128.9168970814132,156.48256528417818
2436,34,126.634219359521,160.0211376213372
2437,34,125.84434102386375,162.17942370531736
2438,34,124.89249899719213,163.47031688728438
2439,34,123.1559633027523,162.74621061029117
2440,34,121.78045339102624,161.92267895776502
2441,34,118.82836309245583,165.90623539310087
2442,34,118.91266164833044,164.18780158270604
2443,34,118.22589147286821,166.0493023255814
2444,34,120.03728986245542,168.2948548140601
2445,34,119.55822222222223,168.69491358024692
2446,34,123.1346913688647,168.59935025024146
2447,34,122.79438826637515,165.71649813245878
2448,34,123.04563024417837,167.70151786556048
2449,34,123.44541605301914,168.10686671575846
2450,34,126.48551369524374,170.5865717393454
2451,34,124.56018073447414,173.00221111324745
2452,34,124.5473954729663,173.1851339329841
2453,34,123.15088439362846,171.87892113749635
2454,34,123.93459481694777,170.9299670917318
2455,34,122.64638576098801,170.31011623683256
2456,34,121.89571712205729,170.66219154769783
2457,34,119.06822926551527,167.80575061681535
2458,34,121.29756744803184,165.34188412206987
2459,34,120.90712228071918,163.07092480381445
2460,34,120.97273327672421,164.44730634965563
2461,34,119.79749222211747,164.77967380032055
2462,34,118.75398455069913,163.86359636256967
2463,34,117.82937603533959,166.0171176145776
2464,34,118.6451009723261,167.45409498878087
2465,34,118.05584575933138,166.40925064108652
2466,34,117.1415189640922,166.12131508862154
2467,34,118.339163080304,163.88737295119495
2468,34,118.46418312387792,164.45062836624777
2469,34,116.22812322812322,164.7044982044982
2470,34,118.12268952585052,164.8876685418341
2471,34,119.35724489795919,166.86663265306123
2472,34,118.50611510791367,166.01897482014388
2473,34,114.7377420683972,164.2909971157808
2474,34,114.23846343670313,165.58789174960927
2475,34,111.74664027502865,168.122512761746
2476,34,111.66065509845974,170.8591343341782
2477,34,115.42836257309942,173.16072733918128
2478,34,117.47433859960736,173.0702065999813
2479,34,118.0587912087912,175.0654945054945
2480,34,118.22527730042181,171.5042180909233
2481,34,117.51138024639799,168.45218208394238
2482,34,114.1662421630094,170.92564655172413
2483,34,109.79498566009806,169.93385142011286
2484,34,107.15760869565217,166.6238354037267
2485,34,104.81070174127494,165.75128914131977
2486,34,102.15029828154216,166.94061080936694
2487,34,100.83434998093786,168.58368280594738
2488,34,98.76437144662034,168.4647294167193
2489,34,99.08439415370108,168.18236680810938
2490,34,98.64792102901585,168.93319373815933
2491,34,101.37856568903175,169.88238248292487
2492,34,101.57407578132202,172.13340094035217
2493,34,101.85289809583595,170.79786566227244
2494,34,103.79901074859697,172.78217445068012
2495,34,105.15853774935573,171.8511024148134
2496,34,102.26391848077813,174.21083835108846
2497,34,101.06426437999808,176.15309760092495
2498,34,100.98192284386992,178.92001615835184
2499,34,102.93349973257266,177.53467641290783
2500,34,104.2015503875969,179.85502030269473
2501,34,102.73468417047184,177.83723363774735
2502,34,102.6604858149453,175.33654737622845
2503,34,103.42142418661756,174.15786781256395
2504,34,105.0655219159512,175.8262087663805
2505,34,103.476051720998,174.68594063012202
2506,34,105.91373772597963,177.04331467376343
2507,34,107.72475113559486,180.6288779356335
2508,34,105.26622902990518,181.93572210065645
2509,34,104.95461157986617,181.52594316749102
2510,34,103.59012658227849,181.75147679324894
2511,34,101.57118957471164,183.57462358017082
2512,34,98.00140982539855,184.68723565773777
2513,34,96.9785061272126,183.2624003112235
2514,34,95.21308351857732,183.1345400656293
2515,34,92.14357106555988,179.9044553616805
2516,34,89.21775997018263,179.53289228475586
2518,34,89.43205763169743,173.10914002701486
2519,34,89.18476445038424,174.32475776812564
2520,34,89.83484848484848,175.31310160427807
2521,34,91.30284096456117,175.96436590842526
2522,34,93.29163461538461,177.2841346153846
2523,34,91.75644966005402,179.24103567104405
2524,34,91.55869283466025,179.93899277911498
2525,34,92.91889409387343,178.34527418021494
2526,34,89.77758383096004,179.02177308222323
2527,34,92.86662141523841,176.1475479382318
2528,34,92.63743180864456,178.27981535879144
2529,34,93.65178493876488,179.04742465039521
2530,34,92.98703181020673,178.21046609199786
2531,34,92.19911460895229,177.8237088047221
2532,34,93.44125846276384,177.54066109119873
2533,34,93.72748035812168,179.5995797551617
2534,34,93.45929191348671,176.87105661936906
2535,34,91.84310329898693,172.20824313793403
2536,34,93.85129419725935,171.2239891727288
2537,34,94.59175092601862,170.92551806987686
2538,34,94.98530713400602,171.2815542573907
2539,34,94.4665058452403,171.12933753943219
2540,34,94.11123605224462,170.76515872329384
2541,34,94.20311479996269,170.88221579781776
2542,34,95.5802798134577,171.08137432188065
2543,34,96.85896381578948,172.14514802631578
2544,34,95.43793911007026,172.5197998722589
2545,34,94.94479234146692,174.39998560426113
2546,34,96.40874422601783,173.16521645719197
2547,34,97.86269586179188,173.38931297709922
2548,34,96.64584980237154,172.1886166007905
2549,34,96.14924980257963,167.5430376414846
2550,34,93.58941515241783,167.2826928805481
2551,34,94.24759397130924,166.75122571272925
2552,34,93.97052370504626,165.38061623581035
2553,34,93.318584972984,168.35712101131614
2554,34,96.27804827514763,167.54138609758624
2555,34,97.61257750221435,170.42471213463241
2556,34,100.26061391269683,172.08451265696633
2557,34,102.94047915112327,168.96601177153278
2558,34,103.73982375157365,168.4050566512799
2559,34,102.52902185596561,166.09208169115013
2560,34,102.0231830726771,165.4641214351426
2561,34,102.44545984833755,169.94011277464514
2562,34,103.34781070322866,169.9812472357364
2563,34,100.8596096096096,168.64893018018017
2564,34,98.78735632183908,167.4377052545156
2565,34,96.99838644614763,166.34177087535298
2566,34,96.0166561910748,165.21234024722398
2567,34,95.07228457295035,163.48620886437132
2568,34,94.84820291842131,161.55254137694644
2569,34,94.93432272876353,160.38889799934404
2570,34,92.85872269836881,160.0710533591374
2571,34,90.96420310606895,155.77354334177772
2572,34,90.64042352447845,155.56945172449943
2573,34,90.87544696066746,156.35349622566548
2574,34,92.7034091803795,156.270608613495
2575,34,93.77895126922364,156.45905132481008
2576,34,92.2561915527695,159.611447949851
2577,34,90.0426094890511,161.52043795620438
2578,34,87.40489759572573,163.53837934105076
2579,34,88.64733362714853,163.32366681357425
2580,34,85.32971723279388,164.18913391428063
2581,34,85.50575855497556,162.31933051619853
2582,34,85.40646910348696,160.814246985136
2583,34,85.5395791142027,160.20762525314782
2584,34,87.938882532418,160.61575133485889
2585,34,87.59811703895144,161.8850839948311
2586,34,87.04341694368892,161.7991336758336
2587,34,88.18965018791559,161.5181651729787
2588,34,90.3147856679937,158.05379131561892
2589,34,91.2547289846467,157.5317669013487
2590,34,90.56294607454402,157.35269627279936
2591,34,92.51527955193083,157.86479316104942
2592,34,92.10976847154322,156.85683977492852
2593,34,92.99088755239657,157.04428649535265
2594,34,94.6681330472103,157.60654506437768
2595,34,95.24450784593438,158.81797432239657
2596,34,94.74416332910032,156.73302725407834
2597,34,94.16782168945495,158.47274770556285
2598,34,92.52676221117285,159.24549088427415
2599,34,94.55814371796025,160.76535659681625
2600,34,95.15863910592424,158.6633369597468
2601,34,90.90284601835543,160.9957356076759
2602,34,88.70925150245857,161.76297577854672
2603,34,90.44711849773365,161.94819771206562
2604,34,88.72429710449013,162.55633655056653
2605,34,88.56687220922815,163.13012970444396
2606,34,87.01055609968441,160.77364239851997
2607,34,84.88978706624606,160.58773659305993
2608,34,82.54992921703148,162.791680278776
