frame,particle,x,y
0,0,265.34342596433015,11.093737038573206
0,9,446.5015237265999,100.37222464083587
0,33,360.40307134846,410.2344060046588
1,0,265.1188490408674,10.35279399499583
1,43,435.64427767354596,80.83977485928705
1,9,447.0029863481229,100.27943686006826
1,33,359.61899827288426,405.70699481865284
2,0,264.94387067804223,10.04041311180961
2,43,434.0780653372932,82.45439117522274
2,9,446.3422370617696,100.23998330550918
2,33,359.27699168167396,402.754652259669
3,43,435.0138473053892,81.63622754491018
3,9,446.3825136612022,100.10382513661202
3,33,360.01067303863005,400.1338112305854
4,0,265.11258561643837,9.86986301369863
4,43,435.61867088607596,81.42009493670886
4,9,452.1954944635357,87.016418480336
4,33,361.60825358851673,397.32655502392345
5,43,434.8801769199839,81.7708082026538
5,9,446.3319238900634,100.28583509513741
5,33,357.7854834700472,395.8460518684232
6,0,264.9434729564864,9.373729158194388
6,43,434.8159509202454,81.77120173222663
6,9,446.33637747336377,100.32610350076104
6,33,357.86823176033516,391.8921033910363
7,0,264.75922542930215,9.152721958348558
7,43,434.484412470024,81.91915039397054
7,9,446.78422669853194,100.17890064868556
7,33,356.45747578692493,388.4698093220339
8,0,264.82193351165455,10.069545280855941
8,43,435.7776967930029,81.00109329446065
8,9,446.914527027027,100.04155405405406
8,33,354.7115458676731,382.0982823692521
9,0,265.0148550724638,10.116666666666667
9,43,435.77681360638667,81.25893786879556
9,9,447.3871641791045,100.1044776119403
9,33,355.60756986204456,376.74984082065794
10,0,264.87670275934335,10.085225288159274
10,43,434.75042618479375,81.86498465734742
10,9,446.5441935483871,100.61451612903225
10,33,354.39174364896076,370.2022228637413
11,0,264.73501241575025,10.039730400851365
11,43,434.199228340933,82.23886355664679
11,9,446.4483785572469,100.63401720714758
11,33,356.73240058910164,368.82245949926363
12,0,264.8075286415712,9.450409165302784
12,43,433.89032258064515,82.42186379928316
12,9,446.448801036941,100.33927414128321
12,33,357.51465004656495,366.511569596676
13,0,265.1703679151475,10.12794166390454
13,43,435.1695598264104,81.28859268443894
13,9,452.3378083047143,87.46955978769903
13,33,355.9878695431103,363.8563230914506
14,0,264.7929128738622,9.196033810143042
14,43,433.9942176870748,82.55646258503401
14,9,446.3516414141414,100.3080808080808
14,33,355.697210864486,361.3696699766355
15,0,264.98499499833275,10.288096032010671
15,43,435.98015364916773,81.03745198463508
15,9,452.3111455108359,87.06656346749226
15,33,356.75649117773634,359.78489456319033
16,43,434.2461913467398,82.50639853747715
16,9,446.0906808911202,100.6319422654534
16,33,356.72848909016056,355.6132153149444
17,0,264.6857473258167,9.894767273778548
17,43,435.7649230769231,80.83107692307692
17,9,446.01241671714115,100.60478497880072
17,33,354.30007336757154,353.1645434536117
18,43,434.93557336621456,81.68033292231813
18,9,446.2190293742018,100.64495530012772
18,33,351.29532537652744,352.28495311167944
19,43,434.3493436754177,82.16258949880668
19,9,446.20197904540163,100.72235157159488
19,33,349.50581480936256,349.68916531723835
20,43,435.46907369044095,81.40544539804677
20,9,446.071050171393,100.73075724524774
20,33,350.10762641613707,346.75283227410887
21,0,265.08345887315454,11.067188912322989
21,43,434.13656387665196,82.6208516886931
21,9,446.96576879910214,100.00645342312009
21,33,350.78974155595216,344.90766078392494
22,0,265.07597597597595,11.176276276276276
22,43,435.40282783476573,81.77016911560854
22,9,446.5169632925473,100.4535595105673
22,33,353.562253843222,338.3966459153856
23,0,264.91627616369885,10.255545142143081
23,43,434.68912666281085,82.53123192596877
23,9,446.93311931514177,100.23863028357411
23,33,353.6118429896491,333.9583277322221
24,0,264.63300970873786,10.178363384188627
24,43,434.75662778366916,82.31389183457051
24,9,445.5025875190259,100.74520547945205
24,33,353.116823014384,330.21350844277674
25,0,264.722256284488,10.072041692213366
25,43,434.96502433090023,81.74209245742092
25,9,445.4426518040481,100.79671457905545
25,33,350.10985703536494,327.9921335248649
26,0,264.8740973312402,9.392464678178964
26,43,435.6341263330599,80.94011484823626
26,9,446.32441860465116,100.5360465116279
26,33,350.3015369430344,326.27241962774957
27,0,264.9433754810335,10.077789994502474
27,43,434.82599704579025,81.7810930576071
27,9,446.10428646105595,100.73209618400418
27,33,349.6235770789118,324.7576693034922
28,0,264.77045850261175,9.361578641903655
28,43,434.7992489890237,81.81282495667244
28,9,446.0361794500724,100.68104196816208
28,33,348.1648869138423,319.6633282483253
29,43,434.8516972732332,81.68030050083472
29,9,446.22131147540983,100.30983606557378
29,33,348.4264616629577,316.77854204599095
30,0,270.69288110324266,21.7506522549385
30,43,434.8827868852459,81.70300546448087
30,9,445.5974696617609,100.75651949393236
30,33,350.14943738895835,313.68520102651837
31,43,434.32603406326035,82.73884833738849
31,9,446.25553956834534,100.67280575539569
31,33,349.73052354297005,310.7759631215015
32,0,264.8558653340347,9.385323513940032
32,43,435.753280839895,80.89055118110237
32,9,446.4427268119615,100.24683223517486
32,33,350.34213700717413,308.994603517237
33,43,436.0208595124403,80.85976375973863
33,9,446.24831544796604,100.21038183179436
33,33,353.7023484798084,303.88164460115763
34,0,264.935960591133,9.391351943076081
34,43,435.75738724727836,81.0025920165889
34,9,446.4678899082569,100.31242251425738
34,33,354.02945849331394,302.5438236462333
35,0,264.90757995467135,10.290606900025182
35,43,435.0825619214411,81.25243932949712
35,9,446.1923645320197,100.36871921182266
35,33,356.2479535736103,301.6166768478925
36,0,265.13370696557246,10.306111555911396
36,43,434.7619279454722,81.77020447906524
36,9,452.5616921269095,87.15276145710928
36,33,354.06808561378404,296.82829547487034
37,0,264.6654258813225,9.26472520253996
37,43,434.7723577235772,81.76580849141824
37,9,452.55068493150685,87.03082191780823
37,33,352.7892444392822,286.77588710145767
38,43,434.26708229426436,82.11271820448877
38,9,452.4895345973898,87.75178527456292
38,33,351.4068209500609,282.72325149048015
39,43,434.7833967330499,81.82166032669501
39,9,452.92653871608206,86.95521729538936
39,33,348.9535114905561,279.16162797497225
40,0,265.0190550770034,10.141738449490994
40,43,434.7282899537825,81.93456579907566
40,9,446.34650715659046,100.06302072206793
40,33,348.77894467213116,277.40733862704917
41,43,434.28523035230353,81.85749774164408
41,9,446.7821978021978,100.1723076923077
41,33,348.08905755850725,277.7504743833017
42,0,264.7016055045872,9.302522935779816
42,9,447.0727195407187,100.40484796938125
42,33,348.1533329056265,276.43760826329634
43,0,264.6882366535706,9.189276635082043
43,43,435.92679738562094,80.84204793028323
43,9,446.387714663144,100.7752091589608
43,33,347.2000747244536,274.0592813998381
44,0,264.8241206030151,10.069894929191411
44,43,435.75391986062715,80.97321428571429
44,9,446.20032995522035,100.26514258779166
44,33,347.680202411445,273.2839382770038
45,0,264.7219770520741,9.11540158870256
45,43,435.1621621621622,81.1087781996873
45,9,446.1158940397351,100.91545253863134
45,33,348.8870597005653,268.62682487420017
46,0,269.84536384976525,20.204225352112676
46,43,435.16922734357604,81.2939211756847
46,9,445.9951912568306,100.8231693989071
46,33,348.08782780801585,264.21047748639285
47,43,434.7147707979627,81.88497453310696
47,9,446.0670157068063,100.81465968586387
47,33,349.6721610643433,261.7720609878142
48,0,264.63431098696464,9.364292364990689
48,43,434.610151187905,81.99697624190065
48,9,446.5877156943303,100.19186524239934
48,33,349.630706921944,258.55148502700047
49,0,264.6079388664827,9.106983655274888
49,43,434.88110488390714,81.59327461969576
49,9,446.4231532962669,100.42494042891184
49,33,348.2096942502348,254.8160805593238
50,0,265.1189582873538,9.955859633634958
50,43,434.8846235418876,81.85111346765642
50,9,446.31201805529435,100.61500846341922
50,33,348.3591186684229,251.6441743503772
51,43,435.57142857142856,81.09112614405093
51,9,446.55225389124723,100.40933899332929
51,33,348.2624588622473,248.50575928537847
52,0,265.0719341878707,10.077482303424526
52,43,434.8111806098514,81.73182173573105
52,9,446.952515015015,100.62218468468468
52,33,347.01623185300264,245.24267423796005
53,43,435.0954503249768,81.29935004642526
53,9,446.13779756144766,100.86665376427327
53,33,345.76339285714283,242.7886711502783
54,0,264.60766961651916,9.196165191740413
54,43,434.7072817542408,81.82767894083575
54,9,446.5326291965296,100.64956620143342
54,33,344.4135064619865,241.38219768217948
55,0,264.65607371192175,9.384355020684467
55,43,434.83005064715815,82.00562746201463
55,33,342.28477652834067,239.81637079741995
56,0,264.9566731141199,10.219148936170214
56,43,435.07269267364416,81.24605137963844
56,9,446.35936012188154,100.41020757950866
56,33,342.52683941318645,238.9687482434939
57,0,264.61760913612085,9.337447043654448
57,43,434.9393047636564,82.04671693948869
57,9,446.18973810796365,100.40905041867094
57,33,345.45317836289524,236.12250743637765
58,0,264.9909638554217,9.893574297188755
58,43,433.8856412130069,82.73310193642675
58,9,447.10706482155865,100.11744355426075
58,33,347.6754460492778,233.53186066270177
59,0,270.28240989779454,20.807692307692307
59,43,434.6525363604115,81.75895707697765
59,9,446.5844946025515,100.26614327772326
59,33,346.44929000059415,233.20604836313944
60,43,435.58499456324756,81.38999637549837
60,9,452.9300974512744,86.9690779610195
60,33,346.20532829360485,232.28122904346765
61,9,447.0353005068791,100.0001810282404
61,33,346.4060190703218,231.34970202622168
62,0,270.0495968727095,20.942340581480575
62,43,434.19779823136616,82.19238404620104
62,9,446.0742700729927,100.89178832116788
62,33,346.73690607734807,230.93099447513814
63,0,264.81542594013814,10.206830391404452
63,43,434.6838822841551,81.92769440654843
63,33,348.59172105805567,228.9471544715447
64,0,264.6461165952691,10.135220711491897
64,43,434.71552891123577,81.7892090504738
64,33,345.6576486502382,225.84908545550786
65,43,434.2530899410534,82.71629587374025
65,9,446.29909073321727,100.29135229251305
65,33,344.7998017261488,222.33840681128996
66,0,265.01736239379386,10.24214998152937
66,43,435.29272120855404,80.97979203453012
66,9,446.3021844660194,100.43099861303745
66,33,341.95804888791014,218.20832415767453
67,0,264.4804398774112,9.263025058590229
67,43,435.7481494854667,80.6239393392309
67,33,340.4762246644944,217.11912520019882
68,0,264.7142574257426,9.212079207920791
68,43,435.0342037513792,81.74475910261125
68,9,446.10154219372725,100.40270317102755
68,33,337.44893544347036,214.95679152909028
69,43,435.8584483401716,81.02200671391272
69,9,447.0020618556701,100.09165885660731
69,33,338.58134440216764,212.90816326530611
70,0,264.82094792276183,10.13867758923347
70,43,435.73485940879596,81.03082191780823
70,9,446.47334717895467,100.39010038075459
70,33,337.80322824130525,210.8944434767462
71,0,265.29172166698095,10.117292098811994
71,43,434.03739715781603,82.44166043380703
71,9,446.3769019248396,100.3319890009166
71,33,333.77246304600567,209.12052261529092
72,43,434.88642558604397,81.71960748682537
72,9,446.1457399103139,100.77871679889617
72,33,333.8097744777525,207.7406217099795
73,0,265.0,10.08590346750305
73,43,434.263475116239,82.27346306182194
73,9,446.15194412986034,100.36674216685542
73,33,333.5030760626398,207.6362975391499
74,9,446.0848158131177,100.36370170709793
74,33,334.1008734372324,206.55757264371752
75,0,265.1617418351477,10.813374805598755
75,43,434.88153998025666,81.81342546890424
75,9,452.1659058988764,87.13518258426966
75,33,336.4556150361786,204.75786810988882
76,43,434.8029481531684,81.66248729244325
76,9,446.3877103145574,100.33723482077542
76,33,336.75654494860584,201.42364699869384
77,0,270.2719481121149,20.971971276349315
77,43,434.93947277141865,81.85587929240374
77,9,446.19498853008645,100.73301570495853
77,33,336.0576563084987,198.27020377600684
78,0,264.20910714285714,8.120535714285715
78,43,434.69958921235934,81.90551884265048
78,9,446.0479595395884,100.9993024066969
78,33,335.4244437064098,195.17059670098527
79,0,264.61724974021473,9.187391756148251
79,43,434.839298123697,81.96629603891591
79,9,446.94013000342113,100.23554567225453
79,33,337.8360465116279,191.8289534883721
80,0,264.92006363094055,10.047126665341022
80,43,435.13015267175575,81.17862595419848
80,9,446.83795411089864,100.07393244104526
80,33,336.9781896854169,191.48169804701206
81,0,264.99458120452084,10.07803065490014
81,43,435.13374777975133,81.28063943161634
81,9,447.3890591480233,99.87526815813669
81,33,338.35289957567187,188.6952414629218
82,9,452.374936921783,87.22237174095879
82,33,338.4222822258746,184.8395163183846
83,43,435.82529176101724,80.78923532485629
83,9,452.27099364335896,87.15991970558716
83,33,338.1047573568913,183.0520503790366
84,0,265.8085381630013,11.957956015523934
84,43,434.9828068772491,81.68072770891644
84,9,452.44301306137055,87.19574163535516
84,33,338.6867113445632,180.09859325001509
85,0,264.7781903459058,10.147156537033418
85,43,435.42967426096783,81.5241950668424
85,9,452.52149740548555,87.22442550037064
85,33,338.43554629353974,178.0629353974397
86,0,270.55386597938144,21.774742268041237
86,43,434.6738794435858,81.8257341576507
86,9,452.5644494550921,86.85945133408492
86,33,338.38730644236284,175.87580449882114
87,0,264.23123508900716,9.222609653147366
87,43,435.51470890763215,81.56511005965851
87,9,446.55078779751926,100.34009386523634
87,33,338.2187877741323,172.26167040810452
88,0,270.6950162513543,21.431744312026
88,43,434.84148763314676,81.93663116085936
88,9,445.9992356201032,100.67341868908848
88,33,338.7249392561211,169.63341847859945
89,0,264.7614068441065,10.334410646387834
89,43,434.59477971121805,81.75009255831174
89,9,446.23984227670155,100.48431338933653
89,33,337.82222356641665,170.56079119283814
90,43,434.86122518822725,81.59411362080766
90,9,452.52392468474693,87.7175678010019
90,33,339.88009996875974,167.49259606373008
91,0,264.85097106619105,10.075307173999207
91,43,434.31846619576186,82.20100908173562
91,9,446.34954110525285,100.730326108182
91,33,339.6835535006605,164.3407529722589
92,43,434.51204028021016,82.52539404553416
92,9,445.9645491803279,100.78586065573771
92,33,340.8510991565385,160.68300458258616
93,0,269.43397813288476,19.695822820297167
93,43,434.1308016877637,82.75527426160338
93,33,341.0834516805302,160.06160816933794
94,43,434.65795525820613,81.44428183148652
94,33,339.21780198565915,158.85700496414782
95,0,265.14704159343876,10.164421011521188
95,43,434.258956747726,81.9935028772972
95,9,446.55487684729064,100.41694581280788
95,33,337.4824824172962,160.32697317009638
96,43,433.8648119122257,82.51567398119123
96,33,338.9033337542619,155.24409647682788
97,0,265.1880341880342,10.190327287888262
97,9,446.0283036909543,100.35016255498184
97,33,339.586580820061,150.5404947475432
98,0,270.46110815130527,20.930474160895045
98,43,434.8945389790265,81.8765334388603
98,9,446.52550109148643,100.2446914070252
98,33,339.13924734815214,145.203702452537
99,43,434.1207468879668,82.24128630705394
99,9,446.4381107491857,100.44421824104235
99,33,337.7443315665489,140.36182273262662
100,0,264.12809759817003,9.145634769348074
100,43,433.67628705148206,82.7482449297972
100,33,341.5145523217063,136.1438198918759
101,0,264.9127842790903,9.945020975932877
101,43,433.2459881756757,83.58171452702703
101,9,446.42425505313605,100.39695769952073
101,33,345.18477417352165,134.8641160949868
102,0,264.8349392542941,9.877670716380393
102,43,434.4309315286624,81.91958598726114
102,33,343.2177388656262,129.92143129044538
103,0,264.91931765790684,10.099585062240664
103,43,433.97968305566843,82.21028037383178
103,9,446.515186689882,100.4919713677694
103,33,341.45390657296406,126.62976436544027
104,43,434.45456471086635,81.88349925863164
104,9,446.4169656045579,100.31441232327495
104,33,337.26209322779243,121.12800831534341
105,0,265.0709034858904,10.225752904908703
105,43,434.85598065083553,81.55101143359718
105,9,446.36185819070903,100.33340742387198
105,33,337.50858754165597,117.86772622404511
106,43,435.0792429284526,81.87874376039933
106,9,446.49375278893353,100.28134761267292
106,33,337.72842273819055,119.31232986389111
107,43,434.5268793706294,82.00721153846153
107,9,446.2698722113927,100.2583928958198
107,33,340.85385878489325,117.50712989369977
108,0,264.7492197949175,9.119037004012483
108,9,452.08537158984007,86.95296331138287
108,33,341.54955570745045,116.5240943267259
109,43,434.9089026915114,81.90683229813665
109,9,452.55970149253733,87.6327148043566
109,33,347.16227801592163,113.11888723646226
110,0,265.08874764595106,10.237994350282486
110,9,452.46020332258865,87.20332258864369
110,33,349.3345362684951,108.08787441356911
111,43,434.75005524861876,81.6967955801105
111,9,452.2213504517356,87.66405135520685
111,33,350.65452130183127,105.04279343391214
112,43,434.19008630227927,82.00154901526886
112,9,446.1201346517989,100.5878392594151
112,33,349.5692529512481,103.8762728665405
113,0,264.79040178571427,9.340625
113,43,434.9201601507301,81.96632124352331
113,9,446.82512953367876,100.228195164076
113,33,346.02222222222224,99.90746965452848
114,0,265.02569644572526,10.013928914505282
114,43,434.02781706742104,82.75365393682225
114,33,343.9238315594632,98.58010180472004
114,9,446.18362338241855,100.72512271307453
115,0,264.17470923038854,8.185597624350407
115,43,434.7738927738928,81.73574909938546
115,33,343.4629215667217,95.1407328214598
115,9,446.33420308762777,100.75364209610785
116,43,435.10496613995485,81.90112866817155
116,33,342.40546026590886,90.99797016137217
116,9,446.1812319323994,100.59728708027573
117,43,434.85613796233264,82.0117994100295
117,33,345.8047331418952,89.11139716803643
118,43,434.684407971864,81.75052754982416
118,33,346.2032790084903,86.22025958817215
118,9,447.04742662696725,100.21310080816674
119,0,265.54285294980923,11.056354564132668
119,33,348.5328551300115,81.9521583194569
119,43,436.072151341839,80.97052353717554
120,33,351.81783111873125,78.4704243463352
120,43,435.19634015069965,81.73218514531754
120,9,446.4558362915014,100.69555230737106
121,33,352.1339227949105,78.66853569117964
121,43,434.8882592928377,82.0342248413418
121,9,446.29888209238555,100.44357730436617
122,0,264.8464331482273,10.543998291328492
122,33,354.9058847864309,77.46861102492502
122,43,434.05340017436794,82.70749782040104
122,9,446.05635042923177,100.66629980189302
123,33,354.0929971988796,78.28347338935575
123,43,434.8333333333333,81.9498132586368
123,9,446.4167523124358,100.20554984583761
124,0,264.8335832083958,9.451060184193619
124,33,353.177125611406,77.85378291185347
124,43,434.8328056984567,81.89275821131777
124,9,446.52827235374684,100.75640774799452
125,0,264.94352736750653,9.961772371850564
125,33,354.28160860126127,74.63434301664427
125,43,434.9485172981878,81.81816309719935
125,9,446.3151219512195,100.78965853658536
126,0,265.1187380089533,10.266680878277553
126,33,355.8591171617162,74.89511138613861
126,43,434.8228634850166,81.9496115427303
127,33,354.51632896305125,77.46030989272944
127,43,433.93679511278197,82.7220394736842
127,9,446.538390164695,100.36627232660635
128,0,264.8741230707557,10.093004610142312
128,33,355.32111931455654,76.04502780056512
128,43,434.79569486404836,81.83893504531721
129,0,264.7040139616056,9.111169284467714
129,33,351.21448467966576,70.59784122562674
129,43,434.6120751988431,81.8797903109183
130,33,348.5067567567568,67.41291291291292
130,43,435.7686405665945,81.17430651190242
130,9,446.83285457809694,100.21992818671454
131,0,264.43001940910074,9.392279491050248
131,33,346.55548147442613,63.75035717687399
131,43,434.74842899036446,81.74235441977378
132,33,345.90065623422515,64.04634023220595
132,43,434.7379250595625,82.07429066493394
132,9,447.11761182108626,100.14217252396166
133,0,264.7441741357234,10.256594110115238
133,33,346.053603202847,62.65513790035587
133,43,434.60812270468784,81.7545906243249
134,0,265.0365137101287,10.215025181869054
134,33,346.9571917808219,60.353751556662516
134,43,434.93667880322937,81.88222257400665
134,9,446.3872499640236,100.39818678946611
135,0,265.4396206533193,10.496311907270812
135,33,347.4653353428787,56.875470987189146
135,43,435.129407351838,81.08627156789197
135,9,446.5832498497295,100.18012422360249
136,0,265.0823483820965,10.077116837822128
136,33,346.97551771744133,52.59769903359411
136,43,434.9097442754471,81.67491225137891
136,9,446.25818057221176,100.31317457598081
137,0,269.64449585502217,19.8752650857914
137,33,348.48540732594535,48.61111581084511
137,43,434.95971563981044,81.55465047393365
137,9,446.3399722093562,100.31387988266172
138,0,269.7209701652715,19.928525434642626
138,33,347.91861355802376,44.92646495595557
138,43,434.888138256088,81.82388059701492
138,9,446.329664477188,100.340671045624
139,0,265.0070444583594,10.068252974326864
139,33,345.27303619408883,44.78409988936305
139,43,435.10052199850855,81.70126771066369
139,9,447.2328727272727,100.10341818181818
140,33,348.26556820935303,45.881996607705354
140,43,434.82350396539294,81.75702956020187
140,9,446.9770567472169,99.98778169970133
141,0,270.4738447102979,21.22495894909688
141,33,349.394820650352,46.9757794166946
141,43,435.2617583768829,81.30956040577928
141,9,446.56721716314246,100.44837166229357
142,0,264.488034671189,9.345769738081778
142,33,347.7482189726284,52.55989876265467
142,43,433.9510396975425,82.50756143667297
142,9,446.5855823863636,100.1885653409091
143,0,264.89254829806805,10.21048758049678
143,33,348.1335884076848,56.47085639856724
143,43,434.21971291866026,82.14488038277511
143,9,447.00871199180045,100.15664502903998
144,0,268.95772594752185,18.800777453838677
144,33,347.8425791460935,59.54351824958854
144,43,435.56774051191525,81.08142100617829
144,9,446.2039534454092,100.95861814151118
145,0,265.0145886014394,10.184399922194125
145,33,347.97228164821877,64.45307413263882
145,43,434.23951307780885,81.83138674124034
146,0,264.99543378995435,10.369447903694478
146,33,346.69743282389373,68.15143342323444
146,43,434.26776890916,82.22748004561004
146,9,445.26604196374007,100.92605418618864
147,0,264.7946253781812,9.145755472504003
147,33,344.59759813586663,71.49659437175121
147,43,433.9749021003916,82.63207547169812
148,0,265.1066875858011,9.901941557168072
148,33,341.1637754648163,75.07179076594609
148,43,434.780809702158,82.08204030675941
149,0,265.0287216069082,9.983668105875728
149,33,340.499733001068,78.14204343182627
149,43,434.06042090970806,82.67379497623897
149,9,447.1777561923264,100.09729642221143
150,33,340.16118311731475,81.71119973413094
150,43,434.14623955431756,82.1483286908078
151,43,434.8642274630813,81.74674895305267
151,33,341.7282321899736,82.56770448548812
151,9,446.1757793764988,100.36618705035971
152,0,264.81407471763686,9.911164205039096
152,43,434.6112663943238,81.77789722640293
152,33,340.72463331324093,84.90164757886276
153,0,269.5593172915501,20.23475097929491
153,43,433.970231280055,82.75658346691093
153,33,340.112814393244,92.08738755278135
154,43,434.0707612800636,82.58815344861857
154,33,338.453227504657,99.24904835182636
155,0,270.0644811704145,20.84584123543755
155,9,446.1396084635159,100.5878979632193
155,33,335.3051305891303,103.76333361507903
156,0,264.8920245398773,9.165030674846626
156,43,434.1893090569561,82.67063492063492
156,9,447.09764051409934,100.13888356032994
156,33,336.95995404562615,107.45593303791236
157,0,264.9751990898749,10.188623435722413
157,43,434.83099476439793,81.7930890052356
157,33,337.28510600549987,110.76740885301162
158,0,264.8728611652588,10.150530647606672
158,43,434.93169398907105,81.93905002101724
158,9,447.20115718418515,100.04243008678881
158,33,338.2354136675417,112.46642391396392
159,43,434.7435755222777,81.85302273987799
159,9,446.9758918071345,100.2953743629949
159,33,338.5425401745656,117.28411779101069
160,0,264.59346000883784,10.156208572691117
160,43,434.91647573422205,81.76317433867945
160,9,447.01508235761065,100.17860686644175
160,33,337.1295887498978,122.67418853732319
161,0,264.87788385043757,10.07140015910899
161,43,434.2785453067859,81.77285656237302
161,9,446.2619763479655,100.37141711765885
161,33,335.7386381631037,121.95296912114014
162,0,264.7280202403542,9.984398060299387
162,43,434.26804326450343,81.88515240904621
162,9,452.1895241903239,87.84206317473011
162,33,334.4834069967788,126.20518390890703
163,0,265.0030260238047,9.958644341335486
163,43,435.05139307228916,81.8121234939759
163,9,446.52231121281466,100.2299771167048
163,33,332.260166619599,133.02873482067213
164,0,264.91319373856476,10.122179304736736
164,43,434.18811040339705,82.49108280254777
164,9,452.11062300319486,87.09964057507987
164,33,332.07422280689605,137.84421519074985
165,0,265.0030836205333,10.23943406493742
165,43,434.3064233064233,82.1053001053001
165,9,452.5104834517415,87.62536822041241
165,33,330.4448504781046,144.62756562519033
166,43,434.7791243158718,81.58365910867866
166,9,446.35104011887074,100.3020059435364
166,33,328.2755151264558,147.98842257597684
167,0,265.04080756013747,10.22594501718213
167,43,435.8101926886368,80.64325589771295
167,9,446.5796250710093,100.33970838856277
167,33,331.3223326706428,151.04738237243208
168,43,434.88474692202465,81.47759917920656
168,9,446.4324226524335,100.72950967975393
168,33,331.69461850350166,154.55283204324854
169,0,265.12058295068874,10.532241964463964
169,43,435.0117027501463,81.69904427540472
169,9,446.45800761675684,100.46221687712969
169,33,330.06716513292434,157.71242331288343
170,0,264.93942326301527,9.291852138571706
170,43,434.7294266594321,81.8374027853138
170,9,446.2692440455644,100.55730065585088
170,33,329.03206472879833,160.46215163320346
171,0,270.4794188861986,20.915254237288135
171,43,434.96462225161184,81.76574640436436
171,9,447.00204046930793,100.19486481890834
171,33,327.77682058350564,165.76200321617276
172,0,270.43632416787267,20.32103232030873
172,43,434.8728292329957,81.84931259044862
172,9,452.2874408828166,86.9311613242249
172,33,326.9001657981999,170.84332070108954
173,0,264.7489429175476,9.26092318534179
173,43,434.70902515206313,81.51389117211902
173,9,452.91593638429083,87.14735475494969
173,33,326.5316985645933,173.0797946570973
174,43,434.8293308890926,81.82199816681943
174,9,452.4263235838578,86.84820436875232
174,33,324.2675464907019,178.05890821835632
175,43,434.79796384061785,81.83429875373004
175,9,452.40513274336286,86.92088495575221
175,33,322.65763639289736,180.42658655651522
176,0,264.6451857467779,9.31008339651251
176,43,435.6256504952157,80.85177102568407
176,1774,445.5284628221769,100.92564435379195
176,33,321.54072503490715,187.54093189222735
177,43,434.97349397590364,81.2538726333907
177,9,452.34982014388487,86.84748201438849
177,1774,432.89332446218674,97.4342426258594
177,33,321.3410381184104,192.7386745452439
178,0,264.73447597639785,9.93298679404327
178,43,434.0728580771746,82.24957488554611
178,1774,446.412243316544,100.405527573292
178,33,322.30669171166943,201.60117398450342
179,0,264.7922370473055,9.252295962571477
179,43,434.1926637554585,81.84087336244542
179,1774,446.4448663186205,100.5750672361968
179,33,322.0553884173203,209.5274524551413
180,0,264.7859735973597,9.371947194719471
180,43,435.04388248419485,82.08516177017479
180,1774,446.14977828871736,100.62621120052553
180,33,324.349582898853,214.49723670490093
181,0,265.0379916317992,10.085857740585773
181,43,433.8558106169297,82.56205164992826
181,1774,446.19610231425094,100.38646250217505
181,33,323.55301420422774,220.92825187339224
182,0,265.0251446817003,10.262422670125723
182,43,434.4686468646865,82.52145214521452
182,1774,446.01865743412196,100.88459319099827
182,33,324.5972982415279,226.77757074647724
183,0,264.80732213625214,9.40215134931119
183,43,434.2952052011378,82.26859000406338
183,1774,446.0207792207792,101.05054945054945
183,33,323.95440947708505,230.2274141438315
184,0,265.1409814894533,9.96254842875592
184,43,434.8834051724138,81.89137931034483
184,1774,446.09063260340633,100.73114355231144
184,33,326.29863470686354,234.62630505961573
185,0,264.7411579184501,9.884658706915971
185,43,434.8433217426877,81.95622826753937
185,1774,446.1065635609204,100.67615993964542
185,33,327.2033353186421,238.41185229303156
186,0,264.9101425325346,9.862011980995662
186,43,434.75532319391635,81.90304182509506
186,1774,446.3148970528866,100.80500605571255
186,33,327.4361888576133,246.1717032237506
187,0,269.9364406779661,19.97548426150121
187,43,434.25946926740755,82.26786119301428
187,1774,445.99740708729473,100.34874675885912
187,33,328.2810239637713,250.49537706774012
188,43,434.22153846153844,82.20461538461538
188,1774,446.2103419859909,100.6907704985579
188,33,325.5653753026634,254.7221549636804
189,1774,446.93622857142856,100.07565714285714
189,33,323.72921584891213,257.70312001531295
190,43,434.73377513711154,81.98651736745887
190,1774,446.4456928838951,100.33575677461997
190,33,322.31698795932374,259.42965874352734
191,0,264.805989250064,9.822626055797286
191,43,434.40919755983106,82.46316283435007
191,1774,445.9565413195226,100.61765368160324
191,33,323.21676226896113,261.44397705544935
192,43,434.7168425883433,82.06287287746673
192,1774,446.3519808445799,100.69699608184588
192,33,326.19984245288737,266.17027207174453
193,43,434.74401095140314,81.86447638603696
193,1774,446.50076771221757,100.44461504715946
193,33,326.70887193391764,268.89406646068477
194,0,264.81123244929796,10.045761830473218
194,43,434.82043828264756,81.58698568872987
194,1774,452.3086897179254,86.75932666060055
194,33,328.65196046767005,270.6242490795168
195,0,264.7905548996458,9.914757969303423
195,43,434.0623521823264,82.90883680928833
195,1974,446.4599418845994,100.66417600664175
195,33,327.01106452364314,272.0927090612625
196,43,434.7088085416161,81.85561756855132
196,1974,446.9677101306384,99.98718264727631
196,33,326.4526260226973,277.7536949063077
197,0,265.0432098765432,10.006172839506172
197,43,433.9470300848547,82.67575212136796
197,1974,446.16518607442976,100.59903961584634
197,33,327.21387283236993,278.91723903434206
198,0,264.6776015057811,10.151922559827911
198,43,434.3255813953488,82.03100775193798
198,1974,447.0680193682269,100.32003689186074
198,33,327.0757122414466,281.69864706647587
199,0,264.84311688311686,9.903376623376623
199,43,435.1134224863794,81.26399207528479
199,1974,446.54763022055374,100.71750351947442
199,33,328.05201474848565,282.7183961021859
200,43,435.0326086956522,81.2340579710145
200,1974,447.3029780950037,100.13709081959144
200,33,326.82839394331563,281.5171476640352
201,0,264.95239301088884,10.131678906052166
201,43,436.0703275529865,79.88367052023122
201,1974,447.11387257117036,100.16041572525982
201,33,327.4425880733371,287.4763781991114
202,0,265.095429432446,10.182571572074334
202,43,434.79825870646766,81.73955223880597
202,1974,447.1998491704374,100.15786827551534
202,33,331.0325437831309,290.69569885258
203,43,435.5917621252742,80.74116500121862
203,1974,452.25440871369295,86.68309128630705
203,33,332.707671179125,296.2880125564057
204,43,434.97828831103254,81.85634940671548
204,1974,447.1865689288248,100.17711042799716
204,33,331.7735920135619,301.9627048408363
205,0,264.79748221127534,9.422276956759715
205,43,434.8661202185792,82.07568306010928
205,1974,446.83431793770137,99.96052631578948
205,33,332.13943709732115,308.5521193624958
206,0,269.0298122929702,18.708502024291498
206,43,434.74196891191707,81.91735751295337
206,1974,452.2531576057111,86.8948380010983
206,33,332.7721917808219,311.01493150684934
207,0,282.7035960770069,13.406102433708682
207,43,435.0644450564583,81.17846323326907
207,1974,447.02934722984094,100.20707624794295
207,33,334.62729095074457,313.56808419243987
208,2072,264.67021873247336,9.290521592821088
208,43,434.69469153515064,81.66226685796269
208,1974,447.1593183662429,99.92047606167162
208,33,336.2644724237033,316.578623237991
209,43,434.97923681257015,81.84624017957351
209,1974,447.25206157229246,99.82875206157229
209,33,337.29404855129206,321.77179587575046
210,2072,265.0014405070585,10.045520023048113
210,43,434.0749861649142,82.68566685113447
210,1974,446.1371551031342,100.64371818912403
210,33,338.01650342144103,330.40037568764257
211,2072,264.85892236384706,9.915990730011588
211,43,434.9896877685477,81.76425093096535
211,33,340.82055070517123,336.6611820013432
212,2072,265.0292817679558,10.14254143646409
212,43,434.93846586119696,81.75189660016859
212,33,343.7366309281063,343.5993553903835
213,2072,265.16232073011736,10.670469361147326
213,43,435.00823305889804,81.6478784040532
213,1974,445.299025974026,100.95681818181818
213,33,343.3519569120287,348.9300538599641
214,43,434.27646326276465,82.6659402241594
214,33,344.0418197230856,353.21347838372424
215,2072,264.6931283338563,10.124882334483841
215,43,434.3193005181347,82.13406735751295
215,1974,446.0692257217848,100.84350393700788
215,33,346.4666758091059,354.5589687328579
216,2072,264.8947553678282,10.082013375571982
216,43,434.94254032258067,82.03225806451613
216,1974,446.4283980582524,100.44356796116504
216,33,350.8935308998916,354.9582219009758
217,2072,264.84686854783206,10.072608396421199
217,43,435.7675879396985,80.84610552763819
217,1974,446.2344747533372,100.76494486360998
217,33,349.0051824212272,359.06018518518516
218,2072,264.96137184115526,9.390252707581228
218,43,434.9355877616747,81.61030595813205
218,33,348.09491099785805,362.7665263313391
219,2072,264.7980349344978,9.267103347889375
219,43,434.4109920497753,82.42585551330798
219,1974,446.2630579297246,100.38873061095283
219,33,349.0152201351251,365.5407973865914
220,2072,264.7792587776333,9.075097529258777
220,43,434.0114838319734,82.40646721063766
220,1974,446.03012603750386,100.93298493698124
220,33,350.67844159407366,371.428355854311
221,2072,265.0192307692308,10.116494082840237
221,43,434.9985994397759,81.8298319327731
221,1974,446.36354712041884,100.41982984293193
221,33,353.5750449370881,376.03609946075494
222,2072,264.8625925925926,9.927777777777777
222,43,434.2741756206002,82.70952204520192
222,1974,446.8448158253752,100.30457025920873
222,33,356.87863416111446,380.47849788007267
223,43,435.76987447698747,80.83187523773297
223,1974,446.4951528709918,100.24533929903058
223,33,358.053737021479,387.0101450424031
224,43,434.27973653622627,82.02363425029058
224,1974,452.23970473970473,87.24320124320124
224,33,359.8389710181241,389.1483337509396
225,2072,265.1716589861751,10.313748079877112
225,43,435.7821327683616,81.17549435028249
225,1974,452.5808097992514,87.06430758761483
225,33,362.47547773014605,386.93765894063796
226,43,435.9973831775701,81.06093457943925
226,1974,446.42210708117443,100.21278065630398
226,33,363.91219663008195,384.47294790539496
227,2072,264.89980732177264,10.314836223506743
227,43,434.27088122605363,82.13141762452108
227,1974,446.3688888888889,100.14888888888889
227,33,364.8965893163059,383.1453044697088
228,2072,264.4660482374768,8.541372912801485
228,43,434.49909387459223,82.4508880028996
228,1974,452.40996948118004,86.87928111224144
228,33,363.77581662806483,380.31067806085775
229,43,435.6664431780087,81.31679517264499
229,1974,446.3209159261791,100.34244702665755
229,33,365.47195445920306,380.42056925996206
230,43,435.0007581501137,82.01137225170584
230,1974,452.8438634713145,87.09694989106754
230,33,366.8328598484849,378.8063446969697
231,2072,264.8071942446043,10.031654676258992
231,43,434.9426379247351,81.81183777858969
231,2233,446.20501965527666,100.63773813123677
231,33,363.8488446046216,376.47940074906364
232,43,434.1986348122867,82.17269624573379
232,2233,445.7900425810678,100.78873239436619
232,33,362.7495585638611,372.422160094173
233,2072,264.8614003590664,10.247755834829444
233,43,434.8636201356658,81.83577293823635
233,2233,446.04377800758357,100.63736642537056
233,33,361.2049703264095,375.2338278931751
234,2072,265.04019573575675,10.262495630898286
234,43,434.59013605442175,82.04455782312925
234,2233,447.03250724171227,100.1551335693595
234,33,363.0689380787037,375.46245659722223
235,2072,265.07336757153337,10.306676449009537
235,43,434.8238912269343,81.73616056976368
235,2233,446.9535813095604,100.17583768828773
235,33,365.05208794451823,376.0653681570016
236,2072,265.1011519078474,10.224622030237581
236,43,434.25704870010986,82.50128158183816
236,2233,447.1453968253968,100.17079365079366
236,33,362.8917472118959,376.3556133828996
237,2233,447.1572617946346,99.89824236817762
237,33,360.42774992627545,375.62253022707165
238,2072,264.6307523739956,9.259678597516436
238,43,434.6263812154696,81.89986187845304
238,2233,446.56843910806174,100.46174957118353
238,33,359.9107063197026,374.0595539033457
239,43,434.84852686308494,81.79341421143847
239,2233,447.05405405405406,99.99872813990461
239,33,360.9606802819972,372.84199433098337
240,43,434.082303073119,82.30872483221476
240,2233,445.4098138747885,100.86226734348561
240,33,360.1382516119358,374.0814964762333
241,43,435.00535833891496,81.84862692565305
241,2233,445.9884204275534,100.68319477434679
241,33,360.35879924953093,372.24577861163226
242,2072,265.3888106966925,11.090429275158339
242,43,435.6848316556751,80.7938215897258
242,2233,446.3458594293667,100.82741823242867
242,33,362.88948425987945,372.0593882563072
243,2072,264.66758525663107,9.232173613503273
243,43,435.84460382513663,80.73668032786885
243,2233,452.4108861599735,87.79123796880185
243,33,361.5985467756585,371.5853012412958
244,2072,264.66960352422905,9.184005421890884
244,43,435.79543057996483,81.34305799648506
244,2233,445.51921844971173,100.58648302370275
244,33,362.18832138590204,371.0794504181601
245,43,435.65972674040336,80.98308392973324
245,2233,446.3746819338422,100.31615776081425
245,33,363.5847557386698,371.36727486756917
246,2072,265.01790935672517,10.015716374269005
246,43,435.5403304178814,81.207644962747
246,2233,446.2973433242507,100.37738419618529
246,33,365.5883364485981,372.2376074766355
247,2072,264.89287090558764,10.194990366088632
247,43,434.73880082701584,81.89558924879394
247,2233,446.48993731441766,100.21346090399209
247,33,365.8592643363034,370.333181022009
248,2072,265.5296938399115,11.265953522685356
248,43,434.5767963085036,81.79004614370469
248,2233,446.1297099033011,100.63454484828276
248,33,363.81213321596243,368.08348004694835
249,2072,264.9431818181818,10.24793388429752
249,43,434.0599536270288,82.42762504140444
249,2233,445.8891549777626,100.70578173109818
249,33,362.04287856071966,367.4372563718141
250,2072,264.73091849935315,9.123868046571797
250,43,433.98314424635333,82.56823338735819
250,2233,446.4597557156279,100.34074538051989
250,33,361.7704816371529,364.5560531936884
251,43,436.11427666983224,80.38588160810383
251,2233,446.2343653250774,100.1984520123839
251,33,364.175285944846,364.46396744088133
252,43,435.2498371335505,81.1729641693811
252,2233,447.09704773869345,100.23586683417085
252,33,364.01126654064274,367.8175425330813
253,2072,265.173083593479,10.394380853277836
253,43,434.1411342894394,81.97033898305085
253,2233,447.02496050552924,100.25118483412322
253,33,364.395831793659,364.01758923952406
254,43,435.5865120537077,80.91699725358559
254,2233,446.4052001168566,100.17294770669004
254,33,364.76636469900643,362.0686732904734
255,2233,447.172096908939,99.9910888331941
255,33,365.78707700877317,358.36533908926333
256,2072,264.80220135966334,9.365490449983813
256,43,434.1972909305065,81.92932862190813
256,2233,446.44434416365823,100.39229843561974
256,33,365.5189967550027,354.59464575446185
257,2072,264.75595805529076,8.966634890371783
257,43,434.4895557516917,81.84730803177405
257,2400,452.3039336201598,86.35894283958206
257,33,365.3990431968482,352.07893626002533
258,2072,265.1420783645656,10.267461669505963
258,43,434.02232531168454,82.00347926935343
258,2400,452.40770465489567,87.20802568218299
258,33,366.18033484676505,350.498510215664
259,2072,264.9064455569462,10.047246558197747
259,43,434.9212425478506,81.37872607467838
259,2233,446.12418106015485,100.6500893388922
259,33,369.1233669938564,348.8707012216651
260,43,434.8616650838873,81.98860398860398
260,2233,446.0578341693715,100.69430510475067
260,33,369.855949197861,346.3425802139037
261,43,434.3134841110793,81.89493272258804
261,2400,452.29204514175615,86.96201486374896
261,33,371.62583658672617,343.9192693809258
262,2072,264.9140718562874,10.024550898203593
262,43,435.7036307345905,81.06529693217
262,2233,446.40494938132736,100.33717660292463
262,33,372.6234888903897,339.02741946376716
263,43,434.752443933295,81.82259919493961
263,2400,452.4450127877238,87.18812162546178
263,33,373.3502360911517,336.82584000547456
264,2072,264.67975388221504,9.148842660416056
264,43,434.8882119205298,81.95523178807947
264,2233,446.3800983511715,100.15041943881978
264,33,370.626869537067,336.06500485594046
265,2072,265.0644871025795,9.983503299340132
265,43,434.8679414400956,81.91813564386017
265,2233,446.5592417061611,100.23139113465291
265,33,367.58960476448294,335.45005414185164
266,43,435.8092597726643,81.16412531189354
266,2233,446.31474770002785,100.55505993866741
266,33,366.5705128205128,333.81727464974887
267,2466,281.2655072463768,10.757101449275362
267,43,434.2172373081464,82.67827626918536
267,2400,452.3139721627409,86.99866167023555
267,33,367.7990374609781,331.0952133194589
268,2072,264.6422893481717,9.05908850026497
268,2466,281.94462719298247,11.855263157894736
268,43,435.6076180537438,81.16931907122358
268,2233,446.132333596422,100.64877663772691
268,33,365.4009133594906,326.5478227310735
269,2072,264.7660675381264,10.000544662309368
269,43,435.00974421437274,81.831425091352
269,2400,452.23561859732075,86.82689781980562
269,33,368.27390718746176,321.54089628994734
270,2466,282.60268284893004,13.492813797508784
270,43,435.5901287553648,80.96673819742489
270,2400,452.4179826795721,87.40881304126337
270,33,369.47102067607483,317.75661306202824
271,2466,282.02385801571137,12.70322956066337
271,43,434.9689538220715,82.11505348291156
271,2233,446.12251741036886,100.79984524116585
271,33,371.2381547775731,315.76000263227166
272,2466,282.10673515981733,12.778824200913242
272,2233,446.2643618403951,100.3696386794905
272,33,372.51191427050054,314.8586927582535
273,2466,282.1182795698925,12.590800477897252
273,43,434.4803403081168,81.99954012416647
273,2400,452.51946529080675,87.14704502814259
273,33,373.4185083713851,310.39902587519026
274,2571,264.73283059520605,9.29248586049017
274,2466,282.81481481481484,14.051332033788174
274,43,434.0772266065389,82.66319052987599
274,2400,452.4595578673602,86.97477243172952
274,33,372.7838256072125,307.14667294624235
275,2571,265.33134582623507,10.30266893810335
275,2466,282.01816443594646,12.746972594008923
275,43,434.83736942070277,81.83547008547009
275,2233,447.0465477114042,100.14300491336954
275,33,373.7558571245679,306.2752528485469
276,2571,264.1515151515151,8.32662692498758
276,2466,281.805657708628,12.72164073550212
276,43,434.224408526587,82.02529866479269
276,2400,452.83657407407406,87.75069444444445
276,33,376.93711314681855,304.8377073533053
277,2571,264.55948051948053,9.311948051948052
277,43,434.2973939703628,82.50102197240675
277,2233,446.2885511154695,100.62662417259132
277,33,376.0874251497006,303.00431137724553
278,2571,264.4452410383189,8.410383189122374
278,2466,281.6943356825894,11.933698773166274
278,43,435.7789500772002,81.031394750386
278,2233,447.14677640603566,100.26566072245085
278,33,374.9745081915365,298.56284394964894
279,2571,264.9767441860465,10.17367639782286
279,43,434.52988424285377,81.97259626742263
279,2233,446.208863356586,100.75584735330324
279,33,373.82938300637414,296.53864719351446
280,43,434.8178246992389,81.82224404615762
280,2233,446.07175925925924,100.64537037037037
280,33,376.2144520677283,294.8725372946434
281,2571,264.79351184346035,10.066941297631308
281,2466,282.10343137254904,12.476225490196079
281,43,433.8537757437071,82.77162471395881
281,2233,446.97755382501146,99.99610627576729
281,33,376.6136904017019,289.6498560880991
282,2466,282.6667627558374,13.614009801095417
282,2233,446.33759757155246,100.36816999132698
282,33,374.9283564118001,283.9966285370259
283,2571,265.0127689761173,10.006384488058643
283,43,434.9405286343612,81.87298091042584
283,2233,446.356752024513,100.1869117968921
283,33,371.9372449610486,279.5638679361939
284,2571,264.8862987630828,10.110608943862989
284,2233,446.46751018657517,100.18550289513189
284,33,376.0222623733626,277.02490804671874
285,2466,282.9155515908415,14.653880463871543
285,43,435.117357845233,81.1699444206926
285,2233,447.19414244508545,100.11737297537164
285,33,377.1705671124319,272.83878157503716
286,2571,269.4043266301036,19.742535039609994
286,43,433.88477730999335,82.7343230666962
286,2233,447.0448746150462,99.98482182138143
286,33,377.3535098249826,269.1342642320086
287,2571,264.8910864978903,9.880274261603375
287,2466,282.1472705458908,13.550089982003598
287,43,435.4903311847077,81.45298955323405
287,2233,447.16264405305503,100.13633398564906
287,33,377.99843116747286,270.55517061053735
288,2466,282.94235033259423,14.000831485587582
288,43,434.69216840199186,81.84947940244454
288,2233,452.21823020625413,87.09869150587713
288,33,379.56335627249194,268.2181955931561
289,43,434.6873265494912,81.89662349676226
289,2233,452.45629564062847,86.80725824297411
289,33,381.5844931680966,265.59078487448363
290,2571,264.6671675432006,10.09266215877786
290,43,434.68990273274665,82.01991662806856
290,2233,452.4587069372345,87.10618216139689
290,33,384.0531563655573,264.70978605388274
291,43,435.7460469573551,80.77264015333014
291,2233,446.32493887530563,100.24889975550123
291,33,386.65430919166823,263.9780877762915
292,2571,264.6423721140788,9.381167949298325
292,43,434.7062904717854,81.74560592044404
292,2233,446.3493892601982,100.32841668587233
292,33,389.77128859666084,265.4425320698769
293,2571,269.8668136020151,20.05258186397985
293,43,434.93889306286,81.81392436764338
293,2233,452.47524515666106,87.62616598899785
293,33,392.036487236404,265.59399278579355
294,43,435.16760048721073,81.30596833130329
294,2233,446.18230625583567,100.406162464986
294,33,394.2828380335103,266.2938012824933
295,2571,265.0409102531322,10.098951674763487
295,2782,282.24499714122356,13.428816466552316
295,43,434.78486435030936,81.67110899571632
295,2233,446.14823008849555,100.6479842674533
295,33,394.96191595244676,265.5575753386785
296,2571,264.8902729923138,9.302676914921813
296,2782,282.6990612921038,13.631419105466593
296,43,435.4239028944911,81.20121381886088
296,33,396.29735829018983,262.6638125580778
297,43,433.76635299518017,82.7351388570117
297,2233,446.02107674684993,100.63482245131729
297,33,392.42141863699584,259.27154116166633
298,2571,265.0930991217064,10.259974905897113
298,2782,282.0064901349948,12.578141225337486
298,43,434.42556597301626,82.52252458266636
298,2233,446.994787141616,99.92397914856646
298,33,391.9699490552654,256.79473786032116
299,2571,264.72951219512197,9.736829268292684
299,2782,281.2296603957977,10.918885902760811
299,43,434.0928143712575,82.6923076923077
299,33,392.97561310709625,253.1314831352614
300,2571,264.7324350336862,9.088546679499519
300,2782,281.93610547667345,12.990365111561866
300,43,434.880290722531,82.03206498503634
300,33,394.50814271506715,251.8479612133267
301,2571,264.8792846497765,9.988290398126463
301,43,434.23891402714935,82.68574660633485
301,33,396.5424683247302,251.20841992357714
302,2571,264.9118365534088,10.178769709082832
302,43,434.8716678461901,81.7310686482661
302,2233,446.4988780852655,100.36075791573174
302,33,397.3752198691339,253.9613030324351
303,2571,264.6719178082192,9.315981735159816
303,2782,281.0064596273292,10.451428571428572
303,43,435.61906923950056,81.138933030647
303,2233,447.0549851699749,100.15217887291809
303,33,397.28799672265467,253.4150621330056
304,2571,265.04998656275194,10.785272776135447
304,43,433.93684500827356,82.81494760066188
304,2233,446.50308641975306,100.35159465020575
304,33,398.73553777526024,252.42349359201302
305,2571,265.6510582010582,11.131746031746033
305,43,434.8265330470055,81.80505845860176
305,2233,447.1433184302037,100.13586686537506
305,33,400.89924670433146,253.81696363899755
306,2571,264.8098978790259,9.940560356114165
306,2782,281.7698721511951,12.638966092273485
306,43,434.8094559277738,81.90282727488714
306,2233,452.25,86.87691938579654
306,33,399.01798390913393,253.96491109458455
307,2571,264.64051463168516,9.420534813319879
307,2782,281.91170212765957,12.723670212765956
307,43,434.6846020332259,81.89709893379619
307,2233,446.34932170542635,100.42587209302326
307,33,400.4915844457342,253.9729396401625
308,2782,282.0725149375339,12.497827267789244
308,2233,452.49187316813214,86.97708499866773
308,33,399.6572953736655,252.12
309,2782,281.9374178280305,12.469103339468841
309,43,435.771449704142,80.9578402366864
309,2233,446.3250796763913,100.60799215493994
309,33,402.07560260353335,250.62627852084972
310,43,434.74298223023436,81.71594128251353
310,2233,446.95691076053686,100.22062632446433
310,33,400.50783194261453,248.8153271848924
311,2571,264.4505660377358,9.284025157232705
311,43,435.6737188528444,81.23107663375646
311,2233,446.1943595769683,100.42420681551117
311,33,398.68834591822196,247.89556916939736
312,2571,269.8855168269231,20.288161057692307
312,43,434.7841247992659,81.85937141546226
312,2233,447.0122595645741,100.13865990276896
312,33,400.19171869865266,246.45902070325337
313,2571,269.80512531681217,20.044776119402986
313,43,433.98062405636637,82.81504781077001
313,2233,446.34182305630026,100.33690795352993
313,33,403.50764087870107,241.9835584663665
314,2571,282.5290248784673,12.809837003145553
314,43,434.7482743744607,81.90724762726488
314,2233,447.086548942664,100.27926749509483
314,33,405.2717289213207,237.48385232280904
315,2998,264.85208171709337,10.148952676493405
315,2571,281.83181692859114,12.630548662806728
315,43,434.86027088036116,81.77607223476298
315,2233,446.3355829648592,100.72236444030719
315,33,406.293919928294,236.23020615476545
316,2571,281.8790882061447,12.669226957383547
316,43,435.0385395537525,81.73112463376155
316,2233,446.43350462487155,100.47132579650565
316,33,406.17206358551664,234.4232410950839
317,2998,264.945567651633,9.94919647485744
317,2571,282.06954022988504,12.705459770114942
317,43,435.8077567632272,80.97749581039024
317,2233,447.0761490967299,99.99405442487995
317,33,406.3382986767486,233.3444990548204
318,2998,269.7850225952227,19.77469335054874
318,43,435.1761270731138,81.70637701471618
318,2233,446.15085431654677,100.6652428057554
318,33,405.0938194753224,231.64821402104639
319,43,434.25040350472676,82.60410421950657
319,2233,446.26105309931125,100.6398578093757
319,33,403.15153288944174,228.2730665105729
320,2998,264.66005471956225,9.293889648882809
320,43,434.2176106397615,82.1774822288466
320,33,406.3423113518261,227.34011564078168
321,2998,264.7356189599632,9.393005062126093
321,43,434.86555555555555,81.9588888888889
321,2233,446.3115823817292,100.78833605220228
321,33,407.57800934243625,227.50370104204097
322,43,435.70213723284587,80.81259842519685
322,2233,446.2104696251616,100.71563981042654
322,33,403.8371099688699,225.94490697169334
323,2998,264.8952879581152,10.002356020942408
323,2233,446.2400798049213,100.42939481268012
323,33,402.02467184385955,224.1085148787025
324,43,434.0388095238095,82.53904761904762
324,2233,446.88198890311565,100.43619291506616
324,33,401.5337837837838,221.709009009009
325,2998,265.359213994728,10.981787682722263
325,43,435.0381502890173,81.2906358381503
325,2233,447.0690878730954,100.47735337090378
325,33,402.4829679083529,219.6780972612093
326,2998,264.7509107468124,10.085154826958107
326,43,434.2147711826008,82.58473040326234
326,2233,446.53494252873566,100.27586206896552
326,33,402.92575145805296,218.54830267683565
327,2998,264.75,9.942821782178218
327,2233,452.55363402664176,87.06987613928487
327,33,406.9053597650514,217.5571953010279
328,2998,264.17402144103716,8.93368237347295
328,2233,446.3661489264504,100.41640018273183
328,33,408.73285172734427,221.17738359201775
329,2998,264.66272458494427,9.240846031385036
329,43,434.95792257754266,81.71988458764126
329,2233,446.2476404494382,100.67977528089888
329,33,408.04880604835694,222.2542855004117
330,2998,264.9272354014599,9.293795620437956
330,43,434.6535731187885,81.85967818267865
330,2233,446.20801612180924,100.19614867890729
330,33,409.0332977750686,220.20534897896982
331,2998,265.1306306306306,10.084637268847796
331,43,434.3024221453287,82.24890426758938
331,2233,447.094802587553,100.14811510149454
331,33,408.2219232838804,216.94872780382812
332,43,435.42800088750835,81.42334146882627
332,2233,446.1015592077539,100.38706278971766
332,33,407.449600945906,215.97413538279633
333,2998,264.7584295612009,9.379676674364896
333,43,434.8953928332962,81.89071889606053
333,2233,446.28086486486484,100.48605405405405
333,33,405.9336156056253,217.53190685014366
334,2998,265.20890635232485,10.040384195590482
334,43,434.96649260226286,81.65861618798955
334,2233,446.4688919164396,100.42983651226157
334,33,403.56127249645283,213.68478829064296
335,2998,265.5948560641812,11.32326569136385
335,43,435.7113194909578,80.7445858450547
335,2233,452.422236503856,87.25449871465295
335,33,402.5112517580872,210.782841068917
336,2998,265.0916156382478,10.29180405087141
336,43,434.92052836725856,81.75790385448246
336,2233,452.4313039901275,87.36096256684492
336,33,403.9487495190458,208.61862254713353
337,43,434.885150812065,81.72018561484919
337,2233,446.13875029698266,100.61392254692326
337,33,404.579340484704,206.75431068732618
338,2998,265.26740331491715,11.223425414364641
338,43,434.31039197812214,82.22584320875114
338,2233,446.4156990246168,100.36414305620065
338,33,408.35447090980085,206.74174150722374
339,2998,265.3794664125774,10.957837065269175
339,43,434.9475691134414,81.6289323164919
339,2233,445.3969410050983,100.83102694828843
339,33,410.579809898394,201.13995411340545
340,2998,264.8106169296987,10.175992348158776
340,43,434.79850046860355,81.83481724461106
340,33,410.17794105227597,199.94054556203022
341,2998,265.0318621666273,10.145621902289356
341,43,434.9579524680073,81.63391224862889
341,33,411.0338391625416,202.3694717195488
342,2998,265.01981409001957,10.169520547945204
342,43,434.27209855197754,82.06872703695699
342,33,410.2193642319825,203.11680012941844
343,2998,265.1521629778672,10.917002012072434
343,43,435.0711382113821,81.2204155374887
343,2233,446.15344418052257,100.39786223277909
343,33,406.4075130765573,202.77167538437152
344,43,434.9686381814355,81.75184171753315
344,2233,446.24818511796735,100.2114337568058
344,33,404.76659673310354,203.554098606324
345,2998,265.0791298111403,10.259383217786278
345,43,433.9693056731583,82.82578323454699
345,2233,446.23589973142344,100.34153983885408
345,33,402.31452142804994,203.62035482222385
346,2998,265.05123887418813,10.32788068318499
346,43,435.4875369666244,81.44571187156738
346,33,402.86172168491726,201.14203500919191
347,2998,264.66218487394957,9.278991596638654
347,43,435.01612556439477,82.04085142980004
347,33,401.0638661710037,199.8725650557621
348,2998,264.64908256880733,9.302522935779816
348,43,434.76877429916107,82.01268671986904
348,2233,446.1291154303848,100.44902816342722
348,33,400.48597371917907,199.30023623209803
349,2998,264.82262038073907,9.339305711086226
349,43,434.7668625146886,82.09353701527614
349,2233,446.2414592998735,100.30451286377055
349,33,401.8868624420402,199.2760432766615
350,2998,265.09016949152544,10.222598870056498
350,43,435.03899957609156,81.78952946163629
350,2233,446.1871704745167,100.38993848857645
350,33,402.5663425345044,200.2466279799247
351,2998,268.6620132255694,18.661278471711977
351,43,434.931486572214,81.80693592725734
351,2233,446.2392625183323,100.29017389482506
351,33,405.68291392730293,197.32592760522934
352,2998,264.87940896091516,10.164442326024785
352,43,434.95424081349665,81.59510053154611
352,2233,446.25079799361606,100.08869129046968
352,33,404.6931745524297,194.28564578005114
353,2998,265.0960656529085,10.265266714940864
353,43,435.82944937100433,80.95297999587544
353,2233,446.3990620812863,100.27601607860652
353,33,404.40112948109345,192.0184154526109
354,2998,264.90328551596485,10.387089310504397
354,43,435.7656699889258,80.9233665559247
354,2233,446.2772486772487,100.42074074074074
354,33,405.21162556618015,191.14762623720853
355,2998,264.8361706831749,9.97590095069644
355,43,435.01002277904325,81.89293849658314
355,2233,445.8984253714793,100.69106231980483
355,33,405.22910140148394,190.36834295136026
356,43,434.7755474452555,81.64963503649635
356,33,405.89409643983777,185.40258374643233
357,2998,269.728328611898,19.033994334277622
357,43,434.72475795297373,81.93937298294145
357,33,404.75720029539673,182.97201936489702
358,2998,264.8580305927342,10.232313575525811
358,43,435.116852886406,81.23719739292365
358,2233,446.4092465753425,100.45248287671232
358,33,403.29973163368,181.11422341496143
359,2998,279.12365328109695,7.042850146914789
359,43,434.985401459854,81.70969760166841
359,2233,446.256,100.909
359,33,399.696287279367,179.15200852099818
360,43,434.9250780437045,81.71238293444328
360,33,399.16420622302974,178.12885154061624
361,2998,264.6414012738853,9.179617834394904
361,43,434.731778425656,81.73469387755102
361,2233,447.006770037126,100.0731600786198
361,33,399.81174168297457,180.59365949119373
362,2233,446.42376111817026,100.38691232528589
362,33,400.8907117008444,182.6259750703659
363,43,434.0828765621574,82.66564349923263
363,2233,447.09584599797364,100.19635258358663
363,33,401.8043843507481,181.01912152972238
364,2998,265.57914668013126,11.2120676596819
364,43,434.2579374846173,82.77061284764952
364,2233,446.2758466023772,100.16819914779099
364,33,404.62274573517465,181.88740861088547
365,2998,265.12229359980967,10.347370925529383
365,43,434.781512605042,81.94891640866874
365,2233,446.3598662207358,100.44882943143813
365,33,404.3394607843137,182.70661764705883
366,2998,265.4205274411974,10.36255642670468
366,43,435.84655396618984,81.0780234070221
366,2233,446.4322527015794,100.30985037406484
366,33,402.7944015444015,180.49694337194336
367,2998,264.92012252591894,10.238925541941565
367,43,434.8719255484157,81.8120983824507
367,2233,452.7679532163743,87.63672514619883
367,33,402.37799199411813,179.0117637447921
368,2998,264.9221027479092,10.063799283154122
368,43,434.9498993513755,81.7199731603668
368,2233,446.3530064344353,100.42245396050588
368,33,404.5467158553212,179.49137861897506
369,2998,265.2592788971368,11.112937433722163
369,43,434.4117647058824,82.53275944524151
369,2233,452.879020979021,86.96433566433566
369,33,405.8855134320864,181.25014645577036
370,2998,265.0361834524084,10.177690712145655
370,43,434.8658276450512,81.87478668941979
370,3606,446.0590358887237,100.72095986409003
370,33,403.9704943557805,181.24398598676527
371,2998,265.093250655855,10.23634629143811
371,43,434.3092134831461,82.11213483146068
371,3606,446.5011520737327,100.63479262672811
371,33,401.36161616161615,179.8196127946128
372,2998,264.7784941763727,9.558236272878535
372,43,434.265401876785,82.73541411668707
372,3606,446.34666398713824,100.6434887459807
372,33,399.01873782041673,179.41770349272971
373,2998,264.15890291684804,8.414235959947758
373,43,434.9362481154426,81.8449278483739
373,3606,447.1426783479349,100.0790571547768
373,33,398.74217573884795,180.49282941129863
374,2998,265.03269035533,10.058274111675127
374,43,434.73833975181856,81.81643132220796
374,3606,446.265531256048,100.89007160828334
374,33,399.50623574144487,178.4361216730038
375,43,434.18687872763417,82.2779324055666
375,3606,452.57056084227577,87.83073496659243
375,33,400.02759415833975,181.28547271329745
376,2998,264.79812309035356,9.974901789611524
376,43,434.8487804878049,82.01208907741251
376,3606,447.0710180623974,99.86247947454844
376,33,398.91241676459066,179.6954954954955
377,2998,264.52602188965824,9.370337279428188
377,43,434.9233417489098,81.94330961670875
377,3606,452.3550755939525,87.01144708423327
377,33,399.79426563373534,178.469371455954
378,2998,264.6972435607772,10.11003163126977
378,43,434.80940225483937,81.879812805786
378,3606,445.99836524988325,100.14455861746848
378,33,399.73777263714476,177.69266358228685
379,2998,264.87983459012406,9.908294818778886
379,43,434.21685082872926,82.0066758747698
379,3606,446.5807726075505,100.05245829675154
379,33,402.6222974088133,176.8888430434065
380,43,435.7331426236208,80.84327748263179
380,3606,446.9982206405694,100.13923487544484
380,33,402.2209603340292,178.36133611691022
381,43,433.97968500342387,82.4325496461995
381,3606,446.3191304347826,100.38239130434782
381,33,402.73236272878535,177.2345257903494
382,2998,264.8471269296741,9.369854202401372
382,43,434.124593010636,82.07097894508357
382,3606,446.33235077376565,100.73231392778187
382,33,402.5012093313568,174.84676601388782
382,3725,364.08217054263565,460.4201550387597
383,2998,264.96261228453506,10.198591891235736
383,43,435.91932418162617,80.93959873284055
383,3606,446.94762407602957,100.23252375923971
383,33,401.2829501295337,170.82504857512953
384,2998,264.81489262371616,10.213352007469656
384,43,434.7758773878276,81.83451799200355
384,3606,446.2589624630957,100.43547026571068
384,33,400.6829982908765,172.7438756409213
384,3725,358.7033285094067,460.83212735166427
385,2998,265.1824783321621,10.125790583274771
385,43,434.75188442211055,81.77638190954774
385,3606,446.959855479727,100.17884383781613
385,33,401.00687095245615,175.8899857842363
386,2998,269.83311009911597,20.19019555317439
386,43,434.82488774855676,81.80393414581997
386,3606,446.12719205577855,100.23177688569618
386,33,399.21983808850115,177.628546726401
386,3725,358.13106796116506,460.6055825242718
387,2998,269.89175116470267,20.164976705946835
387,43,434.7738840216938,82.15498539841468
387,3606,446.1146062913244,100.45962732919254
387,33,397.3093549476528,176.8433806146572
387,3725,363.527224435591,446.81938911022576
388,2998,264.1314035818409,8.382757184506456
388,43,434.2346875644463,82.56094040008249
388,3606,446.8630988173983,100.26819001803969
388,33,399.43029208069856,173.75376392652817
389,2998,265.20649458784345,10.403621981681932
389,43,435.2653735948865,81.20674454485342
389,3606,445.65078077469076,100.91705536402353
389,33,399.6107818007049,174.53892983018264
390,2998,264.7975022301516,9.366190900981266
390,43,435.4035714285714,81.46830357142858
390,3606,446.39051819184124,100.85049614112458
390,33,398.07658259562385,172.53424085518623
390,3725,359.34912718204487,436.5286783042394
391,2998,265.5542227662179,10.913831089351286
391,43,434.30898123324397,82.16577301161752
391,3606,446.72785485592317,100.29839914621131
391,33,397.1466759243187,172.8151362610658
392,2998,264.9482053611994,10.335983643798274
392,43,434.9355821987401,81.79150579150578
392,3606,446.06058726220016,100.72332506203475
392,33,397.5184322544374,169.78620191149307
393,43,433.9560946271051,82.58299919807538
393,3606,446.89238503072056,100.17687581455968
393,33,398.86476220621984,164.7993194587323
394,2998,265.0225944682509,10.079080638878068
394,43,434.64972114972113,81.85778635778635
394,3606,446.03913679590346,100.72640819312363
394,33,399.4490341497068,159.33140738185583
394,3725,362.2907385697538,449.6905041031653
395,43,434.8823657316808,81.78582300500109
395,3606,446.1143459915612,100.69177215189873
395,33,398.82405492596575,159.22954752254114
396,2998,264.93339313747475,10.134559318232789
396,43,434.94893428063943,81.37921847246892
396,3606,446.1798951365033,100.84017356716687
396,33,398.4640006651147,162.32873295643498
397,2998,264.86445124617404,10.120900743331877
397,43,434.2454991816694,82.09901800327333
397,3606,446.8941291585127,99.96066536203523
397,33,396.85371598046055,163.75924633635728
398,2998,265.1032454802875,10.086691352646483
398,43,434.7199079401611,82.41311852704257
398,3606,446.01010101010104,100.93171717171717
398,33,396.4515935057126,167.32136414397388
398,3725,354.7564276048714,458.38159675236807
399,2998,265.0316877152698,10.078760045924225
399,43,434.88519701810435,81.80170394036209
399,3606,446.13012847078323,100.92374637380854
399,33,395.52269918431244,167.87797643569252
399,3725,351.3658914728682,462.2496124031008
400,43,434.2384288747346,82.28768577494692
400,3606,446.1988691752778,100.70286605576136
400,33,397.49910218041896,168.2577169730654
401,2998,264.67086409031697,9.367129830655667
401,43,434.2844096542727,82.07719069362905
401,3606,446.3609243697479,100.15525210084033
401,33,399.07267111038857,170.14233457974314
402,2998,264.8673723536737,10.042133665421336
402,43,434.76557804047286,81.95051091965539
402,3606,445.9501667647636,100.63174416323328
402,33,399.91292066822695,167.82293600193688
403,2998,264.7737605542325,10.273219311539293
403,43,434.819714399048,81.78222927409757
403,3606,446.50083163925336,100.31676215117353
403,33,398.76248860906304,166.96363184491756
403,3725,360.66568914956014,460.5615835777126
404,2998,264.81062801932364,9.293961352657004
404,3606,452.41689068100357,87.49417562724014
404,33,397.8696806304438,168.0714226462049
405,2998,265.3622171945701,10.137330316742082
405,43,434.8842723956222,81.79104175111472
405,3606,452.2496445256957,87.03331302051595
405,33,394.41564733915806,166.55266084193804
405,3725,347.6864197530864,464.1925925925926
406,2998,264.86547281065737,10.160515396374755
406,43,434.53014689761017,82.41789081341811
406,3606,446.9081915314602,100.26098140087059
406,33,394.1015789918095,166.66224774128176
407,2998,264.68908514492756,9.28985507246377
407,43,435.00062761506274,81.71192468619248
407,3606,446.23407950598227,100.45117715167889
407,33,395.97101217168483,166.1249199231262
408,2998,264.6011572638975,9.15271750361645
408,43,435.04366000928934,81.82884347422201
408,3606,446.26805143422354,100.34896142433234
408,33,395.44157894736844,162.59938596491227
409,2998,264.7141032192131,9.28513030148186
409,43,434.83070452155624,81.98990536277603
409,3606,446.8503184713376,99.97430997876857
409,33,395.9045458436778,163.44987586679224
410,43,433.94128074451584,82.64768446709506
410,3606,452.45384275618375,86.93065371024736
410,33,395.5571093546426,164.2974029358117
411,3606,446.45976045387687,100.43139314982139
411,33,396.431016775077,162.40611092091748
412,43,434.22437431991295,82.21675734494015
412,3606,447.0252427184466,100.17572815533981
412,33,397.04920180106427,160.4501841997544
413,43,434.9120541205412,81.61172611726117
413,3606,446.198983911939,100.62637595258256
413,33,391.57313386559184,159.0427873808232
414,43,434.8077306236302,81.11655708308427
414,3606,446.08272404428664,100.61625235011489
414,33,388.21159912642565,160.8887810402006
415,4136,264.6156542056075,9.825155763239875
415,43,433.28281834284587,83.44046447549695
415,3606,446.40770081061163,100.26492262343405
415,33,386.6746768312894,161.3328637719589
416,4136,264.93517382413086,10.012269938650306
416,43,434.1954728157394,82.5961497778718
416,3606,447.04285988852587,100.22410147991543
416,33,386.6043102066976,164.42981893927256
417,3606,446.3682463581044,100.35183477779827
417,33,383.6963746223565,164.42440562196242
418,4136,264.8193311582382,10.021818923327896
418,43,434.4307915457936,82.48445917944467
418,3606,446.34973097617217,100.35895465026903
418,33,380.6133756407127,163.88398014807584
419,4136,264.90595358224016,10.063572149344097
419,43,434.8845506563447,81.86721642544597
419,3606,446.43699981388426,100.64358831193002
419,33,377.3529327815042,165.03539317825033
420,4136,264.07695406929895,8.179290894439967
420,3606,447.1578416540595,100.2397041519583
420,33,376.0976713628732,164.5874881378203
421,4136,265.19613259668506,10.215074980268351
421,43,434.79041916167665,81.72914171656687
421,3606,446.2716167207482,100.6575682382134
421,33,375.8918340224454,165.58800945067927
422,4136,269.9065184436584,20.019706922688226
422,43,434.84850219423777,82.17954588818928
422,3606,452.37025738798854,87.06749285033365
422,33,374.6262356001486,164.83463396506875
423,4136,265.0896860986547,10.05972278842234
423,43,434.8571142284569,81.84809619238477
423,4261,446.0052600818235,100.69939606467952
423,33,372.3590550029257,165.61263897015797
424,4136,264.56477295065855,9.21898958128563
424,43,434.8657503295048,81.89022782903407
424,4261,446.1660348749052,100.72081122062168
424,33,370.5921787709497,161.88238753307851
425,4136,264.5567272017184,9.287053309900411
425,43,434.34517766497464,82.04288464904603
425,4261,446.2444528731273,100.61141665086289
425,33,367.56811777965623,160.42511975204283
426,4136,263.9561323341254,8.064339243282763
426,43,434.6198561725929,81.83499800239713
426,3606,452.32939220395343,86.89931646037317
426,33,367.7792786797977,161.49807026883153
427,43,434.06455964540373,82.61476199653113
427,4261,446.4071878473509,100.47258243793998
427,33,365.88093560659433,164.66499929547697
428,43,434.25347222222223,82.14016812865498
428,4261,446.30216802168025,100.591366627952
428,33,364.1352900552486,164.87078729281768
429,4136,265.4029589254429,10.540587891765622
429,43,434.08099173553717,82.4514233241506
429,3606,452.50672163470153,86.7538985481269
429,33,362.29584775086505,168.51806228373704
430,43,435.6291688266805,80.87523760152065
430,4261,446.4589276930644,100.38744056402689
430,33,363.1646130150173,170.8188294185599
431,43,435.0956375838926,81.5496644295302
431,4261,446.21676587301585,100.73478835978835
431,33,359.38370565045994,175.18964281447856
432,43,434.0395523827899,82.82500482346131
432,4261,445.47121238476257,100.92068185771438
432,33,362.4119770515052,177.3196029136853
433,43,434.7698504027618,81.80264672036824
433,3606,452.438112522686,87.591833030853
433,33,363.3427352779307,175.4221931755641
434,4398,264.60961313012893,9.147909339585777
434,43,434.8411179891202,81.90339523541549
434,4261,446.19731285988485,100.36717850287909
434,33,362.1353122337986,178.0824323438831
435,4398,264.8426820208024,9.87815750371471
435,43,434.7434854925152,82.14636850859361
435,3606,452.47080645161293,87.51048387096775
435,33,360.44330214232946,180.50461708938684
436,4398,264.6271905552481,9.20678841542151
436,43,434.1962191493086,82.26115876072116
436,4261,446.1840370568324,100.43630856939248
436,33,358.0520636468939,180.64701578979455
437,4398,264.66754756871035,9.159795630725863
437,43,434.1921052631579,81.96233552631578
437,4261,446.98728399087054,100.09129442451908
437,33,356.22095350206,181.105238375515
438,4398,269.83808132456784,20.216946676406135
438,43,434.80137240356083,81.87017804154303
438,4261,446.4452118723166,100.61340302408064
438,33,352.86200615539224,181.00847936687393
439,4398,264.60620235620235,9.312023562023562
439,43,434.6900537196809,81.83314341526942
439,4261,446.5946225439504,100.40279214064115
439,33,352.7207313294081,180.49693213511
440,43,434.726624956552,81.80743830378867
440,4261,452.35594456601024,87.61524434719183
440,33,352.0680625113136,179.58070355397334
441,43,435.1051177904143,81.25117790414298
441,4261,446.91235312797716,100.39456970466814
441,33,349.4930255524009,180.14979632144178
442,4398,265.1757849219778,10.844143636021808
442,43,434.897762035099,81.77378843986476
442,4261,446.3667048992299,100.4258561363264
442,33,351.30375896700144,178.35632711621233
443,43,435.11407766990294,81.1763176144244
443,33,349.00447154471544,179.07288037166086
444,4398,264.59442379182155,9.386059479553904
444,43,434.7612628591699,81.63870166725789
444,4261,446.5784439948501,100.09821592790142
444,33,348.51358662240256,180.82915283413254
445,4398,265.02652077151333,10.268175074183976
445,43,435.2126886020724,81.18596618796582
445,4261,446.24254473161034,100.76805831676607
445,33,347.42880451835583,182.37721995607154
446,43,435.514609884986,81.16474976686354
446,33,348.58079876197843,183.23945003273616
447,4398,265.3076646921558,10.268353975946868
447,43,435.0161059413028,81.79438081603436
447,4261,446.36757215619696,100.3207130730051
447,33,349.7934286400769,182.50258289283997
448,4398,264.85165662650604,10.208584337349397
448,43,435.1775289149991,81.18542316871672
448,4261,446.2675661468372,101.03294200105134
448,33,349.96615458473354,184.99573931829093
449,43,435.0137122416534,81.29988076311605
449,4261,446.586706834871,100.53285633590662
449,33,350.5884659894561,185.73974540311173
450,43,434.7664407400623,81.93698479575013
450,4261,447.57142857142856,99.95977114249955
450,33,351.7852503079852,187.16726397132936
451,43,434.72631174322504,81.90197962713819
451,4261,452.1966990291262,87.3968932038835
451,33,351.3232011099199,191.63252822097496
452,43,434.8573342263898,81.74732083054253
452,4261,452.31657754010695,87.87878787878788
452,33,352.33317304802546,192.84973252389253
453,4638,264.8594465823713,10.300897929265165
453,43,434.24363114459993,82.56907068532472
453,4261,447.07822825504553,100.10412573673871
453,33,350.5165291744445,192.19967483591256
454,4638,264.75842898134863,10.177008608321376
454,43,434.7894825836997,81.78643895840379
454,4261,452.564085106383,87.1748085106383
454,33,348.92158877939664,193.45372105676802
455,4638,264.9580745341615,10.447981366459627
455,43,435.0396321070234,81.74648829431437
455,4261,447.0095461095101,100.24819884726224
455,33,349.16928293356773,194.39275398719076
456,4638,265.3190646056282,11.082837891399128
456,43,435.84406031629277,80.71699154100773
456,4261,452.4100940665702,87.35202604920406
456,33,347.9702528507685,196.38355230540407
457,4638,265.1104628549203,10.02236483858421
457,43,434.81264511519913,81.71869976781568
457,4261,446.2864238410596,100.34878587196468
457,33,347.0956724116241,196.71222795320165
458,4638,264.9025341130604,10.305847953216375
458,43,434.903481869024,81.56034638282519
458,4261,447.1975730644334,100.20099128354127
458,33,346.2429855789537,197.00036203463463
459,4638,265.2289339140314,11.0
459,43,434.08306160974774,82.5730221383216
459,4261,446.35351130760074,100.41421526951198
459,33,346.7294602340578,196.70288989730116
460,43,434.77302573203195,81.89689440993789
460,4261,446.4130837657524,100.35915492957747
460,33,343.65055810052263,197.06768178592168
461,43,435.56149445834825,81.25402216660709
461,4261,446.43314327754274,100.31395990435902
461,33,343.321608040201,195.19578662543486
462,4638,265.08938329430134,10.121779859484779
462,43,434.76889736477114,81.7371705963939
462,4261,446.48684439797876,100.22599756055062
462,33,339.38158416964336,195.39728978851278
463,4638,264.8661095636026,10.363788300835655
463,43,434.83964558721334,81.78874218207088
463,4261,452.74367713004483,86.77686098654709
463,33,338.22892206029854,195.49182842645584
464,4638,279.58023619312263,7.7554706495310874
464,43,434.9318223696333,81.73558135249678
464,4761,446.3186716127893,100.60042395336512
464,33,337.1908736444499,198.42366272694042
465,4638,282.61807387862797,13.648416886543536
465,43,434.9274717121128,81.85902429975886
465,4761,447.10859232175505,100.08244972577697
465,33,338.12682652678905,198.80004995628826
466,4638,282.61101939744117,13.760008254230293
466,43,434.29168160631053,82.77429186088203
466,4761,445.41323210412145,100.89804772234274
466,33,336.2013118338344,199.89330418147034
467,4638,281.956815920398,12.563781094527364
467,43,434.68008198248555,81.8941680640954
467,4261,452.3607011070111,87.12269372693727
467,33,333.7202429622708,201.3442938909006
468,43,434.7888738651729,81.97855901101023
468,4761,446.54368401892975,100.37659264652348
468,33,333.28825824314123,199.09451296249685
469,43,434.7741429970617,81.9337904015671
469,4761,446.0229531899512,100.77842038677029
469,33,333.790794466887,199.26196596890685
470,43,434.22063268184564,82.08744710860367
470,4761,445.59406528189913,100.5782393669634
470,33,330.92980205278593,199.39968230694038
471,4638,281.9492297678455,11.65458884790627
471,4761,446.0965045592705,100.584726443769
471,33,327.1742926331889,197.33934488911547
472,43,434.92854291417166,81.74850299401197
472,4761,446.99797085408596,100.1844678103671
472,33,326.1488959375381,197.87355129925584
473,4638,282.0766203703704,12.473148148148148
473,43,434.82181259600617,81.73060675883256
473,4761,447.0237418831169,100.26359577922078
473,33,327.2772989436848,200.49445920549545
474,4860,264.93913994169094,10.205721574344023
474,43,434.9681214421252,81.75028462998102
474,4761,452.2841225626741,87.02116991643454
474,33,330.895012187147,200.9705724986624
475,4860,264.67674927113706,9.348214285714285
475,4638,281.96494286267676,12.019562269998064
475,43,434.91542199028254,81.60734209105632
475,4761,446.9371057848261,100.12236438998018
475,33,334.09262281244725,201.56322097799787
476,4761,446.28951048951046,100.77482517482517
476,33,335.3384078464408,203.59413923822132
477,4860,265.0488742449204,10.10232473000183
477,43,434.9356525236276,81.68731148200281
477,4761,452.50643274853803,87.16374269005848
477,33,337.24908839431663,204.45963787250093
478,43,435.02336717104004,81.7950584179276
478,4761,446.4292395282635,100.28365189101261
478,33,339.42824059183016,205.2728208427147
479,4860,270.00977653631287,20.52262569832402
479,43,434.70158267388587,81.8350687213661
479,4761,447.2667625381988,99.97735035053029
479,33,342.29860706187236,204.7949465500486
480,4860,264.8598041098521,10.362012675244863
480,4761,445.9391560353288,100.88694798822375
480,33,339.78491720662345,206.19696424286056
481,4860,269.8724849094567,20.42479879275654
481,43,434.88959293394777,81.83506144393242
481,4761,446.23932563679676,100.52079897379512
481,33,337.4819284526815,207.7152884674589
482,4860,264.71110257395316,10.040338071456013
482,43,434.76,82.02111111111111
482,4761,446.4354497354497,100.35008818342152
482,33,334.51824041048746,207.1748951880358
483,4860,265.0845650140318,10.254069223573433
483,4761,447.06915377616014,99.92411282984531
483,33,333.23817201312056,209.78056374047924
484,4860,265.0679060665362,10.082191780821919
484,43,435.8213296398892,80.9200633161852
484,4761,446.32897647295397,100.19163482807159
484,33,332.22812440855466,212.90164658381175
485,4860,265.04934273194897,10.053343493998856
485,43,434.26113249037934,82.12479384277076
485,4761,452.5395201785382,87.70485400781105
485,33,334.408307258114,215.29259463770782
486,4860,264.8541421279937,10.094817432273263
486,43,434.7523411038055,81.87467623032477
486,4761,452.34468002334177,87.13032483952539
486,33,335.55847136919164,217.52360568273465
487,4860,264.96437149719776,10.18795036028823
487,43,434.97486144101345,81.75356294536817
487,4761,452.3129932627526,87.26814244465832
487,33,338.4738081954002,217.6719360238051
488,4860,264.62026054831813,9.410266381489404
488,43,434.8674301242236,81.80531832298136
488,4761,446.2558872612646,100.36102354904506
488,33,335.50053995680344,222.19960403167747
489,43,434.9845964263709,81.81947011706716
489,4761,446.47567681895094,100.2901861252115
489,33,333.7056277056277,222.8300556586271
490,4860,264.85554484088715,10.083702989392478
490,43,433.96100818612666,82.82981473502801
490,4761,446.5924670433145,100.115065913371
490,33,333.16992114156966,220.56233571160345
491,4860,264.96549493206817,10.23851628207893
491,43,435.07894736842104,81.22453616054524
491,4761,446.2742474916388,100.3130806391676
491,33,331.7633280468464,219.59271684762717
492,4860,264.70108695652175,9.942098662207357
492,43,433.91825411503606,82.80247826891068
492,4761,446.5790334302326,100.29760174418604
492,33,331.4059985840252,219.73868829246317
493,4860,264.51892744479494,9.830244479495267
493,43,434.98020791683325,81.74990003998401
493,4761,446.4151388636776,100.17571247050282
493,33,333.0530498836909,220.75458774877228
494,43,435.73901515151516,80.98655303030303
494,4761,446.4640807441124,100.25074213338611
494,33,334.7233476171926,220.57356187508117
495,43,435.044778892605,81.83537718320326
495,4761,447.0557195571956,100.2570110701107
495,33,333.72614937306923,219.77073111636076
496,4860,269.81761320990745,20.30647985989492
496,43,435.63898585338967,81.28770898401616
496,4761,446.44349680170575,100.69633972992182
496,33,333.48619237069977,220.02059443014275
497,4860,264.85306532663316,10.235778894472361
497,43,435.1950659781985,81.6697265251482
497,4761,446.3456074766355,100.41588785046729
497,33,333.8099153419819,218.66258602838175
498,4860,264.62932749701554,9.228014325507361
498,43,435.0763802407638,81.83810709838107
498,4761,446.2523383489223,100.6478243188288
498,33,334.87268090532353,218.50392094357667
499,4860,264.69624848729325,10.015328761597418
499,43,435.121129503408,81.29581304771179
499,4761,446.23482457768705,100.63820308149248
499,33,333.2757971593178,220.37687524955794
500,5165,338.16755037115587,24.35630965005302
500,43,434.1915907207954,82.14084507042253
500,4761,446.33460220784167,100.40197944423296
500,33,330.85494710640944,222.84598630989422
501,4860,264.879792746114,10.10818652849741
501,5165,336.85492227979273,25.072538860103627
501,43,435.7301775147929,81.09506903353058
501,4761,446.38110324263886,100.2541930674618
501,33,331.79375157153635,221.7036082474227
502,4860,264.60715798390515,9.390300720033885
502,43,434.7468926553672,81.79171374764596
502,33,333.9149383829276,225.56176735798016
503,4860,264.9078512396694,10.182851239669422
503,5165,348.9525101763908,22.495251017639077
503,43,434.8305952634948,81.72093023255815
503,4761,445.8769833496572,100.70852105778648
503,33,331.56770895971135,226.3269993986771
504,5165,347.98776418242494,23.453837597330367
504,43,434.7730959446093,81.95568743818002
504,33,330.4877738772546,227.8286527054836
505,5165,346.05645161290323,29.02956989247312
505,4761,446.1029688087185,100.49906050357009
505,33,326.9091420358683,228.86177591701556
506,43,434.6662190677153,81.85440245539996
506,33,327.1572094210762,229.37914086934322
507,43,434.1624452485241,81.94058274614359
507,33,328.09151357279956,231.96380586783658
508,43,434.56615570794673,81.79185155304559
508,4761,446.0959765297569,100.72129086336966
508,33,327.3827002872646,232.91803383338652
509,5165,347.4115281501341,22.626005361930297
509,43,435.5653768567761,80.97744360902256
509,33,325.65191095097157,232.733689357869
510,43,436.4467187170289,80.72040514876556
510,4761,446.31847133757964,100.43988853503184
510,33,324.61352203367096,232.24314172647394
511,5328,264.7714811783961,9.376022913256957
511,43,435.5499491353001,80.94649033570703
511,4761,446.39725457570717,100.34484193011647
511,33,323.0195254237288,230.86786440677966
512,43,434.005698005698,82.55308641975309
512,4761,446.3917287894924,100.26340078097266
512,33,319.04982492394237,230.35445726422134
513,5328,264.8107482047718,9.35811906416493
513,5165,337.74220963172803,30.059490084985836
513,43,434.565890027959,81.90848089468778
513,4761,447.18038286954805,100.01815670021709
513,33,315.7290071545124,231.68275385967115
514,43,434.8882670397761,82.02518488906657
514,4761,446.9566737905576,100.04216048183407
514,33,313.8869320413775,233.11490113919078
515,5328,264.85332464146023,10.107779226423293
515,5165,327.38922155688624,23.75748502994012
515,43,434.86109378249114,81.62383031815347
515,4761,446.2444212721585,100.70427528675704
515,33,311.73967417021566,235.65267356181977
516,5328,264.78960070206233,9.999122422114961
516,43,434.85553514010104,81.96394120349105
516,4761,446.48183186411524,100.32724145345087
516,33,310.5101699637782,236.63220952911675
517,5328,265.04758667573077,10.177430319510538
517,5165,326.4235474006116,23.90519877675841
517,43,435.73443223443223,80.8974358974359
517,4761,446.44453642384104,100.36113410596026
517,33,311.13332371401776,237.106269388933
518,5328,264.77994657900143,9.95007191288268
518,43,433.99271324474927,82.05036433776253
518,4761,452.81152147731837,86.96427137695704
518,33,311.77866487755784,236.91378731969138
519,5165,329.7480559875583,20.124416796267496
519,43,435.14922561741315,81.3227291753872
519,4761,447.1218975180144,99.85348278622898
519,33,311.58963372494816,235.67083621285417
520,5328,265.10354703679224,10.32452081956378
520,43,434.10244747671646,82.54537578514187
520,4761,446.4270588235294,100.34137254901961
520,33,312.0076648961205,236.8929603980367
521,5328,265.18143656716416,10.178638059701493
521,43,434.15578703703704,82.42361111111111
521,4761,447.1190581963572,100.17014660151044
521,33,312.0060880741392,241.10593249002233
522,5165,328.40546967895364,28.31985731272295
522,43,433.9422070534699,82.50830489192263
522,4761,452.9845213849287,86.95784114052952
522,33,312.26475380800565,242.57825008855826
523,43,434.8181201988251,81.91459557162223
523,4761,447.0079068745882,100.3079288381287
523,33,311.2957767386625,242.08943813553032
524,43,434.6823475679379,81.85270609728248
524,4761,446.2423599320883,100.651740237691
524,33,310.7934964070552,242.84299920156784
525,5328,264.8271988527725,9.24067877629063
525,5165,334.55288461538464,24.533653846153847
525,43,434.50022172949,82.58181818181818
525,4761,447.1657546739626,100.05608755129958
525,33,307.79670247687255,241.83795881826322
526,5328,264.8387373845824,9.087180588361607
526,5165,334.6810344827586,21.760057471264368
526,43,434.83586144441927,81.95245641838352
526,4761,446.4880826829783,100.2554313435984
526,33,307.19661482730623,241.14371369683343
527,5328,264.92027902341806,9.16243148978575
527,4761,446.4735467015023,100.12780317875027
527,33,304.75560244470313,244.68895518044238
528,5328,264.6003879728419,9.078322017458778
528,4761,446.5438878676471,100.31962316176471
528,33,307.69548928517906,245.86490334182525
529,43,435.6672743846855,81.07360984503191
529,4761,452.87882271786617,87.07633938836514
529,33,309.2137032238397,245.18314152884687
530,43,434.79571222428365,81.62317048031333
530,4761,452.3634976013956,87.15896205843873
530,33,310.3919340309057,243.82731619430393
531,5328,265.18613775065387,10.230819529206627
531,43,434.8382749326146,81.16352201257861
531,4761,452.8502405354528,87.18489855678729
531,33,309.85697800705947,240.81468911213685
532,5328,264.995114368199,10.045969353764157
532,33,312.0144119646499,240.9231135282121
533,5328,264.78742086992037,10.325505411476414
533,43,435.63363171355496,80.95609548167093
533,33,314.43215017064847,243.7972013651877
534,43,434.074535389482,82.75741399762752
534,33,317.1646852709298,242.19703416343387
535,5328,264.8649438202247,9.921123595505618
535,43,435.1508146191105,81.14531043593131
535,33,317.7144761396961,241.5958411090376
536,5328,264.9040261153428,10.013492927094667
536,43,434.92543595911,81.52635798757267
536,33,319.2970619516086,240.63088274395108
537,5328,269.9634360130228,20.878287002253945
537,43,434.65949467035136,82.0984998026056
537,33,320.89125545707105,240.92928958856993
538,5328,264.50091996320145,9.379254829806808
538,43,435.5399919614148,81.23211414790997
538,33,321.64167154852566,242.67460782399272
539,5328,264.69254852849093,10.00584429137967
539,43,435.06054449410806,81.82608695652173
539,33,321.07745030843046,244.20836189170666
540,5328,264.53013392857144,9.160044642857143
540,43,434.91276781810234,81.55400087450809
540,33,319.63936724068884,246.04291816846882
541,5328,264.84171282488285,10.210694503621646
541,43,434.1177636796194,82.67704203013481
541,5672,446.4678298800436,100.9515812431843
541,33,319.2638520678685,245.54579798515377
542,5328,265.17157232704403,10.1537106918239
542,43,434.7872767857143,81.55223214285715
542,5672,447.0954526833265,100.13600983203605
542,33,316.4020501138952,245.83244003751844
543,5328,264.8411638445027,10.260672549487241
543,43,434.27852068533224,82.17237776849143
543,5672,446.5572159672467,100.10808597748209
543,33,314.0984538126074,245.67391304347825
544,5328,269.8296105383734,20.04381443298969
544,43,434.9214957358408,81.62409796632407
544,5672,446.1017434917602,100.38261284929544
544,33,314.3751449423641,248.0867607939431
545,5328,265.034008683068,10.042209358417752
545,43,434.2375654450262,82.09904013961605
545,5672,446.470676369863,100.80265410958904
545,33,312.86411565753696,247.80383314543406
546,5328,270.01717264642747,19.887764489420423
546,43,434.79529829230427,81.78176979374584
546,5672,446.4861890860094,100.27172692566809
546,33,311.9905301721158,246.22015621759869
547,5328,265.01676727028837,10.22043371339146
547,43,434.6598533659187,81.96334147967119
547,5672,446.9934985778139,100.1733035351483
547,33,308.7872396519905,246.8347614025837
548,5328,264.5307711019217,9.482121138409147
548,43,434.82406181015455,81.77792494481236
548,5672,452.53805774278214,86.98496778811739
548,33,306.9387383602885,248.78134845620667
549,5328,265.1170954556384,10.382062995912479
549,43,434.81476257639866,82.00282087447108
549,5672,446.8630195080577,100.1558524173028
549,33,307.2621198538032,248.79953106682296
550,5328,265.2742555235351,11.1664265129683
550,43,434.96923076923076,81.68153846153847
550,5672,452.340206185567,86.95732438264206
550,33,307.71225600849823,252.54687292524233
551,5328,264.66780989710924,9.381675649191573
551,43,434.9168479574571,81.82982837805173
551,5672,446.3546052631579,100.30986842105263
551,33,309.31017946668607,255.46210855191455
552,5328,264.8730576141525,10.069806359072437
552,43,434.8632440805488,81.70635096260234
552,5672,447.08408551068885,100.04465558194775
552,33,310.1912868931678,256.01271280945656
553,43,434.65747842761266,81.84036433365293
553,5672,447.0197619582304,99.98270828654839
553,33,309.75356125356126,259.99467686309794
554,5328,264.90568319226117,10.320918984280532
554,43,435.009029868025,81.72424172262097
554,5672,448.47441754225673,99.24920054819552
554,33,310.7531217863964,260.27692081680624
555,5328,264.8528428093646,9.93549928332537
555,43,435.02450646698435,81.18788291354663
555,5672,446.4352272727273,100.6209090909091
555,33,311.4946541103165,258.95440062309706
556,5328,264.66028128031036,9.369786614936954
556,43,434.8365813571261,81.69335524771073
556,5672,446.5265909090909,100.37431818181818
556,33,312.5364024121194,254.76687748198265
557,43,435.669946332737,80.60174418604652
557,5672,447.1683432560049,100.32806405255594
557,33,313.3572950703225,252.2976275039068
558,5328,264.26447105788424,8.191367265469061
558,43,434.79700951517896,81.71681014952424
558,5672,446.94507861296574,100.11501184578935
558,33,314.0055629728527,250.9821984868714
559,5328,264.94567841622404,10.236359246740705
559,43,434.91379310344826,81.92801724137931
559,5672,452.49747308283895,86.91672159964843
559,33,313.3517811263107,252.34705923199778
560,5328,264.9513347507678,10.132057642334043
560,43,435.71397236236015,81.20706295240184
560,5848,446.1163746484967,100.63119186675318
560,33,313.7960137256334,255.22377162882384
561,5328,264.9469048201615,10.296305358453633
561,43,434.30750185689527,81.99232483287943
561,5848,446.27047088842494,100.69821387149153
561,33,313.7223934073809,257.2898602651379
562,43,434.87458006718924,81.87637178051511
562,5672,452.3126376045795,87.67789520035227
562,33,312.5431318874149,255.51912683371938
563,5328,264.5341061078912,9.441596076683014
563,43,434.82468904013143,81.90917624970665
563,5848,446.2206310136496,100.24793018572387
563,33,311.34479174400474,256.7931546514218
564,5328,264.8608215818516,10.116288575516045
564,43,434.7677029360967,82.06908462867013
564,5848,446.36195809997923,100.25845260319436
564,33,310.15196770938445,257.2684830137908
565,5328,264.8581952117864,10.164430413049198
565,43,434.7740714454696,81.76602791577952
565,5848,447.07701478302334,100.0138292799237
565,33,305.53862691701306,259.1775834886054
566,5328,264.2198781059541,8.987810595405533
566,43,434.7702312138728,81.96050096339114
566,5848,446.34663726571114,100.30804851157663
566,33,307.2133921469376,260.67604309783786
567,5328,264.73677385892114,10.089211618257261
567,43,434.75272161741833,81.85758720284382
567,5848,447.0424178154825,100.06829268292682
567,33,303.5889163430992,262.88436286621953
568,43,433.34784889821617,83.03515215110178
568,5848,452.36580034005345,87.11634685450571
568,33,302.500341504136,264.1738635501252
569,43,435.5590021691974,80.99674620390455
569,5848,446.2111839410078,100.59852519459238
569,33,302.59688058265766,267.0616325408822
570,5328,264.9166011014949,10.24652504589562
570,43,434.09985734664764,82.68188302425106
570,5848,447.1249703017344,100.05369446424329
570,33,304.04775302852676,271.90824540836263
571,5328,264.65569020021076,9.305321390937829
571,43,435.12281603288795,81.73150051387461
571,5848,446.36749116607774,100.34780413932357
571,33,305.2743276649936,277.19394711214323
572,5328,269.7744935237463,19.77715044835603
572,43,435.6739021956088,81.04066866267465
572,5848,452.22785749628895,87.6828302820386
572,33,304.4677664423703,280.87113812314595
573,43,434.79914040114613,81.59541547277937
573,5848,447.3850949277416,99.92944176820629
573,33,302.0457577898124,280.901891531277
574,5328,265.28643076065754,11.059348007801617
574,43,434.9738134206219,81.79787234042553
574,5848,446.42655298416565,100.03069427527406
574,33,305.21669317579335,279.49852306294025
575,5328,264.9175463623395,10.097574893009986
575,43,434.7641456582633,81.76918767507003
575,5848,446.3186871360508,100.37586024351509
575,33,306.5134984025559,280.8455271565495
576,5328,264.79727427597953,10.110448608745031
576,43,435.1484088989017,81.73218811602365
576,5848,446.29967159277504,100.31362889983579
576,33,304.6366039247097,283.2531037244694
577,5328,264.9708111142296,10.074656188605108
577,43,434.9939683337522,81.57753204322694
577,5848,452.41248016922265,87.6195134849286
577,33,303.8996817820207,283.1601431980907
578,43,434.3535895986433,82.17863199547767
578,5848,446.1356293812862,100.31850045717769
578,33,301.05071584566855,285.25487341260214
579,5328,264.6122326001808,10.167219041880085
579,43,434.4489666136725,82.41303656597775
579,5848,446.9508439443293,99.9499555818774
579,33,300.71372356123953,287.47434005574684
580,5328,264.62768991444125,10.158413274565724
580,43,434.9355811403509,82.02001096491227
580,5848,446.08912466843503,100.673474801061
580,33,301.7367540858989,286.00098821740784
581,5328,264.83486735246345,10.005955603681645
581,43,433.8655854865311,82.6910390324354
581,5848,446.2049016813907,100.69934454260473
581,33,305.61666930504987,285.4574956466677
582,5328,264.9054170249355,9.95213528231585
582,43,433.93924466338257,82.44061302681992
582,5848,447.38032345013477,99.98948787061994
582,33,307.4502140030687,283.90212387951226
583,5328,279.3627906976744,7.810594315245478
583,43,434.8022216201571,81.77865077214847
583,5848,446.9809208852709,100.2312388705164
583,33,305.55093844133773,286.30902911871476
584,6092,270.0402788536019,20.42292796281952
584,5848,446.3513377082282,100.28369510348308
584,33,306.455055729292,287.3083152914762
585,6092,264.74047085201795,9.949831838565022
585,43,434.95612191276933,81.55491329479769
585,5848,446.0094786729858,100.60637177461822
585,33,307.7460737179487,285.2778846153846
586,6092,264.8991089393504,10.233400402414487
586,5848,446.98660714285717,100.05015756302521
586,33,306.2705747877204,285.7304049640758
587,6092,264.61182375906304,9.918014500836588
587,43,434.7575510204082,81.80408163265307
587,5848,445.9804359977641,100.77836780324203
587,33,303.4695867396685,285.01350033750845
588,6092,270.64976286026996,21.012769062385992
588,43,434.283315276273,82.16711809317444
588,5848,446.5466494845361,100.38350515463918
588,33,300.50535232961107,286.22911051212935
589,6092,265.13984835720305,10.196854816062903
589,43,434.8185584092792,81.58271195802264
589,5848,452.2616723819573,87.10445792666843
589,33,300.8684730231456,286.7991942491508
590,43,434.88457389428265,82.0633764832794
590,5848,446.7427130044843,100.46748878923766
590,33,302.4188123591889,289.6028323141294
591,5848,446.4178674351585,100.43198847262248
591,33,300.15717446529544,291.24239940998115
592,6092,264.96051919956733,10.262033531638725
592,43,434.8006804649844,81.63311596257442
592,5848,446.04788213627995,100.67034990791896
592,33,300.1937776373974,293.90808591282376
593,6092,264.7961340984597,10.102990033222591
593,6169,282.657014822475,13.619441571871768
593,43,433.80224321133414,82.57231404958678
593,33,300.2855912968615,294.48939500665256
594,6169,282.6105738233398,13.869439071566731
594,43,434.0047770700637,82.72133757961784
594,5848,445.99921527596126,100.73136280408056
594,33,303.31582511851906,298.529761456844
595,6092,264.6750275633958,9.99173098125689
595,43,434.89555236728836,81.78106169296987
595,5848,445.99206131946346,100.86038872159868
595,33,305.83684210526314,300.32662090007625
596,6169,279.17887154861944,7.267707082833133
596,43,434.8833835203942,81.75663837941418
596,5848,446.2243931320308,100.76968620485495
596,33,306.25893635571055,299.9953237695173
597,6092,264.8454305024978,10.214810461357626
597,43,435.789519650655,80.84774381368268
597,33,306.4449931190804,299.85210070428235
598,6092,265.0564539841223,10.034989708909144
598,43,435.21999472434715,81.27512529675548
598,5848,446.278463648834,100.42825788751715
598,33,307.66345723242273,302.1139722346619
599,6092,264.91603694374476,9.731877973691576
599,6169,281.99259757738895,12.504037685060565
599,43,435.79416859122404,80.79965357967667
599,33,307.98412320393743,307.75922838771135
600,6092,265.2796633179473,10.041813738799892
600,43,435.65438034188037,81.12606837606837
600,33,311.8569224836097,307.12263787119167
601,6092,264.73427395649617,9.246913580246915
601,6169,282.4351324170298,12.740864901106269
601,43,435.64746800222593,81.0765164162493
601,5848,446.9113100081367,100.30485489557906
601,33,311.0944733469049,308.07290959813014
602,6092,265.13137557959817,10.249459041731066
602,43,433.8410284766381,82.72712192424662
602,5848,447.23631047315257,100.12227538543328
602,33,308.18790334684076,310.66914302866576
603,6092,269.8616515348033,19.72805879809771
603,43,435.4399486191394,81.46917148362235
603,5848,447.70583165756966,100.01149095087618
603,33,306.7890650809382,313.5317145688801
604,43,434.9802534630121,81.74977895667551
604,5848,446.57891891891893,100.38513513513513
604,33,304.50505129002175,314.6677805408766
605,6092,264.5057332528666,8.567592033796018
605,6169,281.3050047214353,11.816493547371735
605,43,434.83413123063923,81.88932695015488
605,5848,446.4350705441981,100.32104808522891
605,33,301.1006658832746,315.8744222483353
606,6092,265.1661463753035,10.236559139784946
606,6169,282.0356589147287,12.464806201550388
606,43,434.863921217547,81.61593554162937
606,5848,446.4821164646763,100.44782737215489
606,33,299.3706085698207,317.114076694268
607,6092,265.4052545155993,11.19047619047619
607,6169,282.2918439716312,12.482624113475177
607,43,435.23414634146343,81.20060975609756
607,5848,446.3932181284643,100.32116074339746
607,33,301.5777098718275,316.9318394024276
608,6092,264.5916693998032,9.29845851098721
608,43,434.6938279112192,81.9474004256613
608,5848,452.914694894147,86.96046077210461
608,33,301.07904490992155,315.74191880010346
609,6169,282.7765995051255,13.604453870625662
609,43,434.68586833144155,81.90635641316686
609,5848,446.97312463083284,100.13437684583579
609,33,302.23385986229243,315.85475901174567
610,43,434.72338618346544,81.84654586636466
610,5848,446.9513312338964,100.16604637847122
610,33,303.3047203362431,315.94827028774654
611,43,434.83417383565705,81.9110056363097
611,5848,447.10671496238507,100.18528838116467
611,33,302.2370444410272,315.8660618176226
612,43,434.755,81.83676470588236
612,5848,446.48728323699424,100.23439306358381
612,33,302.6191178754465,317.76766578661284
613,6375,265.0213649851632,10.098813056379822
613,6169,282.65691672401925,13.678940123881624
613,43,434.8617253192152,81.85393958268452
613,5848,446.4681978798587,100.23586572438163
613,33,302.06723844971276,320.32915284408125
614,43,434.84157865480825,81.7757087270706
614,5848,446.386713083841,100.3307223672759
614,33,301.58862640801,317.4048811013767
615,43,434.84915356711,81.8428053204353
615,5848,446.36711915535443,100.6078431372549
615,33,299.854825428195,315.5102931488801
616,6169,279.09807631661937,6.9694102806685585
616,6375,270.01349641501474,20.72458878110502
616,43,434.8508875739645,81.67958579881656
616,5848,452.8514851485148,87.11357018054747
616,33,298.4482992620239,313.20069556366104
617,6375,265.09975594874925,10.22117144600366
617,43,434.8111548954229,81.80387996362533
617,5848,452.88034188034186,87.58669108669109
617,33,297.16518082422203,312.88124474348194
618,6375,264.94398019189106,9.891364902506965
618,43,435.76785714285717,80.82200460829493
618,5848,452.95294753921036,87.14088696592754
618,33,298.17645102278397,308.11965740894726
619,6375,264.85120422302873,9.913229957109865
619,6169,282.75087719298244,13.742105263157896
619,43,435.2125456760049,81.1799634591961
619,5848,452.36970730321116,86.86132423984087
619,33,300.3313675213675,307.7234188034188
620,43,434.1803328290469,82.65234493192133
620,5848,446.30722726023635,100.27535037098104
620,33,301.5169078061911,305.9173956931359
621,6375,264.6162535299655,9.225604016316286
621,6169,282.32829237555137,13.456521739130434
621,43,434.79468115527595,82.03116957392051
621,5848,446.25431965442766,100.62473002159827
621,33,300.6740066628748,305.91460144633135
622,6375,264.6758801280186,9.327902240325866
622,43,434.79390779363337,81.96322722283205
622,5848,446.181449569184,100.69031931069438
622,33,302.4298306657388,307.3038738111807
623,6375,264.6764342998149,9.208821714990746
623,43,434.6883802816901,81.99853286384976
623,5848,446.5633843488305,100.12907883338146
623,33,302.39735470941883,306.7815631262525
624,43,434.71867469879516,82.04397590361445
624,5848,446.4152832674572,100.64400527009222
624,33,300.93949173053653,308.8626058894716
625,43,435.5192251247432,81.21309069562665
625,5848,452.19390581717454,86.90692520775623
625,33,297.84679251194484,309.7614161510143
626,6375,264.8955555555556,9.988888888888889
626,43,434.96670526925305,81.61378112333526
626,5848,446.4642747623428,100.3244403557191
626,33,294.07147535614865,309.2607663337154
627,43,434.78272564255826,81.89121338912133
627,5848,446.32126965292196,100.14298427766242
627,33,293.54539374686505,309.9098812907541
628,6375,264.7937284234753,9.352128883774453
628,43,434.8230723251644,81.92857142857143
628,5848,446.4151867728108,100.24739742804654
628,33,293.8755491652688,308.5792794951673
629,43,434.84565217391304,81.96677018633541
629,5848,447.12745098039215,100.10675381263617
629,33,292.9417199715707,310.3526810392482
630,6375,264.6701794360581,8.887496439760753
630,43,435.1115802171291,81.62153196622437
630,5848,447.23642977056517,100.24510352546167
630,33,292.0860963836354,311.8709345572525
631,6375,265.09044093981333,10.333440617959447
631,43,434.87026332691073,81.59987154784842
631,5848,446.9765258215962,100.04929577464789
631,33,290.6682235592147,310.5405319822673
632,43,434.255625,82.083125
632,5848,446.3629650667424,100.4697529111048
632,33,290.0564431955038,309.7079887595343
633,6375,270.50927182270465,20.971506105834465
633,5848,447.0173000567215,100.22121384004538
633,33,291.97332590174375,311.1523210446692
634,6375,269.8612440191388,20.649122807017545
634,43,435.63407898370616,80.97100248550124
634,5848,446.1224197247706,100.57970183486239
634,33,293.32936507936506,311.69223137973137
635,6375,264.8982605841812,10.207417131604856
635,43,434.26554013277007,82.014484007242
635,5848,447.14200511218405,100.0880431695541
635,33,292.28782920367775,310.7872837774661
636,43,435.6718837339296,80.81805477920626
636,5848,452.5293398533007,87.00916870415648
636,33,290.75019564877135,311.8545938331507
637,6375,269.67923076923074,20.093846153846155
637,43,434.76615024846535,81.82928968137972
637,6598,446.0901375475563,100.66725197541703
637,33,288.7016919671094,312.5314674256799
638,6375,269.8655143338954,20.601180438448566
638,43,434.7528753497047,81.74665837737022
638,5848,452.76175458715596,87.78297018348624
638,33,287.64764193451487,318.2399369179934
639,6375,264.8555013927577,10.289345403899722
639,43,435.6394085697043,80.95926372963187
639,6598,446.0513905683192,101.00695284159613
639,33,285.8380754475703,322.6442615089514
640,6375,265.01871750433276,10.236048526863085
640,43,434.94123283296074,81.63653784733312
640,6598,446.32614465826146,100.35069674850696
640,33,284.4365607923497,323.06360997267757
641,6375,264.7119720546205,9.12416640203239
641,43,434.8175230566535,81.85770750988142
641,6598,446.040625,100.868125
641,33,282.6742924528302,321.9842767295597
642,43,434.7748605185428,81.89990154250081
642,5848,452.9052276559865,87.79932546374367
642,33,282.2667489711934,321.2106172839506
643,43,434.67032236623464,81.72116982386174
643,6598,446.2266666666667,100.35967479674797
643,33,282.7848396971162,324.95754792975674
644,43,434.98886341303637,81.72093023255815
644,6598,446.52960428443913,100.3436477238917
644,33,282.1522105432079,324.6026638850999
645,6375,265.10519172039363,10.25585341024771
645,43,434.2172730363822,82.68106086365182
645,6598,446.4007820136852,100.21570544151189
645,33,280.5163288288288,325.3158783783784
646,6375,264.7892630876959,10.138046015338446
646,5848,452.59903691813804,87.13932584269664
646,33,279.6608674737433,323.69429968732464
647,6375,264.9466527196653,10.295676429567642
647,43,434.15045992115637,82.75164257555848
647,6598,446.2870485678705,100.26805728518057
647,33,282.6916188830414,324.26109496504597
648,43,433.68938365462935,82.66847678522943
648,6598,446.13454777884306,100.24129114733141
648,33,283.59255599472993,325.4479578392622
649,43,434.54026736224324,82.57352461688947
649,6598,446.1140791954745,100.70207416719045
649,33,282.94784158095086,329.8838584271483
650,43,434.3551843681059,82.19602899464229
650,6598,447.11230585424136,100.23835125448029
650,33,282.95944122549406,329.8094293197873
651,6375,264.7662088789524,10.209198339188758
651,6598,446.2960199004975,100.69402985074626
651,33,284.01574189526184,329.56982543640896
652,6375,265.37219589257506,11.106477093206951
652,43,434.70399476096924,81.88965291421087
652,6598,446.1012960436562,100.63096862210095
652,33,283.57965343767466,331.33402539327636
653,43,435.5983556638246,80.76918392204628
653,6598,446.16672147319963,100.2499177902006
653,33,283.72720539828833,331.4192725477288
654,6375,265.01358795446197,10.105398457583547
654,43,434.53563867325335,81.80945659844743
654,6598,446.2888587876736,100.20724686759227
654,33,281.6259406442885,326.8966770947831
655,6375,265.1394111387017,9.994678964171692
655,6598,445.8854712041885,100.63874345549738
655,33,278.4136412727424,325.0324831768713
656,43,434.7435064935065,81.88701298701298
656,33,275.9678611325943,326.02156913293805
657,6375,264.8720514653324,9.182630450321659
657,43,434.79455128205126,81.85128205128206
657,6598,445.9879674796748,100.6390243902439
657,33,277.922110757687,325.81983524997963
658,6375,265.24605313823645,11.313438582980362
658,6598,446.3718187461204,100.29733085040348
658,33,280.0011013215859,327.5095730260928
659,6375,264.8098591549296,10.37605633802817
659,43,434.74848592803704,81.6811542572141
659,6598,445.4031904910854,100.88457929308727
659,33,282.18064784053155,327.64468438538205
660,43,434.76363109048725,81.82511600928075
660,33,283.6953907815631,329.5864529058116
661,6375,270.9738706820195,21.524800708591673
661,43,434.2221118834823,82.759682224429
661,6598,446.51062537947786,100.65361262902246
661,33,284.74717594473793,332.45290532303943
662,6375,264.72420701168613,9.291485809682804
662,43,435.41100221308886,81.44135314574771
662,6598,446.29761136216916,100.24176888315041
662,33,287.91191502954797,333.5023159239738
663,6375,269.881669535284,19.916523235800344
663,43,434.9454310623184,82.03196641911528
663,33,284.7563301031572,333.5625976867771
664,6375,264.9252144082333,10.125214408233276
664,43,434.8580858085809,81.6996699669967
664,6598,446.95617656398855,100.21403620196888
664,33,283.1857379767828,331.1428689883914
665,6375,264.8298987076493,9.403422982885086
665,43,434.2582505607177,82.15892342198013
665,6598,446.35331412103744,100.3942363112392
665,33,282.2542603408273,331.19921593727497
666,6375,264.6840863115307,10.137896156439648
666,43,434.7834793491865,81.811013767209
666,6598,446.15120810600155,100.74824629773967
666,33,281.1387388884273,329.059898645842
667,6375,264.9920203119333,10.310482408414945
667,6835,282.9920389208315,14.438301636444052
667,43,434.95183486238534,81.7146133682831
667,6598,446.1390667886551,100.72034156755109
667,33,279.3392486149584,328.5058864265928
668,6375,264.89297658862876,10.287290969899665
668,43,434.34550475606017,82.18870819269715
668,6598,446.2194910352805,100.3366107576634
668,33,279.97618045619055,327.6512078107903
669,6835,280.1352149655399,9.073843124384641
669,43,435.0112359550562,81.62260409781891
669,6598,452.14008692744903,86.84453360080241
669,33,281.2695443233502,325.54089075774476
670,6835,282.2795055821372,13.431020733652312
670,43,434.22647768395655,82.2186369119421
670,6598,446.5753078623303,100.05778339122197
670,33,281.2624786949111,326.9469198928658
671,43,434.86780315213895,81.63107108394982
671,6598,445.9636123056566,100.88091300033079
671,33,281.04202677512285,329.3304524656838
672,6375,265.1076759061834,9.80135039090263
672,6835,282.1259370314843,13.503373313343328
672,43,435.8700876908087,80.8879506333225
672,6598,446.8137169427492,100.19354838709677
672,33,280.99950839819746,329.27152806226957
673,6835,281.89578250261417,12.671314046706168
673,43,434.36879662666234,82.20791436912099
673,6598,447.03163152053276,100.27746947835738
673,33,281.86486486486484,329.860970480567
674,6375,264.8425742574257,9.13003300330033
674,43,435.02998126171144,81.6842598376015
674,6598,452.2011038289065,87.01138323559849
674,33,281.06277805239745,330.1590871642775
675,6375,264.5034013605442,8.945887445887447
675,43,435.88087496305053,80.91250369494531
675,6598,452.5059880239521,86.82468396540253
675,33,280.65398075240597,331.9366579177603
676,6375,264.70594479830146,9.234961075725407
676,6835,282.3259626382005,13.525733892489516
676,43,435.8870757180157,80.76860313315927
676,6598,452.39959500506245,87.07087411407358
676,33,278.7248278123975,333.65718268284684
677,6375,265.1899852724595,10.009572901325479
677,6835,282.5843955195056,13.682889146388568
677,43,435.73655217109524,80.96921581335062
677,6598,446.1442701227831,100.68519781718963
677,33,280.13804799457307,333.5209022301365
678,6375,264.9594175960347,10.771995043370508
678,6835,282.35615466477475,13.656970556935082
678,43,434.90313111545987,81.89302022178734
678,6598,446.3785578747628,100.7460468058191
678,33,282.1229875518672,335.3573443983403
679,6835,282.9296685529507,14.421180274858528
679,43,435.83286207979893,80.95664467483506
679,6598,446.11918124793664,100.62759986794322
679,33,281.2931449937682,334.7008724553386
680,6835,282.73840035351304,14.448519664162616
680,43,434.90585774058576,81.89748953974896
680,6598,446.5649087221095,100.18458417849898
680,33,277.0753511058784,334.3523673366412
681,6375,264.4316210807205,9.257505003335556
681,6835,282.17532685216224,13.15588333892055
681,43,435.43141973186664,81.47370230319697
681,6598,446.3878361858191,100.45965770171149
681,33,276.86955040871936,332.4256641689373
682,6835,281.5658284023669,11.805473372781066
682,43,434.9558029689609,81.85863697705803
682,6598,446.3192204301075,100.19422043010752
682,33,276.2541538461538,331.04483516483515
683,6375,269.05862923203966,18.64450867052023
683,43,435.04412740544126,81.14598540145985
683,6598,446.98506097560977,100.1765243902439
683,33,276.81679582210245,331.60908018867923
684,6375,265.24799229039513,10.799871506585287
684,43,435.12552594670404,81.3117110799439
684,6598,446.1096551724138,100.26379310344828
684,33,276.8206707734428,335.04893908281997
685,6835,278.9154048716261,6.852534562211981
685,43,435.1911240686751,81.33819241982508
685,6598,446.3793548387097,100.28096774193548
685,33,276.2028073160357,332.7010633772863
686,6835,279.1057479734709,7.154384672070744
686,43,434.8668433256045,81.7856906260351
686,6598,446.22131147540983,100.71341833636916
686,33,275.2916078691791,331.61924130488916
687,43,434.7793220338983,81.8406779661017
687,6598,447.0082513487782,100.19168517930815
687,33,273.97626726205243,331.915488299016
688,6375,265.19336461126005,10.180965147453083
688,6835,281.908295281583,12.70281582952816
688,43,434.78978663868486,81.797481636936
688,6598,446.21704658077306,100.69045259332673
688,33,271.7469414566056,330.0299696198374
689,6375,265.16963673749143,10.09595613433859
689,6835,281.8650892486509,12.400581154005812
689,43,434.88664495114006,81.80879478827362
689,6598,447.5328513046212,99.9710782772713
689,33,272.51217121385395,330.54411043947067
690,6835,282.3505367464905,13.81048720066061
690,43,435.60879260911116,80.82223638101306
690,6598,452.3496291301416,87.76904922454484
690,33,272.4727478852359,329.6005930060173
691,6375,264.8472172988302,10.024459411556187
691,6835,282.6953931691819,13.822081016679904
691,43,435.81651954602773,80.84174022698613
691,6598,446.1338780641106,100.2639849151477
691,33,269.98818242343543,327.7159620505992
692,43,434.90340909090907,81.8529411764706
692,6598,452.1107393777183,86.86048845767816
692,33,267.5551401869159,327.73976210705183
693,6835,282.7492343032159,13.944486983154672
693,43,435.4536013400335,81.521608040201
693,6598,452.78695073235684,86.94573901464713
693,33,269.539837398374,328.57894736842104
694,6375,265.1478135164438,10.182508131550415
694,43,435.53192171960217,81.01379531600898
694,6598,447.1267965506228,100.0990099009901
694,33,270.5620948924034,329.1891798461671
695,6375,264.6487822096717,9.30921284857042
695,6835,282.7246784565916,13.485530546623794
695,43,434.9268956137368,81.87317239034343
695,6598,452.4232350925291,87.03872515421521
695,33,273.57567567567565,331.82353966870096
696,6375,264.98558682223745,9.329787234042552
696,43,434.9911909795631,81.73502466525723
696,6598,446.3658798283262,100.33690987124463
696,33,272.4357589783149,332.007456929802
697,6375,265.10287443267777,10.408472012102875
697,43,434.93485560779044,81.90429818670249
697,6598,446.90891658676895,100.23074464685203
697,33,270.09673047602917,329.1588175503981
698,6375,264.83598079054303,10.16143332101958
698,43,434.24657534246575,82.05551550108147
698,6598,446.3189028420357,100.41044282881693
698,33,270.7816597580577,326.44547838592337
699,43,434.77928397636424,81.90684741049705
699,6598,447.23087670275936,100.15892420537898
699,33,269.66637931034484,327.07706896551724
700,6375,264.8064748201439,10.08884892086331
700,43,434.19060773480663,81.89157458563535
700,6598,446.38728511190396,100.33927992215375
700,33,269.4059613038173,330.6256754401255
701,43,434.96266573621773,81.7079553384508
701,6598,446.4458193979933,100.41438127090301
701,33,269.16812284882184,332.20695437295916
702,43,434.08840729274164,82.52562779497764
702,6598,446.32308212233863,100.22845555931058
702,33,268.60058360597753,331.82085064992486
703,43,434.731432594157,81.76029567053854
703,6598,453.0701694915254,87.14169491525423
703,33,265.9072247400693,333.85115080423
704,6375,264.77661115133964,10.081462708182476
704,43,435.73598919648884,80.98885887913572
704,6598,452.38255033557044,87.05469798657718
704,33,267.4175006415191,334.10495252758534
705,6375,269.7862700228833,20.17986270022883
705,43,435.2751851851852,81.24037037037037
705,6598,453.123629112662,86.9498172150216
705,33,268.43074594979527,333.9528217909916
706,6375,264.7810534591195,10.37382075471698
706,43,435.2611968385397,81.6326684230335
706,6598,446.3449965010497,100.10181945416375
706,33,270.4460131415379,333.50150950097674
707,6375,264.58960868135483,9.858599145018086
707,43,434.4258652094718,81.93406193078324
707,6598,452.3915028089888,87.11235955056179
707,33,272.8960843373494,331.48343373493975
708,6375,265.11513859275055,11.133262260127932
708,43,434.7943955685891,81.64972303681981
708,6598,447.33478125969594,100.06608749612163
708,33,273.9569381841597,330.20259175788794
709,6375,265.65942028985506,11.97463768115942
709,43,434.9973796265968,81.59384212250245
709,6598,447.10493827160496,100.16439246263808
709,33,269.89404873079206,330.97020120553526
710,6375,265.4673655732161,11.011498140006765
710,43,434.8102715080144,81.74517500817795
710,6598,446.323197492163,100.7319749216301
710,33,270.23617741515494,329.30431386164395
711,6375,264.8008504606662,10.237420269312544
711,43,434.98680203045683,81.31438240270728
711,6598,446.2357167293876,100.36572015053028
711,33,268.98823735955057,325.869294241573
712,6375,264.90334207077325,9.9737876802097
712,43,435.4447852760736,81.07941376959782
712,6598,446.2397119341564,100.19753086419753
712,33,267.1693989071038,324.8491629803105
713,43,434.97082398204554,81.7290798332799
713,6598,446.31470043236567,100.34249536751081
713,33,263.6716297425778,325.47179119203514
714,6375,264.92775537634407,9.956989247311828
714,43,434.0145502645503,82.62566137566138
714,6598,446.36859395532196,100.45696452036793
714,33,266.91653584510726,325.0627071341357
715,6375,264.8442280945758,10.020514603616133
715,43,434.81079302402105,81.80552813425469
715,6598,447.00101078167114,100.09535040431267
715,33,267.09082389026156,323.935077106586
716,6375,264.74328459707584,9.78544712682761
716,43,434.2031354236157,81.85990660440294
716,6598,445.8939089692102,100.71084337349397
716,33,264.79382988100485,320.61507271925956
717,6375,264.80794912559617,9.346263910969792
717,43,434.4666884389288,82.48856956237753
717,6598,447.05310006138734,100.03345610804175
717,33,263.97682632667124,319.4325465196416
718,6375,270.4605922551253,20.699316628701595
718,43,435.7470035633301,81.12536443148689
718,6598,446.38134206219314,100.87495908346972
718,33,262.7907618062737,321.7179420889349
719,43,435.1599856836077,81.38690050107373
719,6598,447.23748308525035,99.99391069012178
719,33,261.80668158832793,321.183950924314
720,43,434.7292576419214,81.76788713469936
720,6598,446.4519549370444,100.36580516898609
720,33,259.92251318259,320.7787112342479
721,6375,264.94539781591266,10.190717628705148
721,43,434.7328767123288,82.10093727469358
721,6598,451.9392185238784,87.34334298118668
721,33,261.59340371695316,316.71145624291074
722,6375,265.1270657363202,10.32317297098788
722,43,434.9132893496701,81.74300973923971
722,6598,446.09406657018815,100.65665701881332
722,33,259.02650602409636,316.12151462994836
723,6375,264.67468581687615,9.28689407540395
723,43,434.31459170013386,82.04384203480589
723,6598,446.1582867783985,100.71657355679702
723,33,255.8541996830428,313.76166578622997
724,6375,264.82578638091945,9.948150708606981
724,43,434.21751216122306,81.98957609451007
724,6598,446.19939475453936,100.30430396772024
724,33,257.87775585485116,312.50090074633266
725,6375,264.92652671755724,10.029898218829516
725,43,434.7414180301572,82.01347449470644
725,6598,446.9250149970006,100.0242951409718
725,33,255.79254629982472,314.050377257831
726,43,434.67655677655677,81.9981684981685
726,6598,447.26409017713365,99.78550724637681
726,33,253.0050834533593,315.15978988392783
727,6375,264.705500381971,9.514514896867837
727,43,434.7804143126177,81.80489642184557
727,6598,446.223812849162,100.17213687150839
727,33,253.19348145586582,316.25235583988933
728,43,433.8454907161804,82.71120689655173
728,6598,446.34736842105264,100.36468590831919
728,33,254.48234098416194,318.1464385534005
729,6598,446.3536903984324,100.40496407576747
729,33,250.44285836396273,318.30429951277887
730,43,435.19062901155326,81.19383825417202
730,6598,446.5213788531654,100.4673516738482
730,33,248.54187411095305,314.7700924608819
731,6375,264.85403377110697,9.713320825515947
731,43,434.2314442413163,82.0888482632541
731,6598,447.0304761904762,100.36285714285714
731,33,251.62474367737525,311.9902597402597
732,6375,264.77790608160126,9.959199384141648
732,6598,446.92241687522346,100.105112620665
732,33,254.21158091356767,312.9058413992189
733,6375,264.7978494623656,10.047311827956989
733,43,434.6711571675302,81.6908462867012
733,6598,452.87379972565157,86.95370370370371
733,33,253.923291869479,313.00955471425993
734,6375,264.85178441369266,10.375091041514931
734,43,434.783842010772,81.70233393177737
734,7341,446.22291450328834,100.64832121841468
734,33,252.92710489993098,311.68064182194615
735,6375,265.2208897485493,11.068085106382979
735,7341,446.1415296640457,100.64081486776269
735,33,250.12950921884743,312.422196490603
736,43,434.7990099009901,81.8
736,7341,446.41294498381876,100.23559870550162
736,33,248.4514046731521,310.6879716337849
737,43,434.7741176470588,81.86453781512606
737,7341,445.1722033898305,100.94610169491526
737,33,248.25086344874063,310.7696908432314
738,6375,264.8957415565345,10.17143906020558
738,43,435.23633276740236,81.32020373514432
738,7341,446.48245033112585,100.27218543046358
738,33,250.13130169786677,310.0092294296909
739,43,434.0397045244691,82.65774084333641
739,7341,446.30162953109414,100.31227136681078
739,33,249.20514108682912,309.78330402746377
740,6375,270.5534746180384,20.913257762444555
740,43,435.1531944934698,81.58877515001765
740,7341,446.24313863476425,100.73469387755102
740,33,248.2402035169151,309.44773721324646
741,6375,265.0238095238095,10.224789915966387
741,43,433.74642738451314,82.7633765370555
741,7341,447.2600258732212,100.03622250970245
741,33,249.74793174767322,309.70708376421925
742,6375,264.8152686145146,9.911404335532517
742,43,434.02650231124807,82.63143297380586
742,7341,452.43950905902983,87.70777323202806
742,33,246.75882831570382,310.50585842148087
743,43,433.92094594594596,82.71385135135135
743,7341,447.1351265822785,100.08481012658228
743,33,244.14830913674695,313.89046335738504
744,6375,264.7223168654174,9.888926746166952
744,43,434.2149274360746,81.90981340704907
744,7341,452.846923647146,86.9540400296516
744,33,245.69234782608694,313.9221739130435
745,6375,264.9219683655536,10.032688927943761
745,43,434.9785063752277,81.69581056466302
745,7341,447.2611284377658,100.22767224269919
745,33,245.68649825783973,315.44416376306623
746,43,434.79820006922813,81.69885773624091
746,7341,446.55238095238093,100.35136054421768
746,33,247.35003402517864,314.16527730520585
747,7341,446.93715341959336,100.02587800369686
747,33,248.74959290754478,313.5762619866112
748,6375,264.9547088425593,10.236161035226456
748,43,434.93166885676743,81.82457293035479
748,7341,447.1559157212318,99.87974068071313
748,33,248.77700445434297,310.9264105419451
749,43,435.0923645320197,81.65917487684729
749,7341,446.14697586963337,100.59323096208085
749,33,249.78693083072645,308.9973062217588
750,6375,264.878093830809,10.081270779460658
750,7341,447.05355997434253,99.94259140474664
750,33,251.72344620660095,308.28615516502356
751,6375,264.91193873999305,10.038635572572225
751,43,434.88954830201124,81.97395318166832
751,7341,447.1005496281927,100.22696411251212
751,33,254.48564593301435,307.7477785372522
752,6375,265.1195903534853,10.052857614800132
752,43,434.7917319135609,81.93517068587535
752,7341,446.1627342123525,100.68077723802915
752,33,254.04736340808728,306.26296649060527
753,43,434.0378258105531,82.5864589955499
753,7341,445.9651282051282,100.52
753,33,251.02299645543357,303.78127431486126
754,43,434.95098039215685,81.56795131845841
754,7341,445.97767564018386,100.60965200262639
754,33,249.22706538266598,301.97617840851495
755,43,435.628664495114,81.314332247557
755,7341,446.11277683134585,100.56456558773424
755,33,248.59116365899192,303.1007200640057
756,6375,265.16013191645294,11.002931476731403
756,43,435.04016913319236,81.89278163696768
756,33,245.991072202479,303.6068301984918
757,6375,264.84029484029486,10.340601965601966
757,43,434.2924335378323,82.56821501606778
757,7341,446.97797602453306,100.08809590186786
757,33,246.86745749308028,298.73871095294584
758,6375,264.8921995313023,10.167726816203547
758,43,435.40662947161144,81.45257630456186
758,7341,446.45994993742175,100.32352941176471
758,33,247.07675,295.50916666666666
759,6375,264.9617547806524,10.169478815148107
759,43,434.14428031604257,82.1944349020955
759,7341,446.2114467408585,100.43942766295707
759,33,247.17961122350252,294.80939396604805
760,6375,264.52929875120077,9.10951008645533
760,43,434.7465648854962,81.80916030534351
760,7341,446.3077375698735,100.33451015004412
760,33,247.1864889033412,295.9877245752378
761,6375,265.0700700700701,10.160827494160827
761,43,433.96079111727965,82.72796668979875
761,7341,452.3082636954503,87.06190034045187
761,33,249.91091125063636,297.28593246224335
762,6375,264.5200131233596,9.071194225721785
762,43,434.09317630758574,82.43609282992726
762,7341,446.5038355323719,100.35655108929119
762,33,250.8934713784547,297.5302472833062
763,6375,264.52,9.264590163934425
763,43,434.0809824095586,82.62396282774642
763,7341,446.10406403940885,100.73645320197045
763,33,251.3513424204874,297.8581577860388
764,6375,264.9829624478442,10.054589707927677
764,43,435.8222649983959,80.7982034007058
764,33,248.79623096119096,297.62103089235006
765,43,434.205452775073,82.78805582603052
765,7341,446.4439155013389,100.33263909550729
765,33,249.2843483504178,298.8303902144888
766,43,434.7009437032216,82.21347217702571
766,7341,446.2992633517495,100.35451197053408
766,33,249.51175072616846,299.83460962943406
767,6375,264.73005565862707,10.078540507111935
767,43,435.11178614823814,81.30832320777643
767,7341,446.12518540492437,100.7330169089291
767,33,250.02886902321004,298.49315180841467
768,43,434.0697605675436,82.59030446349394
768,7341,446.32824427480915,100.28148854961832
768,33,250.66442299176336,297.60552652555134
769,6375,264.7389741914407,10.098660568441685
769,43,434.935525055857,81.78135971911905
769,7341,446.4536917098446,100.30505181347151
769,33,250.59322616693888,299.30508037479586
770,6375,269.92668112798265,20.779609544468546
770,43,434.7121935689271,81.79401464501751
770,7341,446.1708703374778,100.55523978685613
770,33,250.74535491052316,300.00582241630275
771,6375,265.2844770153231,10.245169886742172
771,43,434.0016572754392,82.8975803778588
771,7341,452.5506970849176,87.90811153358682
771,33,251.6885439514088,300.28091783364266
772,43,434.27581379068954,82.2397619880994
772,7341,452.91952165481575,87.82029734970911
772,33,247.91625485351219,300.3213907518532
773,6375,265.10028449502136,10.061522048364154
773,43,434.8617227979275,81.68652849740933
773,7341,452.46572995202195,87.49623029472241
773,33,245.66478176356247,299.65347234493726
774,6375,265.1896024464832,10.229969418960245
774,43,434.87895416397674,81.8192382182053
774,7341,447.23240086074395,100.06547802028896
774,33,245.2483042635659,298.7676033591731
775,6375,264.92202729044834,10.113385315139702
775,43,434.842916800514,81.88435592675876
775,7341,446.59657782165186,100.20467258966765
775,33,249.1443415014287,296.45536410078796
776,6375,264.8962162162162,10.122162162162162
776,43,434.8610651670526,81.99966920277869
776,7341,447.128991859737,100.24765184721352
776,33,251.47633744855966,295.72993827160496
777,6375,264.7851384507536,9.276550998948476
777,43,434.86389351081533,81.91880199667222
777,7341,447.03922174181594,100.01791229153798
777,33,251.57625166149757,296.34523704031903
778,6375,264.7633615923332,9.842609657206044
778,43,434.9110105580694,81.75565610859728
778,7341,446.45302445302445,100.27091377091377
778,33,253.89814502529512,295.02959527824623
779,43,434.18130896226415,82.56692216981132
779,7341,446.38066750629724,100.71693954659949
779,33,255.88272045697965,293.9059264548376
780,6375,265.0200140449438,10.415730337078653
780,43,434.8991725406068,81.26478700582287
780,7341,446.51379205819944,100.78933010003031
780,33,257.2184354582377,292.831538054035
781,43,435.53926774734487,81.07462269424259
781,7341,446.39639905548995,100.32688902007084
781,33,255.36499674690955,291.7423552374756
782,43,434.09244666538535,82.77013261579857
782,7341,446.3560536468859,100.11151938269337
782,33,259.0036150913632,289.26653082687
783,43,435.78315789473686,80.92090225563909
783,33,258.11148197596793,287.1217456608812
784,6375,264.6001749781277,9.291921843102944
784,43,434.9009278659084,81.84555522298713
784,7341,446.424901783016,100.07585373224539
784,33,259.831773495871,286.2777034998034
785,6375,264.94589609591145,10.046726098985552
785,43,434.8485489721886,81.75876662636034
785,7341,446.57211828605915,100.39438744719372
785,33,260.60207730291165,285.10412055167717
786,43,435.7572272303388,81.19956481193658
786,7341,446.99629858112274,99.98673658235657
786,33,260.42045939714797,286.92306378618395
787,6375,264.74305328538736,9.206276560967638
787,43,434.1428979708488,82.64789939982852
787,33,259.63731279418056,287.00650406504064
788,6375,264.986301369863,9.896607958251794
788,43,434.8164459501078,81.97998152140437
788,7341,446.2360248447205,100.64477965099083
788,33,259.0730747150004,282.5440826703846
789,6375,264.7798742138365,9.10125786163522
789,43,434.9092526690391,81.94543297746145
789,7341,445.35669390320555,100.77875549968573
789,33,260.64026261937244,281.7256139154161
790,6375,269.69787234042553,19.911025145067697
790,43,434.2780381130897,81.9881287097782
790,7341,446.2477575007733,100.1957933807609
790,33,260.75111441307575,282.4446095426779
791,6375,264.60871044572986,8.297039809459001
791,43,434.60745341614904,81.90590062111801
791,7341,447.14708520179374,99.97309417040358
791,33,259.60318386397734,281.76354392398736
792,43,435.64323983611723,80.74156949259375
792,7341,452.3707271597265,86.84742075823493
792,33,256.0409649122807,280.5778947368421
793,6375,264.87989886219975,9.3173198482933
793,43,434.62934481697937,81.87388495847432
793,7341,446.54401805869077,100.40277329893583
793,33,256.46824854899285,281.6811198361215
794,6375,264.734687192925,10.070094988535867
794,43,434.72551928783383,81.83412462908012
794,7341,446.42651036970244,100.32371505861136
794,33,260.5719240297275,284.0447563996697
795,6375,264.81912551116704,9.878263604907204
795,43,434.90700763865823,81.81600797077382
795,7341,446.8062342038753,100.3271552934569
795,33,258.97554763117677,283.0565461029037
796,6375,270.10090984284534,20.770885028949543
796,43,434.2181411689556,82.22676461194507
796,7341,446.4,100.47387944358579
796,33,258.4638698630137,282.50453767123287
797,6375,265.06544028950543,10.19692400482509
797,43,434.85460218408735,82.10046801872075
797,7341,446.3560062402496,100.24773790951637
797,33,259.39210247205676,282.4682222403525
798,43,433.93645800566213,82.79458949355143
798,7341,446.2856240126382,100.2044233807267
798,33,259.1796116504854,282.07835121785047
799,6375,265.10543130990413,10.292332268370608
799,43,435.0398944939004,81.70590174744477
799,7341,446.52084017065965,100.27239908106334
799,33,258.2087845968712,283.146982980918
800,43,434.7652996845426,81.58706624605678
800,7341,452.1758389261745,87.18993288590605
800,33,256.5276319302305,284.37278633087124
801,7341,452.41736957200874,87.12527335207747
801,33,255.10923089939928,285.16786530163296
802,6375,264.92180502928005,10.14467791939373
802,43,433.96939782823296,82.72096084238237
802,7341,447.0718093446221,100.1351520852932
802,33,256.7086891451712,287.96540188396864
803,6375,265.00791139240505,9.971518987341772
803,43,434.8724256292906,81.88243707093821
803,7341,452.56377311187714,87.13068003760577
803,33,255.27624309392266,287.80069266925045
804,6375,264.6777476255088,10.209972862957937
804,43,434.8619298789947,82.2299100217189
804,7341,452.27830035679534,87.03503081414208
804,33,252.68686955772048,286.6555737563583
805,6375,265.20352564102564,11.119551282051283
805,43,434.6140412155082,82.41285365001747
805,7341,452.4633179114342,87.22174487772637
805,33,253.7576052352317,285.02520339582594
806,6375,264.64584018414996,9.137125945412693
806,43,435.2340862422998,81.27427398063948
806,7341,446.4845430107527,100.61021505376344
806,33,254.29527592326545,287.70421702019775
807,6375,265.27994524298424,10.407255304585899
807,43,434.88534242330337,81.67059188100403
807,33,254.5349164467898,287.2024626209323
808,43,434.751298926221,81.9442327675788
808,7341,446.42169080498485,100.37992590097676
808,33,255.30779944289694,286.2775069637883
809,43,434.13963963963965,81.8018018018018
809,7341,446.26933514246946,100.66519674355496
809,33,252.5317945442934,286.5929203539823
810,43,434.78901933701655,81.61118784530387
810,7341,446.45253367543296,100.33547145606158
810,33,253.2390173163866,287.4297534760727
811,43,434.78253540121375,81.88604180714768
811,33,253.62954954954955,286.5954054054054
812,43,434.2662580864828,82.8682328907048
812,7341,446.1697473813925,100.65311152187307
812,33,255.604329004329,283.58337662337664
813,43,435.0685640362225,81.8735446313066
813,7341,446.4574468085106,100.43554443053817
813,33,255.93586655962895,280.62938185710465
814,43,434.8455506307535,81.9072621888851
814,33,258.7026387009472,280.9030784844384
815,43,434.8952380952381,81.92410714285714
815,7341,446.033655344344,100.70956684325336
815,33,259.0612029831388,281.22324902723733
816,43,434.7705016521478,81.84079303094022
816,7341,445.9235136940548,100.67267869071476
816,33,259.6270174848689,282.41417283120376
817,43,435.13370022661053,81.25930721916478
817,7341,446.39421281891725,100.29962663347854
817,33,258.51286493979035,282.345490773629
818,8045,265.0700951039098,10.278266995420923
818,43,434.33718626155877,81.804821664465
818,7341,446.40910612654835,100.39370605959157
818,33,257.1786907964457,282.32836064237387
819,8045,264.913446183328,9.992973490897477
819,43,434.89693941286697,81.62273579013117
819,7341,446.1113268608414,100.63139158576053
819,33,258.37389638514077,278.9612693653173
820,8045,264.7916803144448,10.038322961021946
820,43,433.9981012658228,82.66993670886076
820,7341,446.1719609040928,100.68265119120342
820,33,259.9099636950383,279.52029043969344
821,8045,264.98451053283765,10.263011152416357
821,43,435.56188262638,80.90732132481115
821,7341,446.5236064575084,100.09655802619555
821,33,262.4059647466163,280.738825936418
822,43,434.96690099589927,81.81107205623901
822,7341,446.11361141602634,100.7401207464325
822,33,263.5027727876279,279.11801921424666
823,43,434.9237804878049,81.789972899729
823,7341,452.28539962240404,87.13373190685967
823,33,262.0478981745101,280.54948919778934
824,8045,264.6486860304288,9.321230982019364
824,43,434.84368436843687,81.87728772877287
824,7341,452.36805131337815,87.55284056200367
824,33,262.7310658332657,282.1693319262927
825,8045,264.6994705699159,9.231080660230457
825,7341,446.14910277324634,100.3647634584013
825,33,264.4243693957932,282.7957764183357
826,43,435.48101683724,81.50346649059095
826,7341,445.9186335403727,100.63136645962733
826,33,264.7436139207955,284.4678553060175
827,8045,264.8837064676617,10.15018656716418
827,43,434.50742965539047,81.8899778691116
827,7341,446.0911207183239,100.57366145660126
827,33,265.5685644921294,284.25420941342315
828,8045,265.0834890965732,10.17227414330218
828,43,435.04188163884675,81.28012139605462
828,7341,452.3486529318542,87.09635499207607
828,33,265.5115207373272,283.4590373783922
829,43,436.4535371702638,80.80635491606715
829,7341,446.4199491740788,100.19599745870394
829,33,262.9989346008851,283.01573512538926
830,8045,264.88721136767316,10.042628774422734
830,43,435.1766184789441,81.30201131363923
830,7341,446.3823860438942,100.34158694428812
830,33,263.1604737952296,282.57179944832063
831,43,436.7214640198511,79.8970223325062
831,7341,446.97779628087704,100.1917846239245
831,33,264.6777787014714,279.45398620001663
832,8045,264.97556390977445,10.164160401002507
832,7341,446.2847045518801,100.66440486287814
832,33,266.77486910994764,277.9138505473584
833,8045,264.71507246376814,9.286376811594202
833,43,434.00792021120566,82.44177178058081
833,7341,446.35780852866424,100.28353572437165
833,33,266.26130734876165,277.20901339829476
834,43,434.25169109357387,82.0510146561443
834,7341,446.4992919852733,100.33050127442651
834,33,265.73596176821985,277.22923138191953
835,8045,264.6722376973073,9.484679665738161
835,43,435.6358629130967,81.13341493268054
835,7341,447.039637599094,100.06568516421291
835,33,265.6581567526168,279.1023742660199
836,8045,264.6177933860111,9.340357038337723
836,43,434.2882596245625,82.17403754374801
836,7341,452.4764533939591,87.11757063981813
836,33,265.2599108228618,279.62034860154034
837,8045,264.49615631005764,8.574951953875722
837,7341,452.3513669064748,86.79251798561151
837,33,262.83646456020494,276.86387702818104
838,8045,265.0193735873426,10.080723280594123
838,43,434.2947030497592,82.10272873194222
838,7341,446.9388520334583,99.96827228151139
838,33,263.89005104175385,273.45510835913313
839,8045,264.8940251572327,9.929874213836477
839,43,435.5074086269345,81.2354297003622
839,7341,452.19935275080906,87.54822006472492
839,33,264.67019386106625,272.50266558966075
840,8045,265.3051539912005,11.312067881835324
840,43,435.9148576261629,80.38088525514519
840,7341,446.35163674762407,100.41789862724393
840,33,265.1961144867285,271.79437160217464
841,8045,265.0629326620516,10.229389553178098
841,43,433.78527062999115,82.73351079562259
841,7341,446.22594625830686,100.35365501300203
841,33,262.89763963542885,270.1871153696346
842,8045,265.4907170294494,10.558258642765685
842,43,434.90757451462946,81.59392945036916
842,7341,447.00107382550334,99.90362416107382
842,33,260.6609195402299,268.87691570881225
843,8045,265.41829671983146,11.152272043334335
843,43,434.7784741144414,81.90762942779291
843,7341,445.31335866705643,100.74071908798597
843,33,260.2863860804138,269.64331060427935
844,8045,265.05298013245033,10.116367076631978
844,43,435.9269805469411,80.78206935438399
844,33,259.78379697413374,264.8160078086872
845,8045,265.18464,10.281279999999999
845,43,434.906568877551,81.88169642857143
845,7341,446.33430799220275,100.32261208576998
845,33,257.93782249742003,263.50085999312006
846,8045,264.982219497241,10.054261189454323
846,43,434.24655929721814,82.61405563689604
846,7341,446.57923952262,100.39411601443241
846,33,259.64029675907847,260.56329558766106
847,8045,264.95054945054943,10.019664545980335
847,43,434.79416761041904,81.7321630804077
847,7341,446.5713015120071,100.29617551141418
847,33,260.8675115207373,259.90931533903887
848,8045,265.0049720323182,10.184275947793662
848,43,434.90065243179123,81.55871886120997
848,7341,446.4939040910322,100.1901923597941
848,33,260.62545091718476,263.04413232020875
849,8045,265.0667267808837,10.056807935076645
849,43,435.1308840413318,81.09443168771527
849,7341,452.1470923603193,87.2599771949829
849,33,260.08388704318935,267.0816445182724
850,8045,264.9748543391598,9.970254523152407
850,43,434.1977258370183,81.98041692987998
850,7341,446.43188322839154,100.42959358900973
850,33,260.4084045697851,266.0154989214668
851,8045,264.68808165716,9.359651756229361
851,43,435.1644370122631,81.1948160535117
851,7341,447.85245433789953,99.85388127853881
851,33,258.94953100356935,264.408732464514
852,43,434.83978873239437,81.71273474178403
852,7341,446.1085387853277,100.36139506915214
852,33,260.40543486724283,263.7386903371486
853,8045,264.7055384615385,9.321846153846153
853,43,435.7787664927892,80.9911015648972
853,7341,452.827526634034,87.74748056435358
853,33,264.42801317906674,262.20044441039
854,43,435.4140350877193,81.56812865497076
854,7341,446.304120719675,100.35809634358677
854,33,265.0150579150579,261.03359073359076
855,43,434.17905405405406,82.27027027027027
855,7341,446.4672742336371,100.12234189450427
855,33,263.8797323888233,262.18583234946874
856,43,434.2468018720749,82.03307332293292
856,7341,446.47906698564594,100.25687799043062
856,33,262.328586041388,264.4394523565977
857,43,435.2505896226415,81.25235849056604
857,7341,446.3190092509699,100.37720083557147
857,33,259.64626841508823,266.3412659867249
858,8408,264.51621026125275,9.167768334907144
858,43,434.22376811594205,82.12811594202898
858,7341,447.08601216333625,100.1326382855488
858,33,259.6951209837366,266.09607298691
859,8408,264.6020860495437,9.25006518904824
859,43,434.87565997888066,81.97544878563886
859,7341,447.0714642678661,100.12618690654672
859,33,260.23476331360945,262.80288461538464
860,8408,270.6760027662517,21.801521438450898
860,43,434.2010090281466,82.09426447158789
860,7341,446.0026574541589,100.6877491363274
860,33,262.77876774388403,258.3246753246753
861,8408,264.57549539492044,9.354172481161038
861,43,434.38785925329034,81.89443996776792
861,33,266.6933229207341,255.86528699726668
862,8408,265.0416160388821,10.858444714459296
862,43,435.1463625866051,81.82217090069284
862,33,266.0741201149872,256.1703830316215
863,43,434.75719578227415,82.0772299800513
863,7341,446.43010162043396,100.30953034880527
863,33,267.7416525619326,257.47268810586246
864,8408,265.4675756568008,10.432657133355505
864,43,436.08454971082347,80.37648030845497
864,33,267.7476868613726,258.2828063400113
865,43,434.2093462992977,82.18989735278228
865,7341,446.52301362818207,100.35304705579841
865,33,268.0243299606086,257.55935738008804
866,43,435.4056268779022,81.53673859601201
866,33,268.03805104408355,256.2044856921887
867,8408,264.8181272509004,10.27701080432173
867,43,434.0273612207314,82.18074191002368
867,33,270.37232375979113,255.2521447221186
868,8408,264.90273132664436,10.247491638795987
868,7341,446.9308076821889,100.19258089976321
868,33,273.3440711765608,257.4822058597944
869,8408,264.3623566214807,9.020333680917624
869,43,434.85954318718825,81.85954318718824
869,7341,446.41689299293864,100.4663226507333
869,33,271.4187213302752,257.04909690366975
870,8408,265.1194599354271,10.073084825359555
870,43,434.1741718426501,82.56935817805383
870,7341,446.93492657644686,99.94039735099338
870,33,265.0067608173077,259.2014723557692
871,8408,265.4548644338118,11.090271132376396
871,43,434.18149171270716,82.08839779005525
871,7341,446.27619589977223,100.36446469248291
871,33,261.9316003373974,257.817958745495
872,8408,264.4567901234568,9.049382716049383
872,43,433.94152210408504,82.5618354784555
872,7341,452.55592747559274,87.00753138075314
872,33,261.446584211837,256.43238980659083
873,43,434.0077499354172,82.2270731077241
873,7341,446.37706638677514,100.29755969561795
873,33,264.0860836282227,254.20249873618835
874,8408,265.40122324159023,10.56605504587156
874,43,435.63961679346295,81.0276134122288
874,7341,446.32988802756245,100.35716336491531
874,33,266.7867594716444,255.6041287669066
875,43,435.716301843318,80.95679723502305
875,7341,446.3024404416037,100.27716443927949
875,33,268.3474811582705,254.819357397858
876,43,435.6835958718088,80.99348180336773
876,7341,446.17062696822217,100.71886630403665
876,33,268.2561739506084,252.13478292173662
877,8408,264.9156560088203,10.134233737596471
877,43,435.6201484018265,81.02197488584474
877,7341,447.284350132626,99.92334217506631
877,33,269.1897943640518,247.7018278750952
878,43,434.0289972899729,82.689972899729
878,7341,446.075186040544,100.76956633307672
878,33,269.7304678755317,246.5716737556899
879,8408,265.1442282749676,10.08715953307393
879,43,434.9382139148494,81.74221183800623
879,7341,446.55879292403745,100.39620187304891
879,33,267.2031669729959,243.31726283048212
880,43,434.09639203015615,82.4824986537426
880,7341,446.2729559748428,100.63169811320755
880,33,265.88956515362617,239.58795922856933
881,8408,265.2082890541977,10.32412327311371
881,43,434.01434087148374,82.66216216216216
881,33,267.47403539309545,238.43400058021467
882,43,435.5142150803461,81.14313967861557
882,33,267.72102793921994,239.06021987255795
883,8408,264.82974079126876,10.126603001364256
883,43,434.75283183270403,81.93784490270113
883,7341,447.28539761706844,100.0
883,33,263.94193400899184,239.4998856968681
884,8408,269.6477850399419,19.90305010893246
884,7341,446.34602076124565,100.41061130334487
884,33,261.82798921186696,240.9342972729997
885,8408,282.1381381381381,12.799099099099099
885,43,435.1831856030083,81.27289820037603
885,7341,447.4558944765045,100.18356691398736
885,33,260.85337957497046,241.16691263282172
886,8703,264.6463346390599,9.226357022943482
886,43,434.0126918536009,82.65200708382527
886,7341,447.02511995484053,100.24668360146768
886,33,259.1132686084142,242.17113576822314
887,8703,264.75623960066554,10.1267332224071
887,43,435.12561385370896,81.0227448953218
887,7341,446.433512900482,100.69917777147718
887,33,260.7391617456431,240.4609678813193
888,8408,279.46227929374,7.643124665596575
888,43,433.9366347177849,82.8091054313099
888,7341,445.96944739638684,100.66418703506908
888,33,261.56550632911393,240.81313291139242
889,8703,265.0925717501407,10.002250984805853
889,43,435.08116604744214,81.26664761360388
889,33,260.4602834163156,243.097127537342
890,8408,281.490754774174,11.479236132161262
890,43,434.6586566299942,81.94180660104227
890,7341,446.206974128234,100.34195725534309
890,33,259.90331664580725,245.61968085106383
891,8408,282.65010281014395,13.519191226867719
891,43,434.44699798908357,81.74920999712727
891,7341,446.3645510835913,100.35242518059856
891,33,259.23050563508986,247.74131891562595
892,8703,265.0547987616099,10.317956656346748
892,8408,282.0165149983148,12.657566565554433
892,43,435.6561764705882,81.08294117647058
892,7341,446.49954393432654,100.4113712374582
892,33,257.11479211528905,249.41866821268843
893,43,434.1617469879518,82.019578313253
893,7341,446.2199027738061,100.92908207034601
893,33,258.90587653506964,251.01376411439875
894,8703,264.9152344887853,10.17215263617827
894,43,433.6957223567393,82.83562012375572
894,7341,447.400365630713,100.07939409767563
894,33,255.47606737171955,250.57814336075205
895,8703,264.853624208304,10.299437016185784
895,43,434.88849038148027,82.04075643951744
895,7341,445.98324213406295,100.68809849521205
895,33,249.81524447881756,251.1679986250752
896,8703,264.9132497458489,9.895628600474415
896,8408,282.10885082084224,12.449678800856532
896,43,434.68670994192007,82.10522719508029
896,7341,446.53098773402195,100.25597159457715
896,33,247.14540502547882,253.20857494289228
897,8703,270.6791510611735,21.18268830628381
897,43,435.84182144997004,80.75164769322947
897,7341,452.5466399197593,87.76629889669007
897,33,245.43527305282007,253.94771709937334
898,8703,265.16051660516604,10.364083640836409
898,8408,282.82042364843505,13.802402782168826
898,43,434.8181818181818,81.76507650765076
898,7341,446.3178066037736,100.45135613207547
898,33,247.0878339260607,251.91605326275743
899,8703,264.8443094629156,10.168797953964194
899,43,434.7836680935133,81.8218636812644
899,7341,446.21588725176167,100.67552850736708
899,33,247.15209549982825,249.40432840948128
900,8703,264.76968030250947,9.944654520453764
900,43,435.6238348868176,81.02829560585886
900,7341,446.24224381071764,100.77718583516139
900,33,246.92739726027398,251.65693493150684
901,8703,264.82671118530885,9.42237061769616
901,43,436.01206947306446,81.00500441566088
901,7341,446.5010940919037,100.34792122538293
901,33,248.82430756510956,252.03207937164117
902,8703,264.7255460588794,10.179487179487179
902,7341,447.0875314861461,100.24905541561714
902,33,250.81255533199194,249.71758551307846
903,8703,270.02558724832215,20.186241610738257
903,43,434.9122527121889,81.93522654754308
903,7341,446.26454545454544,100.81484848484848
903,33,250.89499339061467,248.58418704560475
904,8703,264.63048350944604,10.21613832853026
904,43,434.78990326481255,81.68379685610641
904,7341,446.3250967549866,100.6728192914558
904,33,250.68417569691456,248.836711059641
905,8703,264.70017381228274,9.116164542294321
905,43,434.94813144329896,82.0715206185567
905,7341,446.25648173961525,100.65374965151938
905,33,254.18426484598285,245.97419815814544
906,8703,264.49335347432026,9.087311178247734
906,43,434.4714950552647,81.80599185573007
906,33,255.76199276199276,246.75182875182875
907,43,435.41621129326046,81.47176684881603
907,7341,445.97650721766206,100.68185677894141
907,33,254.85897435897436,246.4292467948718
908,8703,270.072030651341,20.795785440613027
908,43,434.31744115872056,82.21967410983706
908,7341,446.9490161001789,100.16040548598689
908,33,254.73040418916707,247.65791196203568
909,43,435.54878406094343,81.12540287137416
909,7341,446.97645673925837,100.07916421424368
909,33,256.23556414592895,248.49891278086494
910,8703,270.046,20.8784
910,43,435.07348837209304,81.50418604651163
910,7341,446.193969266454,100.63380690055088
910,33,259.3466509988249,248.5039561300431
911,8703,265.095561210065,10.072660446706248
911,43,435.1765225066196,81.69020300088262
911,7341,447.19400452488685,100.01329185520362
911,33,261.24238801211544,247.8747808066316
912,8703,264.5929178470255,10.196883852691219
912,43,434.8239457387201,81.96225302270716
912,7341,446.1892561983471,100.72837465564739
912,33,264.55211803902904,249.24258289703315
913,8703,264.6595918367347,10.120272108843537
913,43,434.99182242990656,81.92056074766356
913,7341,446.830743618202,100.08601553829078
913,33,263.66741747572814,250.3280776699029
914,8703,264.2285789612444,9.172422884260481
914,43,435.6758344459279,80.88331108144192
914,7341,445.943351222421,100.82051282051282
914,33,262.1413981474151,249.96556092154225
915,43,434.9207523897626,81.7008942337342
915,7341,446.354160749787,100.33001988071571
915,33,262.1519798766634,251.51225251541706
916,8703,264.9910378722174,10.013009540329575
916,43,435.0782039845376,81.75141242937853
916,7341,446.3440091507006,100.73577352016014
916,33,258.48039616927235,251.64475730539414
917,8703,265.0095938599296,10.098177166613368
917,43,434.7376811594203,81.70985507246377
917,7341,447.0290763968073,100.32981755986317
917,33,254.74300111982083,250.2166053431451
918,8703,264.12218649517683,8.081028938906751
918,43,435.42509603072983,81.50576184379001
918,7341,446.2034428794992,100.8075117370892
918,33,250.16328662198626,249.86012707807467
919,8703,264.70248447204966,9.335403726708075
919,43,434.0618214716526,82.43606755126659
919,7341,447.07728337236534,100.12324355971897
919,33,250.45429386112042,250.75738007380073
920,43,435.27835365853656,81.17225609756098
920,7341,446.3550745832115,100.61479964902018
920,33,249.49720024886676,254.44627144253843
921,8703,269.9423868312757,20.000748222970444
921,43,434.9296320206585,81.71659134925758
921,7341,452.13779645752027,86.91804262984088
921,33,250.59046052631578,253.53848684210527
922,43,434.32801531589024,81.98117421825144
922,7341,446.2643713495235,100.40086074392867
922,33,248.56832087015636,249.30956832087017
923,8703,264.8548492791612,10.058322411533421
923,43,434.91219512195124,81.77723577235773
923,7341,452.25955859496423,87.00279763755051
923,33,248.44819175777965,247.9169890664424
924,8703,265.1260923845193,10.36111111111111
924,43,434.7739314729777,81.65383256799717
924,7341,447.3376698467765,99.83897080080948
924,33,243.74440527912125,245.4626608738421
925,8703,265.6521314676212,10.926456231695411
925,7341,446.5413933145892,100.27085285848173
925,33,241.51751393626756,245.95873200765453
926,8703,265.1108042802899,11.08698653779772
926,43,434.74847020933976,82.03091787439614
926,7341,447.0840597758406,100.14041095890411
926,33,240.75763852925945,243.61194545140688
927,43,435.7459283387622,81.10879478827361
927,7341,447.01152482269504,100.45124113475177
927,33,243.2544653780279,243.95954652964684
928,8703,264.90714285714284,10.439795918367347
928,43,435.4617824294323,81.40057088487156
928,7341,446.64828431372547,100.36151960784314
928,33,240.0697012802276,243.20860179064513
929,8703,264.3529945553539,9.101935874168179
929,43,434.19431117203567,82.21487320082248
929,7341,445.8872133207666,100.84857053094565
929,33,235.6962213107601,240.90679814992583
930,8703,264.8955938697318,10.21551724137931
930,43,434.13138686131384,82.78136948209941
930,7341,445.30853902601734,100.58005336891262
930,33,236.22688939344795,242.7231592604606
931,43,434.74671369028533,81.70343058672651
931,7341,447.0178950561116,100.14983318168032
931,33,237.11096381784154,238.71826263256395
932,43,434.9150912106136,81.75887230514095
932,7341,447.06171679197996,100.08145363408521
932,33,235.63045511221947,235.83424251870323
933,8703,264.9252518687033,10.236919077023074
933,43,435.6026981450253,81.08263069139966
933,7341,446.1606869058571,101.00551977920883
933,33,234.17969606767977,235.12321792260693
934,8703,264.6269676269676,9.234927234927234
934,43,434.73233609166135,81.83259070655633
934,7341,446.59731343283585,100.23223880597016
934,33,235.53812938545764,235.94687331328552
935,8703,269.77801003344484,20.859113712374583
935,43,434.24363301626266,82.03651426818043
935,7341,452.29790890862216,87.59094815239186
935,33,236.97454892181312,231.9444770426874
936,8703,269.00372995151065,19.597911227154047
936,43,433.76299913817866,82.43866704969837
936,7341,447.0403984504704,100.29441062534588
936,33,241.13187641296156,231.55644310474756
937,8703,265.0662293033427,9.784129959387691
937,43,434.14084507042253,81.98764012647312
937,7341,446.4362104039523,100.33042720139494
937,33,242.9157424744347,232.55552354889818
938,7341,452.4717093508041,87.01369863013699
938,33,242.09366831251816,232.94590473424338
939,8703,264.8746051800379,9.77605811749842
939,43,435.567592033796,80.78545564272783
939,7341,452.4230103806228,87.01182237600922
939,33,240.16035915701988,233.78769664588899
940,8703,265.09591897527554,10.11021745606196
940,43,435.0694570821959,81.34607218683652
940,7341,452.5733333333333,87.52207407407407
940,33,241.47363622549764,235.32251937395532
941,43,433.87363270005756,82.65544041450777
941,9183,445.5388249188072,101.1452612931798
941,33,244.57802197802198,234.59868131868132
942,8703,264.9536644457904,9.834342822531799
942,43,434.02075351213284,82.98882503192849
942,7341,452.58242980261326,86.806227411732
942,33,245.3981656718591,234.4027514922114
943,8703,264.6757656458056,9.083888149134488
943,43,434.16430752150984,82.1834582292534
943,9183,446.31672494172494,100.41229603729603
943,33,244.8580069336874,235.7421996016818
944,8703,264.6288863764839,9.536461277557942
944,43,434.7821108016094,81.97400185701021
944,7341,452.3565217391304,86.84947526236881
944,33,245.8861938918879,236.16231605413
945,8703,265.1359357696567,10.156976744186046
945,43,435.0127041742287,81.81518451300666
945,7341,452.21601164483263,87.01804949053857
945,33,244.87472414300427,236.75834927173753
946,43,435.0380108602458,81.91940554444128
946,7341,452.451821386604,87.67215041128085
946,33,245.25773983062612,233.02151881160628
947,43,435.7843254561771,80.94166915943764
947,9183,445.43726708074536,100.90621118012422
947,33,246.16136228435454,234.64403628792385
948,43,434.99176531137414,81.89680905815749
948,7341,452.5720707222056,87.13515133353312
948,33,245.27690019125876,235.86980236594178
949,8703,264.0421721548238,7.892836510687464
949,43,434.8563427611313,81.93699243909269
949,9183,446.30593849416755,100.45970307529163
949,33,245.78284803708533,237.11886136462408
950,43,435.12162891046387,82.0
950,9183,446.4924448848155,100.3093881595244
950,33,246.3217397131752,235.93827905106554
951,43,435.7946081156198,81.01083935519733
951,9183,446.284026357646,100.63349238809361
951,33,246.55648448835763,233.07254888412908
952,8703,264.50391280044715,10.105645612073785
952,43,434.7434411226358,81.55460646735814
952,9183,447.13243099787684,100.20249469214437
952,33,246.69323951835196,232.42855070361236
953,8703,265.06994144437215,10.248536109303839
953,43,434.74875776397516,81.7972049689441
953,9183,446.47727956665665,100.84953355401746
953,33,245.6878134934652,232.10116566584247
954,43,434.0701483312732,82.7870828182942
954,9183,446.3917559234015,100.64492048036352
954,33,246.2037990284927,233.2631769738273
955,43,435.0085518814139,81.72320410490308
955,9183,446.4300184162063,100.53928790669121
955,33,247.29828173814258,231.53926441351888
956,8703,264.9692017598994,10.265241986172219
956,43,434.71073413278737,81.73179292190699
956,9183,447.21230217975517,100.1510898775754
956,33,247.67641254294276,232.00716321906293
957,43,434.2034400948992,82.09816132858838
957,9183,445.39167455061494,100.72973825291706
957,33,246.67634974410726,232.1528869026166
958,43,434.818011758418,81.88001068947086
958,9183,446.0797044074954,100.3407231459488
958,33,244.74103393680733,230.87278860053692
959,8703,265.0571341277116,10.325695080965474
959,43,434.84990143621513,81.85440720923684
959,9183,447.200405444541,99.99015348971909
959,33,246.17201851192596,229.52830188679246
960,43,435.82421227197347,80.85876174682144
960,9183,446.29681881051175,100.41521438450899
960,33,245.4329471397538,229.5275887038378
961,8703,265.0008759124088,10.115620437956204
961,43,434.9553728714034,81.9588960657663
961,9183,446.38263229308006,100.44179104477612
961,33,244.11038385491239,230.2897661416786
962,9183,446.08342022940565,100.78649635036496
962,33,243.87116729424423,231.00490855298548
963,43,434.3425635169854,82.12988866685698
963,9183,445.89370816599734,100.68032128514056
963,33,243.40742062076347,231.06250445950766
964,8703,264.6519005430123,9.233495284366963
964,43,434.3048245614035,82.078125
964,9183,452.1952420016407,87.53951326223681
964,33,243.74599637933434,228.68792647263612
965,43,434.3244196297385,82.16338524831032
965,9183,452.5215353061823,87.07940228537943
965,33,243.35458798128823,226.79697732997482
966,8703,265.1060802069858,10.155562742561449
966,43,434.3801201529219,82.12479519388313
966,9183,446.34242910647407,100.27180310326378
966,33,243.8062148442859,225.651735491837
967,43,434.3430858404637,82.2669058791057
967,9183,446.938611589214,100.17728055077453
967,33,243.3032218176822,227.87998900872432
968,43,434.8170489946191,81.82639478901162
968,9183,446.4960429621255,100.4847371396269
968,33,241.9580243358053,227.77147382820937
969,8703,265.26935081148565,10.192571785268415
969,43,434.7225386493084,81.67941415785191
969,9183,446.14645950076414,100.64645950076414
969,33,239.84446421239906,227.95695908033392
970,43,434.8323952470294,81.78267667292057
970,9183,446.9131769960916,100.20463428252373
970,33,238.3849643551523,226.57363001368185
971,43,434.20990566037733,82.1966391509434
971,9183,452.39102749638204,86.849493487699
971,33,238.0292027899094,223.93722703865458
972,8703,269.6837392550143,20.075573065902578
972,43,434.2659607598879,82.1647461849891
972,9475,446.2180515759312,100.78481375358166
972,33,237.59234782608695,221.62525217391305
973,8703,269.7803862173419,20.765997728133282
973,43,434.65935005701255,81.87713797035347
973,9475,446.235460627895,100.74678332475553
973,33,239.1447323208027,220.97505326094426
974,8703,265.03892123812443,10.315966901624272
974,43,434.2477771191464,82.705986959099
974,9475,446.0467946984041,100.87611576954288
974,33,239.84638168966677,220.9549646583642
975,43,435.65200659703135,81.26360637713029
975,9475,445.1520979020979,101.0673076923077
975,33,238.93597142071997,221.32529541082715
976,8703,265.01349765258215,10.052816901408452
976,43,434.67531064289574,82.01053484602917
976,33,240.77274246373906,222.4066573090034
977,8703,264.9550327575938,10.053901131625967
977,43,434.6241073978863,82.04998571836619
977,9475,447.1893472906404,100.03756157635468
977,33,241.36216750158752,224.52233119311367
978,43,435.72438465941616,81.1903262736119
978,9475,446.86399247884674,100.10341585709808
978,33,238.2178137651822,225.8825910931174
979,43,434.79032733706873,81.73429666764966
979,9475,446.75740155217017,100.41075021557918
979,33,237.48372708899575,226.56526587218622
980,43,434.978729359082,81.7366358802127
980,9475,446.306962962963,100.40681481481481
980,33,238.76505288852726,225.96026579875237
981,8703,279.1208900697443,6.858186648953836
981,43,434.95212598425195,81.92062992125985
981,9475,446.4548927416985,100.15074933881868
981,33,237.13552129014005,227.01860234828123
982,43,435.18582589285717,81.29017857142857
982,9475,446.00193423597676,100.73749654600718
982,33,242.43561251619062,226.123593973686
983,8703,264.7262415695892,9.403740036787248
983,43,434.95665171898355,81.89686098654708
983,9475,446.32586206896553,100.35632183908046
983,33,245.1224316281706,227.64687544282273
984,43,433.98479427549194,82.53488372093024
984,9475,445.2274416135881,100.82988322717623
984,33,245.64627151051624,226.91498224528817
985,43,434.1641579096848,82.61062198239136
985,9475,446.9709659408152,100.28056951423785
985,33,247.42146381578948,224.64103618421052
986,8703,264.7152149321267,9.34106334841629
986,43,434.04433909648634,82.2122141662019
986,9475,446.91017797552837,100.06924360400446
986,33,247.73977873977873,226.71373599945028
987,43,434.270399549803,82.11620709060213
987,9475,452.3379676440849,86.85262891809909
987,33,250.78405768855973,226.18878711102448
988,8703,264.91498079385406,10.319846350832266
988,43,434.90469939616696,81.86111840378052
988,9608,446.0943969086392,100.6337289539056
988,33,252.7262226915715,223.65494026796912
989,43,434.674687644609,81.98843128181397
989,9608,446.997113997114,100.06830206830207
989,33,257.1452964723543,224.81930197648236
990,8703,265.3707386363636,10.375473484848484
990,43,435.02533233007273,81.75620767494357
990,9608,446.3444417416687,100.23279007540745
990,33,256.2759340034136,227.58486630001897
991,8703,270.1193661971831,20.75
991,43,434.87359700694816,81.80277926242651
991,9608,446.50269396551727,100.35560344827586
991,33,256.89732206787914,229.09587569812402
992,43,434.97189948662526,81.76763037017022
992,9608,445.987723512143,100.66106218307979
992,33,257.6305812096382,229.04506631483926
993,8703,269.16677785190126,18.917611741160773
993,43,435.79830822098864,80.94078773460217
993,9608,446.40225867168596,100.61817692928207
993,33,258.27972265651556,229.5192033172456
994,8703,264.97379310344826,10.094896551724137
994,43,434.84748121347064,81.8149178959087
994,9608,446.1389855793138,100.8585280954749
994,33,259.31314938416017,229.74719603660634
995,43,434.92972972972973,82.03108108108108
995,9608,446.1330382712835,100.6992970580578
995,33,259.8465647822559,231.80403029483364
996,8703,265.36347826086956,10.464927536231883
996,9608,446.98445067550347,100.2898292123375
996,33,260.9786312849162,233.01396648044692
997,8703,265.1607385283736,10.969590008145534
997,43,434.80825734549137,81.81509625126647
997,9608,446.24191139870584,100.65679442508711
997,33,263.0997898447563,234.5710121347705
998,8703,265.0336159017831,9.323589593686057
998,43,435.2100431965443,81.76889848812095
998,9608,446.3347981323812,100.23619884647076
998,33,263.18058615394887,233.3880766406302
999,8703,264.5124691696355,9.323102219786243
999,43,435.6693653695482,81.08435622878036
999,9608,452.5464566929134,87.28713910761155
999,33,261.63051892672047,229.409761857902
1000,43,434.76740665993947,81.74445005045409
1000,9608,446.37714816535066,100.77937761263354
1000,33,261.9736545972066,226.7735486860396
1001,43,434.77242236024847,81.80770186335404
1001,9608,446.1906955320129,100.36964532473515
1001,33,261.6862160988022,224.35673059020667
1002,8703,265.17202938940966,10.154801114770713
1002,43,434.74384842519686,81.77878937007874
1002,9608,446.84915638378243,99.97078821455553
1002,33,263.8788872851332,222.11127148668155
1003,8703,264.95824777549626,10.00707278120009
1003,43,434.8771244832338,81.7714745062012
1003,9608,452.4242053789731,87.90195599022005
1003,33,266.3122626485361,222.11993139777042
1004,8703,265.24048003692593,10.33741057004385
1004,43,435.6631630408213,80.94989000244439
1004,9608,446.0144596651446,100.8115169964485
1004,33,269.03271665043815,222.46465433300875
1005,43,435.55985169491527,80.92266949152543
1005,9608,447.16712962962964,99.99212962962963
1005,33,269.23833266852813,223.81684616407392
1006,8703,264.9575064207331,10.118608452019611
1006,43,435.79520697167754,81.05737109658678
1006,9608,446.4983549023909,100.41675806097828
1006,33,271.02082191780823,220.72371385083713
1007,8703,264.898292123375,10.306653071628855
1007,43,434.7427527405603,81.8163215590743
1007,9608,446.41777123220425,100.18630338733432
1007,33,270.64715698393076,217.216934487021
1008,43,433.7224924716238,82.5225851285615
1008,9608,446.5367245067744,100.3099595911576
1008,33,273.01509198628,216.95360149672592
1009,43,434.07112860892386,82.45669291338582
1009,9608,446.40784414252755,100.22353242758267
1009,33,273.0413093289689,216.50062193126024
1010,43,435.7085995085995,81.03882063882064
1010,9608,452.4753162986852,87.05879434383527
1010,33,273.84006776258,214.86271803237545
1011,43,434.7135204081633,81.88239795918368
1011,9851,445.97241725175525,100.64217652958877
1011,33,275.4135444830694,216.02517059353676
1012,9862,264.74325965508865,9.395433568132134
1012,43,434.9131274131274,81.75144787644788
1012,9851,446.2519175455417,100.18072866730584
1012,33,274.49710733628757,215.44879369768586
1013,9862,264.7954597569365,10.198807612932814
1013,43,433.90840840840843,82.81356356356356
1013,9851,446.9991869918699,100.29329268292683
1013,33,275.85975375144284,214.4579325381557
1014,9862,264.59749816041204,9.334805003679175
1014,43,434.86139315230224,81.63589138134593
1014,9851,446.01185855972403,100.67313497197068
1014,33,278.5858181370133,212.97511089206506
1015,9862,264.8434845911187,9.997330744964813
1015,43,434.2772727272727,82.22909090909091
1015,9851,446.8422421948912,99.93921475875118
1015,33,278.8562123039807,211.76562123039807
1016,43,434.84083869430543,81.64474624731952
1016,9851,447.0384441429218,99.93396653098145
1016,33,278.789482868943,211.67907626083417
1017,9862,264.44631578947366,9.297309941520467
1017,43,434.690350877193,81.84254385964913
1017,9851,446.24005162400516,100.7266078726608
1017,33,277.84866693891837,209.33119421270638
1018,43,434.2885017421603,82.26318234610918
1018,9851,452.42457048717347,87.59025653094847
1018,33,277.46766313830403,211.52041409794114
1019,9862,269.7742980561555,19.762958963282937
1019,43,435.47552795031055,81.47055900621118
1019,9851,446.2007899934167,100.35813034891376
1019,33,277.5010226179018,212.20169634263715
1020,43,435.013191929643,81.95525090532851
1020,9851,445.1793902150792,100.88087922476956
1020,33,277.7476647077018,210.88394679863904
1021,9862,264.64873837981406,9.32846392208942
1021,43,434.5793960058451,81.72844617632732
1021,9851,447.0411051212938,99.88409703504043
1021,33,277.0302555448409,210.285137415622
1022,9862,264.80152671755724,10.173027989821882
1022,43,435.22125315584117,81.27312370897407
1022,33,274.7376979808971,209.80165638979568
1023,9862,264.8527659574468,10.116170212765958
1023,43,435.755615234375,81.0615234375
1023,33,275.02237190281454,207.51521529949483
1024,9862,264.91154345006487,10.304539559014266
1024,43,435.6263145023233,81.19124480313035
1024,9851,447.1511707206183,99.98590588770175
1024,33,273.44469889212104,208.5965835241691
1025,9862,265.0734090909091,10.159318181818183
1025,43,434.79088872292755,81.83943241224794
1025,9851,447.0689950717806,100.09685022498392
1025,33,275.32376208614124,210.66697919718723
1026,9862,264.75475330926594,10.287364620938629
1026,43,434.17525773195877,82.64899361806579
1026,9851,446.47088425593097,100.5065899832255
1026,33,275.0807771599925,208.77272443306055
1027,9862,264.9993120843843,10.107544141252006
1027,43,434.97977073499663,81.84288604180715
1027,9851,446.8863220494053,100.26944190301921
1027,33,272.33165471888145,209.46928135553054
1028,9862,265.0772296960638,10.155954160438466
1028,43,435.6126482213439,81.13216403162055
1028,9851,446.008038585209,100.8355535140101
1028,33,269.8198900368558,211.594767687753
1029,9862,264.75062656641603,10.193984962406015
1029,43,434.07122507122506,82.7039411206078
1029,9851,446.350376272687,100.18393094289509
1029,33,269.92783993370034,211.0025454330196
1030,43,435.1745057941377,81.29107021131561
1030,9851,452.4769116186693,87.07199602780537
1030,33,269.3084312285854,208.99504405286345
1031,43,434.85978557914655,81.71999159133908
1031,9851,446.37074105621804,100.20187393526406
1031,33,267.780030325153,204.40197675071602
1032,9862,264.97274774774775,10.40045045045045
1032,43,434.734375,81.92391304347827
1032,9851,452.59307958477507,86.93979238754325
1032,33,269.01941688477694,205.02300809544099
1033,9862,264.678627849244,9.459715639810426
1033,43,434.9212449893893,81.92053760905446
1033,9851,446.31287494231657,100.55422242731888
1033,33,270.3440169607782,206.0116605350128
1034,9862,264.7212419030601,10.02948402948403
1034,43,434.70812299219824,82.1312528682882
1034,9851,447.0353795688847,99.9313495782568
1034,33,270.11481288680665,207.0375961594077
1035,43,434.2447739426349,82.14025279533301
1035,9851,452.7890784982935,87.94653014789533
1035,33,266.36647222926706,206.6149505452701
1036,43,435.98429073856977,80.98921453692849
1036,9851,446.3391494002181,100.5175572519084
1036,33,267.19755426475086,205.23595230816264
1037,43,434.75520705709386,81.90713060524381
1037,9851,452.329746835443,87.5717299578059
1037,33,267.4535580746632,203.87803430470652
1038,43,434.6513605442177,81.99319727891157
1038,9851,446.9570865228485,100.21363952679192
1038,33,269.10864078836676,201.8580699435164
1039,43,434.85001134558655,81.75493533015657
1039,9851,447.00587969244685,100.09995477159656
1039,33,269.7825721153846,201.91923076923078
1040,43,434.87966101694917,81.80193704600484
1040,9851,446.03484883452575,100.63374105700439
1040,33,270.5260249013058,203.1616155481324
1041,43,434.6599501924383,81.74281186325561
1041,9851,446.9453947368421,100.01622807017544
1041,33,270.22419972809297,203.83920405388704
1042,43,434.81997282608694,81.6682518115942
1042,9851,446.19950405770965,100.35437330928765
1042,33,272.08866442199775,203.7268986157875
1043,43,434.82247736807244,81.66239788032678
1043,9851,446.30263157894734,100.45798707294553
1043,33,272.0090500561728,201.98527025340158
1044,10206,265.11418604651163,10.407209302325581
1044,43,434.0596107055961,82.02968369829684
1044,9851,452.3413118527043,87.06444188722669
1044,33,274.0373078829945,202.01270451165098
1045,10206,264.71476299853833,9.211317602839841
1045,43,433.94683329803007,82.4897267528066
1045,10221,446.2315612523639,100.92729565034671
1045,33,275.1350057852109,198.71173871883875
1046,10206,264.97554479418886,10.338983050847457
1046,43,434.8840074384008,81.87726638772664
1046,9851,452.3368237347295,86.97905759162303
1046,33,271.70081300813007,194.4198133092442
1047,10206,264.71725571725574,10.283206283206283
1047,43,434.2636684303351,82.11022927689595
1047,10221,447.2255110732538,99.86456558773425
1047,33,271.1173992999941,193.08744141899507
1048,43,433.95639742673336,82.6416487967596
1048,10221,446.47701278313525,100.69925992374972
1048,33,268.478214124038,192.8870529651426
1049,10206,264.5137187653111,9.253307202351788
1049,43,434.0851114840566,82.8408055622153
1049,10221,447.2372918978912,99.92697003329634
1049,33,265.1345018562473,193.09384699653094
1050,43,434.14674769300024,82.0236326806212
1050,10221,445.30518273797236,101.23022919677885
1050,33,261.82732967893503,194.44898758250363
1051,43,434.9805253623188,81.55910326086956
1051,10221,446.49038863351444,100.27434183033849
1051,33,259.07383151413376,194.36826196473552
1052,10206,264.71537926235214,10.015077708188356
1052,43,435.6032715376227,80.83053435114503
1052,10221,445.8475185268358,100.66202560071862
1052,33,256.92271112638934,191.2296321760055
1053,10206,265.0877422734416,10.235463593504452
1053,43,435.3482020937642,80.97177969959036
1053,10221,452.4378432351473,87.92011982026959
1053,33,256.69541239924854,191.97272892551968
1054,10206,264.58711100220535,9.767213918157314
1054,43,434.66023350011915,82.02335001191327
1054,10221,446.4150588235294,100.31623529411765
1054,33,257.56518550210865,192.17456145712364
1055,43,434.7971114167813,81.55226960110042
1055,10221,452.4898007590133,86.99359582542695
1055,33,255.58072885953533,190.75356763769312
1056,10206,265.15239069291744,10.993352083866018
1056,43,434.24437603599335,82.18967558607625
1056,10221,452.39450574195,86.82233731141635
1056,33,253.9447160359708,189.01164825879655
1057,43,434.763574385196,81.89213537862186
1057,10221,446.3914081145585,100.26157517899762
1057,33,254.16427894861474,190.14249348804168
1058,10206,264.6137947608748,10.03124248978611
1058,43,434.96789423984893,81.8890462700661
1058,10221,446.2273822562979,100.4709748083242
1058,33,255.32889269127352,187.66212417501833
1059,10206,265.0448419505023,10.173976966429796
1059,43,434.7217751207174,81.95631179581513
1059,10221,446.09522689865975,100.64425111685868
1059,33,251.8240198687245,186.40659925492284
1060,10206,265.0029518619437,9.912352406902816
1060,43,433.8813672922252,82.88650580875782
1060,10221,445.99110518123194,100.85167889704248
1060,33,251.91446555018547,184.84348656850625
1061,43,433.88806919358944,82.77206817603663
1061,33,255.19126589275842,185.4225784656962
1062,10206,264.6279069767442,9.482558139534884
1062,43,435.0083673031538,81.07058571122077
1062,10221,446.2653690956563,100.37479230951816
1062,33,256.1265977225192,184.25813386009762
1063,10206,264.9526387009472,10.016238159675236
1063,43,434.88337769174933,82.11492862327607
1063,33,258.7919652296488,182.90068131093622
1064,10206,264.6947199142321,10.058697400160815
1064,43,435.2192596427647,81.3435154025369
1064,33,259.88314247013915,181.93843122768132
1065,10206,264.8242207460399,10.214358712314768
1065,43,435.6209086468002,81.19638495359062
1065,10221,445.3655741462297,100.79211551684621
1065,33,259.0448448111354,182.05567716226076
1066,10206,264.97522574670063,10.329242880296365
1066,43,434.83076593923835,81.8701326486949
1066,10221,445.9810369174904,100.76054064958645
1066,33,258.74799502993335,178.2671975601491
1067,10206,265.27008636482594,10.453807903690134
1067,43,434.88999077490774,81.86738929889299
1067,33,260.5488800138913,173.405568096313
1068,10206,264.89642776904066,10.31768141990564
1068,43,434.92452830188677,81.79174528301887
1068,33,263.5537520717837,172.96873749785678
1069,10206,265.0006718924972,10.215229563269876
1069,43,435.2351000206228,81.25324809239018
1069,33,261.54531954680454,171.7271477285227
1070,43,433.9638041163946,82.83108587650815
1070,10221,446.39417387346384,100.17705962676376
1070,33,260.6904012588513,171.03917050691246
1071,10206,265.0607053382155,10.13066101368279
1071,43,434.8887445887446,81.99004329004329
1071,33,263.29520374656835,168.5378155784034
1072,10206,264.93912669391267,10.106474510647452
1072,43,434.7578433650941,81.79851266558215
1072,33,263.57072647158515,168.5563778104169
1073,10206,264.58848022206803,9.311357853342585
1073,43,434.7531969309463,81.76427962489343
1073,10221,446.3494611831977,100.632724873543
1073,33,264.1582804385459,169.60709751875362
1074,43,434.9545865341166,82.00384093990058
1074,33,263.13860983682713,171.12821555078102
1075,10206,264.8897466827503,10.262002412545236
1075,43,434.14353205849267,82.51338582677165
1075,10221,446.883065404096,100.11847610658445
1075,33,262.2840630053303,169.876444870336
1076,43,434.7081780311335,81.62683622012716
1076,10221,446.3246916161405,100.81622412711687
1076,33,262.5629161494188,171.46230673738856
1077,10206,269.90287769784175,20.40707434052758
1077,43,433.94025157232704,82.76370170709794
1077,10221,446.48737373737373,100.17217630853995
1077,33,263.5609237663009,173.38605158844143
1078,10206,264.87900198719365,10.199602561271803
1078,43,434.79615773508596,81.8159757330637
1078,10221,446.4024473147519,100.41173804668026
1078,33,261.07035998129965,173.13680458158018
1079,10206,264.6973535399231,10.280705722687175
1079,10221,446.5085163603765,100.33549977588525
1079,33,259.97187408061194,171.3543983524566
1080,10617,281.10302297460703,11.414752116082225
1080,43,434.8312783906554,81.69932943975773
1080,10221,452.3856992639327,87.64058885383807
1080,33,260.2442832269298,171.46726639582124
1081,43,433.95507147719536,82.8520535511686
1081,10221,452.4539594843462,87.11118784530387
1081,33,258.4923013146986,170.53576927632358
1082,43,434.9513422818792,81.7624640460211
1082,33,258.4523007204276,170.42888682314666
1083,10206,265.00066681484776,10.308735274505445
1083,43,434.98225516621744,82.08580413297395
1083,10221,452.44981248621224,86.92631811162586
1083,33,257.0606096689688,169.57531555132175
1084,10206,265.0330434782609,10.325434782608696
1084,10617,281.8212938005391,12.623989218328841
1084,43,434.69967304997664,81.98762260625875
1084,33,254.193189596167,167.27173169062286
1085,10206,264.7815641088502,10.274331944103947
1085,43,434.1565946184385,82.81186590207322
1085,33,252.80864488736879,166.58108267484374
1086,10206,265.03436911487756,10.161723163841808
1086,10617,282.1222339304531,13.486564805057956
1086,43,434.85479333477605,81.9117074226358
1086,33,251.84084820156187,165.3812916832925
1087,10206,264.9122101277804,9.907714150496924
1087,43,434.63054072870733,81.80552332327686
1087,33,254.1112740497419,164.76237681839513
1088,10206,265.0896174863388,10.373551912568306
1088,43,434.8884066955983,81.77825997106841
1088,10710,452.22374331550805,87.01326203208556
1088,33,255.65669178722703,161.9681500632598
1089,10206,265.0800168456517,9.959991577174142
1089,10617,282.7316093396937,13.518704494099925
1089,43,434.86770981507823,81.86296823138929
1089,10710,452.4590995561192,87.05876136123442
1089,33,255.4977347726383,157.72537613960512
1090,10206,265.1768818457236,10.11978559776276
1090,10617,282.202934662237,13.407530454042082
1090,43,435.92840264650283,81.12641776937618
1090,33,253.82663302495095,155.09756097560975
1091,10206,264.6152520465317,9.233735458853943
1091,10617,281.92420666142147,12.690007867820615
1091,43,434.836195210122,81.80591956619973
1091,10710,452.79041248606467,87.35674470457079
1091,33,252.91232658630884,152.34819194905617
1092,10206,264.4998910438004,9.075615602527783
1092,10617,282.6351492928235,13.825301204819276
1092,43,435.6881871345029,81.15578947368421
1092,10710,452.87158225011206,87.36956521739131
1092,33,254.83303531515423,149.6295261510952
1093,43,435.57184966838616,81.13436502087939
1093,10710,452.51469933184853,87.85924276169266
1093,33,255.68024115572746,146.5037538391537
1094,10617,281.90219702338766,12.658634538152612
1094,43,434.97469746974696,81.14257425742574
1094,10710,452.4470510852883,87.3293137469853
1094,33,256.76436441816713,142.97747917226553
1095,10206,264.40385553928746,8.454856027330404
1095,43,434.9250053567602,81.88600814227556
1095,10710,445.51589297964784,100.62016922021496
1095,33,257.11009441659866,139.89008042895443
1096,10617,282.7398688915375,13.662991656734206
1096,43,434.6692218350755,82.06550522648084
1096,10710,446.2301407172038,100.54108034498411
1096,33,256.94280291047136,136.78468838975007
1097,10206,265.01634877384197,10.178201634877384
1097,10617,282.6594005449591,13.486830154405087
1097,43,435.272832907274,81.70532186846387
1097,10710,446.37984154929575,100.25902288732394
1097,33,257.9669347095535,139.27850456072971
1098,10617,283.1209941137999,15.428057553956833
1098,43,434.5733456732994,82.00555298472929
1098,10710,447.06074667791603,100.29360894326092
1098,33,257.5358028867839,139.03563373928733
1099,10206,265.05587863463967,10.342857142857142
1099,43,434.2533427163969,82.12502932207366
1099,10710,446.3830952380952,100.52761904761905
1099,33,254.93463049349373,137.76663393076356
1100,10617,282.85663082437276,14.421635711958292
1100,43,434.88788719371246,82.09963014331946
1100,10710,447.1573261309926,100.282016655413
1100,33,254.80441939977206,136.9158541218184
1101,10206,265.1320707070707,11.067171717171718
1101,43,434.7103933201494,82.10393320149417
1101,10710,446.26572225799526,100.93324747799957
1101,33,255.89178866963718,135.79789942711648
1102,10617,282.5111402359109,13.466579292267365
1102,43,434.0074109490796,82.8381544346163
1102,10710,446.0204899777283,100.8576837416481
1102,33,258.1507895080256,132.5541563356388
1103,10206,264.9275537309829,9.389277952185463
1103,43,434.801624915369,81.92890995260663
1103,33,258.40144309609707,131.91708756969498
1104,43,434.07410714285714,82.47611607142858
1104,33,259.0436233466812,131.21095740808155
1105,43,435.44570707070704,81.00820707070707
1105,10710,447.2454565360193,100.08342456754981
1105,33,259.6309927360775,131.52554479418887
1106,10206,264.7821987120515,9.427322907083717
1106,43,435.6240780394956,80.94908398762789
1106,33,258.47314820671767,131.05503194382948
1107,43,434.0357422384555,82.47821549699974
1107,33,258.14707604241204,129.10128146750796
1108,43,434.1941918451159,82.14960398943973
1108,10710,447.04250295159386,100.22337662337662
1108,33,257.92907801418437,125.79432624113475
1109,10206,269.7907268170426,20.156954887218046
1109,10710,446.42195767195767,100.30423280423281
1109,33,256.12454212454213,125.604662004662
1110,10206,264.97398622800307,11.035960214231064
1110,43,435.52594906295053,80.89404132628545
1110,10710,447.02906976744185,100.09926787252368
1110,33,255.58965925536114,127.02493093014077
1111,10206,264.88343010272445,10.202992407324698
1111,33,255.08562590496248,124.98308542845861
1112,43,434.8378039608925,81.7132113311607
1112,10710,447.08654797230463,100.19535113748763
1112,33,256.9288603063051,127.22528674666843
1113,43,435.0554570777412,81.19599898708533
1113,10710,446.3543783783784,100.31502702702703
1113,33,257.7426309692367,129.47573690307632
1114,10206,265.07521773555027,10.859065716547903
1114,43,433.9983637851104,82.65039541859831
1114,10710,446.4398625429553,100.47643593519882
1114,33,257.64018562127717,128.5546474580967
1115,43,434.33751743375177,82.47810320781032
1115,10710,446.3002702702703,100.36054054054054
1115,33,259.4638111211457,128.23655012256484
1116,43,433.20854398382204,82.83594539939332
1116,10710,446.4464117091596,100.21836638338054
1116,33,258.78245851676263,128.25716220792415
1117,10206,264.70398578319373,9.434628078192436
1117,43,434.88447893569844,81.39756097560975
1117,10710,446.431156930126,100.14524627720505
1117,33,258.3293409338372,125.61769038621661
1118,43,435.08938921087827,81.27975925100313
1118,10710,445.82496914849855,100.75092554504319
1118,33,257.54805117524546,127.4558762273133
1119,10206,265.04478997447205,10.173590160129962
1119,43,434.7866666666667,81.79222222222222
1119,10710,446.0723736968725,100.46431435445068
1119,33,256.2109174613614,127.82841170667544
1120,10206,265.0425193269668,10.028876762164622
1120,43,435.17726600464823,81.19670399323896
1120,10710,446.54182041820417,100.29786797867979
1120,33,257.59054268486193,128.42653125991748
1121,10206,265.4447288806144,10.371654642774029
1121,43,434.65558004407933,81.83049489080345
1121,10710,446.8487814622453,100.12904514582502
1121,33,258.82466611511643,131.5761139345231
1122,10206,265.1559306974678,10.054198134162593
1122,43,433.86766712141883,82.08302475151042
1122,10710,446.17220657276994,100.5994366197183
1122,33,258.50228255646323,135.87433925997118
1123,10206,265.0393471942768,10.040688575899843
1123,43,434.13449397359864,82.00019131432944
1123,10710,446.3124742692466,100.2717167558666
1123,33,257.92213351845425,136.081742450538
1123,11095,392.1490593342981,456.9073806078148
1124,10206,264.89546396500117,9.9451991710799
1124,43,434.7128829536528,81.64866457187746
1124,10710,446.25072164948455,100.7158762886598
1124,33,258.81044879972166,136.23321349878233
1124,11095,396.8429447852761,443.63312883435583
1125,43,434.55091544949596,81.8372762806007
1125,10710,446.34418324291744,100.80369700622865
1125,33,257.0548705986893,135.53915361546152
1126,43,435.1706025160009,81.23261973074376
1126,10710,446.1407949790795,100.89916317991631
1126,33,252.01489682355668,133.36969626709947
1127,10206,264.712158808933,9.391439205955335
1127,43,434.8362369337979,81.83797909407666
1127,10710,446.90390085331165,100.1084924827306
1127,33,249.19070662313433,134.0215135261194
1127,11095,387.12266666666665,441.57866666666666
1128,43,433.86633663366337,82.59470512268618
1128,10710,446.5826998150812,100.2523114855147
1128,33,249.43475994671917,133.829790930677
1129,43,434.7813721233174,81.76704298740773
1129,10710,452.3333333333333,87.21441441441442
1129,33,250.0254185506538,134.24886960772332
1130,10206,270.14474820143886,20.911654676258994
1130,43,434.77755819060167,81.92885375494072
1130,10710,446.29847213255863,100.36991607488703
1130,33,248.88807174887893,134.54445440956653
1130,11095,385.99454297407914,444.4038199181446
1131,10206,282.0182054616385,12.642392717815344
1131,43,433.9611650485437,82.72838650023115
1131,10710,446.21703806870937,100.34447539461468
1131,33,246.50226938566772,132.4704340599629
1132,11176,264.9259259259259,10.075343915343915
1132,10206,282.8628895184136,13.747308781869688
1132,43,434.7779743476338,81.92569659442725
1132,10710,446.4733088394208,100.17570780203155
1132,33,247.32326690304438,134.27650079471817
1133,10206,281.68689380751056,11.876896294454117
1133,43,434.28046467520153,82.88857278330963
1133,10710,446.3321956769056,100.63663253697383
1133,33,247.5719469395039,134.8244601748855
1134,11176,264.61921353907417,10.132404181184668
1134,10206,282.6351857183991,13.651885977541031
1134,43,434.16430853491556,82.84641716111365
1134,10710,446.41272769195297,100.1969103066636
1134,33,244.84480980404052,135.68610083115937
1134,11095,389.3045525902669,430.3281004709576
1135,43,434.7606798346348,81.9552135966927
1135,10710,446.20141271442986,100.74793138244198
1135,33,245.97859724418342,139.44454483849108
1136,11176,265.12834101382487,10.060138248847927
1136,43,435.0426829268293,81.11628919860627
1136,10710,452.31117021276594,87.62258220502902
1136,33,244.13041018387554,142.46568599717114
1137,11176,264.6582940868655,9.22501308215594
1137,43,434.6987385604749,81.81696759831809
1137,10710,446.34279523293606,100.62318526543879
1137,33,243.0455237979158,140.47912730818453
1137,11095,378.91446540880503,429.70566037735847
1138,10206,282.02794871794873,12.688205128205128
1138,43,434.1715380929564,82.65117393387638
1138,10710,446.15581643543226,100.78441835645678
1138,33,241.13717323395628,140.76434482380665
1139,11176,269.75303514377,20.644728434504792
1139,43,434.04329222250186,82.28794361943116
1139,10710,445.27005280362084,101.0638672366105
1139,33,240.36513100563528,138.60204496601406
1140,43,434.04918032786884,82.63432046536224
1140,10710,447.0023768366465,100.51987899740709
1140,33,241.26953785185617,139.75744507255666
1140,11095,372.945,428.41333333333336
1141,43,434.5780487804878,81.96414634146342
1141,10710,446.4899525852337,100.59742605554301
1141,33,239.85533154377748,139.25815294991148
1142,10206,283.10252509887437,14.420748402798905
1142,43,434.84230406043434,81.90368271954674
1142,10710,446.26736734170726,100.6826454755191
1142,33,240.90559864275326,140.66317256422684
1143,11176,264.9640269151139,10.32324016563147
1143,10206,283.05075361427254,14.474007997539218
1143,43,434.1126694717158,82.62669471715755
1143,10710,447.20502612590195,100.0873351579995
1143,33,240.69840865690642,140.53424570337364
1143,11095,367.74750830564784,438.27408637873754
1144,11176,265.2057359563878,11.060677885754918
1144,43,434.1398543184183,82.19021852237253
1144,10710,446.32686462473697,100.40916530278233
1144,33,239.78453619077635,143.35103477256015
1145,11176,264.94588436342923,10.272287097692965
1145,10206,281.94677615571777,12.688868613138686
1145,43,435.1568136272545,81.32765531062124
1145,10710,446.55242360379344,100.67070600632245
1145,33,239.36886904761906,145.40107142857144
1146,11176,264.9467515923567,10.325859872611465
1146,43,434.05969785575047,82.76510721247564
1146,10710,452.5979381443299,87.49057078199648
1146,33,235.31060958585388,144.97958352722196
1146,11095,357.47254575707154,438.00332778702165
1147,11176,264.88673661555015,10.153618509550713
1147,43,435.48656361474434,81.63424494649227
1147,10710,446.21171506577315,100.33780094316208
1147,33,233.4385548041187,145.0062145859989
1148,11176,264.7909683426443,10.027932960893855
1148,43,434.3032650802435,82.47731045932485
1148,10710,446.3804245283019,100.38514150943396
1148,33,231.89512851336653,147.3834220619383
1149,11176,265.1978102189781,10.25669099756691
1149,43,434.97323366288884,81.88738847359537
1149,10710,446.3260614590664,100.46023926812104
1149,33,230.053929908132,147.85681070658956
1149,11095,354.8888888888889,428.2737520128824
1150,11176,264.9335119337555,10.106186069167073
1150,43,433.8703105590062,82.69888198757764
1150,10710,445.56352040816324,100.86275510204082
1150,33,229.59613979542132,148.77788602045786
1151,11176,265.0762578616352,10.201519916142558
1151,43,435.79555328392536,81.30973677485305
1151,10710,446.4581151832461,100.63755354593052
1151,33,228.91244292897184,147.9030803906837
1152,11176,264.9934456928839,10.16128277153558
1152,43,435.1073529411765,81.1203431372549
1152,10710,446.0625148561921,100.64226289517471
1152,33,233.7440705689917,149.08003271410212
1152,11095,356.7632933104631,436.71183533447686
1153,11176,265.0741718674988,10.400144023043687
1153,43,434.3874530075188,82.16635338345864
1153,10710,446.125,100.73402255639098
1153,33,234.15386339440803,151.9751218692217
1154,11176,264.8556884703487,9.354543140748282
1154,43,434.8602673147023,81.76597812879709
1154,10710,446.42984097287183,100.15434985968194
1154,33,232.84420615315517,152.1807770042668
1155,11176,264.96562419229775,10.274489532178858
1155,43,434.7757757757758,81.77402402402403
1155,10710,447.2722627737226,99.82481751824818
1155,33,234.90526377422566,152.43936998653317
1156,11176,264.8547770700637,9.200764331210191
1156,43,434.1323015476785,82.21043434847728
1156,10710,445.3867898885567,101.11062788801304
1156,33,236.42256280248904,155.24953906430054
1157,11176,264.90690491947936,10.032428855062872
1157,43,434.8808265257088,81.91638635271504
1157,10710,446.9807001795332,100.22307001795332
1157,33,238.49325987574727,156.03610362208417
1158,11176,265.14944216089253,10.155901350557839
1158,43,433.88385199705954,82.80347953932859
1158,10710,446.2098679638638,100.41348158443364
1158,33,238.0405348175933,156.0470082884627
1159,11176,265.1657922350472,10.261017838405037
1159,43,434.75100023534947,82.02777124029183
1159,10710,447.15938303341903,99.9547557840617
1159,33,237.20882791529974,155.0555323590814
1160,11176,265.2263455394446,10.207913492258541
1160,43,434.4808147797252,82.50734249171009
1160,10710,446.20186194368756,100.32788374205268
1160,33,235.24141193165022,155.8220303908236
1161,43,434.9377254147632,81.44505890839145
1161,10710,445.4292506225945,100.83744623047318
1161,33,233.90462203502548,158.3813455996453
1162,11176,264.51475694444446,9.995442708333332
1162,43,434.8075230092037,81.75370148059224
1162,10710,446.2401610836537,100.68442247849167
1162,33,234.83590918780644,163.28165636324877
1163,11176,264.76772407919947,10.037257824143069
1163,43,434.93461613979974,81.29216571765168
1163,33,237.03232832741028,168.51885819098933
1164,11176,264.8338265422263,9.917596175734122
1164,43,434.6588756800322,81.83638928067701
1164,10710,446.46152094717667,100.46812386156648
1164,33,237.9079125670182,168.06946326518587
1165,43,435.20404721753795,81.18317875210792
1165,10710,446.322148991412,100.6806470940683
1165,33,238.20048187370426,169.1436095702359
1166,11176,264.6803243704652,9.337387964148528
1166,43,435.1501126356748,81.33381118165062
1166,10710,446.5006129955047,100.42684920310585
1166,33,236.56318953943145,172.91465763819974
1167,11176,264.7233049127081,9.434429557450265
1167,43,434.800169707255,81.85744590581247
1167,10710,446.4726388325902,100.04175111471423
1167,33,237.78530013642566,175.00022737608003
1168,11176,264.7264535507402,9.305084745762713
1168,43,434.6695796920516,81.91614648356222
1168,10710,452.46286876907425,87.01973550356053
1168,33,237.09627500829004,173.84094174864595
1169,43,434.14955156950674,82.87847533632286
1169,10710,452.49556180991556,86.9629789997835
1169,33,236.8669633179303,173.68902960807804
1170,11176,264.7997858672377,9.347965738758031
1170,43,434.80447271235124,81.77780057447681
1170,10710,447.09925658026924,100.04721719911593
1170,33,234.1345925526174,175.5458175930923
1171,11176,265.1479649201709,10.049021812457838
1171,43,435.643343258188,81.01680136112293
1171,10710,447.0586285477522,100.13880256888336
1171,33,230.1753339172323,178.22175388657763
1172,11176,270.0128090557045,20.501936252606495
1172,43,434.96703051904655,81.87992871463578
1172,10710,445.2809899722637,101.00234691700447
1172,33,230.39442978598652,180.68607446496628
1173,11176,264.54178019981833,9.067438692098094
1173,11604,282.8775987525988,13.713617463617464
1173,43,434.86935028248587,81.83356873822976
1173,10710,446.2081863091037,100.34650670430487
1173,33,231.36387798248262,183.14805194805194
1174,11176,264.6970760233918,9.134736842105262
1174,11604,282.71863517060365,13.65774278215223
1174,43,435.73868991517435,81.07752120640905
1174,33,228.73989868532144,181.3510432999638
1175,11176,264.64039981404,9.90934449093445
1175,11604,282.85066458170445,13.630440448266874
1175,43,434.82796187017703,81.95233772128915
1175,10710,446.09329044117646,100.61029411764706
1175,33,228.04931539327842,181.43737774879972
1176,11176,264.60918789462227,10.075332026997605
1176,43,435.01631116687577,81.965495608532
1176,10710,446.3413351623228,100.68518518518519
1176,33,231.1502618109078,183.51403188798022
1177,11176,264.51662174303686,8.939802336028752
1177,11604,282.0447944868324,12.564361309377308
1177,43,433.85274343960094,82.97310778572978
1177,10710,446.1427059072623,100.78382384077916
1177,33,231.49588965517242,186.82217931034484
1178,11176,265.0244590780809,10.053151458137346
1178,43,434.3537569339385,82.63489662128089
1178,10710,446.29943235572375,100.44796594134343
1178,33,231.6990394877268,190.2354824533869
1179,11176,264.8656877564241,9.203627726193048
1179,11604,282.5688264376789,13.530835284933644
1179,43,434.94803464357096,81.91450144348212
1179,33,234.22215244076506,191.3011704253497
1180,11176,265.38738306548333,10.029503478052291
1180,11604,282.6564587973274,13.617204899777283
1180,43,434.93542795232935,81.76099674972914
1180,10710,446.23719250733467,100.714737079666
1180,33,233.73514172508382,192.45297165498323
1181,11176,264.74419134396356,10.130751708428246
1181,11604,282.6721044045677,13.448613376835237
1181,43,434.9015103169538,81.8549244841523
1181,10710,446.28401639344264,100.36946721311476
1181,33,232.7679507111188,196.98180457188923
1182,11176,264.4578254509995,8.924670892247683
1182,11604,282.5833849969002,13.692808431494111
1182,43,434.9344709897611,81.93424345847554
1182,10710,446.5082442067736,100.70967023172905
1182,33,233.74993848425197,198.3462721456693
1183,11176,264.02821782178216,8.332920792079207
1183,43,434.74909478168263,81.79382321618743
1183,33,233.86705440018798,200.2866290682646
1184,11176,264.7698373583046,9.324544110399211
1184,43,434.7913082842915,81.8399728383884
1184,33,234.79466167173965,197.84991805197845
1185,11604,281.77068322981364,12.52223602484472
1185,43,434.8343347639485,81.84613733905579
1185,33,234.35736131934033,194.04131934032984
1186,43,434.75282933454054,82.02127659574468
1186,10710,446.14747880410533,100.66153502900491
1186,33,232.93569623229294,195.54199729618526
1187,11176,264.8998582900331,10.039442607463393
1187,11604,281.8676140613313,12.758663674894041
1187,43,434.84235294117644,81.78951871657753
1187,10710,446.894538606403,100.28646160284579
1187,33,235.041657470757,194.8226109026705
1188,43,434.3294836956522,82.5745018115942
1188,10710,446.081271331058,100.5804180887372
1188,33,231.04186552286595,192.20691113393343
1189,11604,282.9335978835979,14.91957671957672
1189,43,434.7331013916501,81.72962226640159
1189,10710,446.04976744186047,100.69744186046512
1189,33,231.72685185185185,194.75078162578163
1190,43,435.0909518213866,81.25804935370152
1190,33,232.69109294051557,196.06229324012233
1191,11604,282.92381255977045,14.978642014663691
1191,43,435.1277816012847,80.95228263363157
1191,10710,445.5395584176633,100.725620975161
1191,33,232.09540920636888,197.56018834025153
1192,11785,264.6659663865546,9.262079831932773
1192,43,434.93540856031126,81.77354085603113
1192,10710,446.4082251082251,100.36168831168831
1192,33,233.45301189651917,197.07635173412223
1193,11785,264.21812957157783,8.933385579937305
1193,11604,282.13470842882606,12.691112808759868
1193,43,433.8319962246343,82.71991505427088
1193,10710,446.37817001420166,100.38121322783526
1193,33,233.29843684494222,200.11139725699226
1194,11785,269.801393728223,19.871660859465738
1194,43,434.66598933197866,82.00558801117602
1194,10710,446.4309302325581,100.69395348837209
1194,33,233.6408990186768,202.23203545425767
1195,11785,264.78689704823614,9.828653707703385
1195,43,435.6966713548992,81.09657759024847
1195,10710,446.5544849736178,100.20853406744666
1195,33,234.40442813308465,201.88604777089225
1196,11785,265.0796417332365,10.011135318324861
1196,43,434.9194581280788,82.01231527093596
1196,10710,446.4902048085485,100.31923419412288
1196,33,234.674661630469,201.49738747245829
1197,11785,264.76203079884505,9.273580365736285
1197,43,435.8233995584989,80.74491047338729
1197,10710,452.1084754138868,87.33358042994811
1197,33,233.37922462266943,201.09730689553123
1198,43,435.0644470868014,81.7652794292509
1198,10710,446.27788061082833,100.8271633503008
1198,33,233.71332927571515,200.96780279975656
1199,43,434.0188338493292,82.77270381836945
1199,10710,446.39473684210526,100.6748726655348
1199,33,231.90344191763984,198.68715427166563
1200,11785,264.9839366515837,9.960633484162896
1200,43,434.66541729135434,82.02873563218391
1200,10710,446.1026859995246,100.33895887806038
1200,33,233.93694315472456,199.10810641234784
1201,43,434.6246690203001,81.79611650485437
1201,10710,446.188679245283,100.40391334730957
1201,33,234.7835358728675,198.99006777284413
1202,11785,264.8471064539176,9.994998809240295
1202,43,434.2471278416035,82.1244194573454
1202,10710,446.0640737970581,100.73772126651708
1202,33,237.9362757568049,198.17470109386923
1203,11785,264.80945489628556,10.11625663289918
1203,43,434.3546743464776,81.86907399202481
1203,10710,446.3848354792561,100.36432999523129
1203,33,235.9666350035621,197.73747328425551
1204,11785,265.2205408087323,10.079384768047632
1204,43,433.9577944179714,82.84887678692988
1204,10710,446.4781420765027,100.22677595628416
1204,33,235.51401812321353,195.92215532445417
1205,11785,265.0730561428236,9.479915433403805
1205,43,435.54774926377786,80.91838451830037
1205,10710,446.2089587242026,100.44183864915573
1205,33,235.54519841745594,196.80230188226832
1206,11785,264.8493990679421,9.258768702477312
1206,43,435.78878306878306,81.23724867724867
1206,10710,452.4679813871039,87.5869709727454
1206,33,237.53154516832163,197.40827076774036
1207,11785,264.70098458904107,9.300299657534246
1207,43,434.82856494096274,81.70118074477747
1207,10710,447.12262200165424,100.01840363937139
1207,33,235.80813148788928,198.08327566320645
1208,11785,264.7615042058387,9.25581395348837
1208,43,434.4053240740741,82.50694444444444
1208,10710,447.23630529452214,100.10955764382305
1208,33,231.746195619741,198.38312347078832
1209,11785,265.09769989047095,9.341511500547645
1209,43,434.91351098644225,81.76250584385227
1209,10710,452.452370500439,87.835601404741
1209,33,232.9485168976416,201.17535861901288
1210,43,434.05621925509485,82.7758257203092
1210,10710,452.19866666666667,86.86044444444444
1210,33,235.71926242187985,202.09071220840295
1211,11785,264.7742857142857,9.298333333333332
1211,43,434.8700752545374,81.80854360336431
1211,10710,446.96108490566036,100.17665094339623
1211,33,236.95497644827796,199.76491099284272
1212,11785,265.4777726856095,11.078597616865261
1212,43,434.7673860911271,81.75803357314149
1212,10710,452.34996702571993,86.99340514398769
1212,33,238.96987513638015,200.61959025336404
1213,11785,264.8088304368248,9.30201972757163
1213,10710,446.9357021996616,100.20685279187818
1213,33,238.4485392400229,200.4999045254917
1214,11785,265.1537376586742,10.124521458795083
1214,43,435.58635346756154,81.18389261744966
1214,10710,446.3945499904049,100.53598157743235
1214,33,240.5631233133873,199.73143259415698
1215,11785,265.6983665249497,10.759677780264042
1215,43,434.0078205392056,82.73574809631612
1215,10710,452.552444540168,87.23476200732286
1215,33,242.75577100646353,201.50386657433057
1216,11785,269.6742925948224,19.88561107766406
1216,43,434.7312803206075,81.9215355410251
1216,10710,447.0329181494662,100.21797153024912
1216,33,240.71593862145775,202.96584581116198
1217,43,434.3031290743155,82.1058235549761
1217,10710,446.26534066864156,100.8038510368176
1217,33,244.0867942137191,203.28091460569294
1218,11785,264.84249177006836,9.9949354266903
1218,43,434.0970283656011,82.65781179648806
1218,10710,446.287358968455,100.40156573796915
1218,33,244.1440747007583,202.35601930187377
1219,11785,265.0989695662593,10.084351785286366
1219,43,434.8565924657534,81.9017551369863
1219,10710,446.2699549733934,100.73700368399508
1219,33,246.59789253070966,203.55388018862433
1220,11785,264.65210002427773,9.16897305171158
1220,43,435.0782644799668,81.24558854058543
1220,10710,446.3330001998801,100.31960823505896
1220,33,250.15014620755505,204.2282031389867
1221,11785,264.8870754300838,10.22915747684164
1221,43,434.0620124804992,82.93779251170047
1221,10710,446.50432811211874,100.74505358615004
1221,33,249.62545672356993,206.09062593590895
1222,11785,265.0215670755837,10.092995647012268
1222,43,434.167698019802,82.17079207920793
1222,10710,446.32233159621694,100.7440648523451
1222,33,252.8476053851247,209.19476936658575
1223,11785,265.0585469080649,10.93792616976252
1223,43,435.1059874456784,81.17962337035249
1223,10710,445.9877108935638,100.80316600708186
1223,33,253.1981325301205,213.6959638554217
1224,11785,264.576740881099,9.419706300331598
1224,43,434.43633317376737,81.8338918142652
1224,10710,446.4479816895547,100.32397003745318
1224,33,256.0649009053095,215.18522143381455
1225,11785,264.8522262852226,10.082383308238331
1225,43,435.6704397039617,81.08424031345233
1225,10710,446.33180491871616,100.31408920383493
1225,33,255.79926896131587,215.53213524215656
1226,11785,264.9220779220779,10.389378478664192
1226,43,436.9470982142857,80.05602678571428
1226,10710,447.0972029359254,100.27474707399325
1226,33,254.27753382387846,215.91656776643723
1227,11785,264.43182920912176,9.33042212518195
1227,10710,446.2837171052632,100.74115953947368
1227,33,253.86258326946884,217.69657489830809
1228,11785,264.6682974559687,9.217221135029355
1228,12162,282.6652818991098,13.82433234421365
1228,43,434.15382775119616,82.62655502392344
1228,10710,447.083939038687,100.1388042203986
1228,33,252.80510867423993,218.49366340534507
1229,11785,265.0537037037037,10.158564814814815
1229,43,434.05350507802825,82.74808025761705
1229,10710,446.30814079032604,100.84474195638091
1229,33,252.54839107385033,218.3696215016644
1230,11785,265.0615532579947,10.032459725895649
1230,43,434.59633427885666,81.83242417630373
1230,10710,446.487373192316,100.33282969997842
1230,33,252.93270591129973,220.64452235959894
1231,11785,264.81939872723285,9.127496159754223
1231,12162,282.84188275084557,13.755918827508456
1231,43,435.1077150084317,81.21753794266442
1231,10710,446.45250800426896,100.2966915688367
1231,33,253.1144705656268,222.1249119210813
1232,11785,265.09699714013345,10.252144899904671
1232,12162,282.57914668013126,13.850290330724565
1232,43,434.65064172286276,81.89906460735263
1232,10710,446.17149710173896,100.58964621227264
1232,33,253.29551289888738,221.42529649101357
1233,11785,264.9937919046437,10.090886516016887
1233,43,435.1822869955157,80.92354260089687
1233,10710,446.1352750809061,100.2504854368932
1233,33,250.18971442854465,222.50221833406238
1234,11785,264.8006519558676,10.279839518555667
1234,43,434.74685170907225,81.88820354664611
1234,10710,446.9824800910125,100.11240045506257
1234,33,249.12479957242115,223.8308391234634
1235,12162,282.7706556895031,13.53778300499853
1235,43,434.8311057108141,81.89574726609963
1235,10710,446.4175495163519,100.32081989866421
1235,33,245.5326694031357,223.18161631114998
1236,11785,265.63091482649844,11.245005257623554
1236,12162,282.7687182741117,13.857868020304569
1236,43,434.9012249152984,81.54000521240553
1236,10710,447.0817773575987,100.21578822973292
1236,33,243.54019688269074,224.40607054963084
1237,11785,264.69630573248406,9.19796178343949
1237,43,434.9937483719719,81.98749674394374
1237,10710,446.41889527618093,100.3459135216196
1237,33,243.41374607936726,225.38879039956362
1238,11785,265.10952902519165,10.311610076670318
1238,43,434.1692118226601,82.03448275862068
1238,10710,446.35728952772075,100.37756673511294
1238,33,241.19032575119348,225.73862679022747
1239,11785,264.70235849056604,9.984669811320755
1239,12162,282.01649888143174,12.557606263982102
1239,43,434.970548131988,81.86119443686937
1239,10710,446.9048697621744,99.96194790486976
1239,33,239.62291108559765,227.43538716673044
1240,11785,264.42345368038065,9.381192275398824
1240,12162,282.00318010985836,12.675917895345474
1240,43,434.9730843174952,81.86047789068937
1240,10710,447.5299644489589,100.15286947689182
1240,33,237.26314621699578,230.87537904001184
1241,12162,282.0863484341745,12.819397993311036
1241,43,434.67312798725436,81.80456718003187
1241,10710,452.37233259749814,86.93745401030169
1241,33,234.48808473080317,233.09973521624008
1242,43,434.8464247020585,81.88461538461539
1242,10710,452.1232722143865,86.27390691114246
1242,33,233.413596885295,232.8519766397125
1243,11785,264.76814159292036,9.337758112094395
1243,43,433.2652141247183,83.59529176058102
1243,10710,452.3930901183861,86.87992268663929
1243,33,235.64754670180605,234.41190605379427
1244,12162,282.2866500311915,12.735807860262009
1244,43,434.7889097240825,81.79266005893383
1244,10710,452.29572604194317,87.09370852136979
1244,33,235.46530103590624,236.57146195186542
1245,43,434.2108262108262,82.65925925925926
1245,10710,452.38778292882466,86.8824652304336
1245,33,232.09533316695783,237.23475584393978
1246,11785,264.51603582779546,9.133776365212366
1246,12162,281.23197940503434,11.259153318077804
1246,43,434.87094177622754,81.90474912798497
1246,10710,452.8623829344433,87.77081165452654
1246,33,230.1970836888234,239.0205537888777
1247,11785,264.97662571171713,10.220557386874438
1247,43,434.29142185663926,82.12720329024677
1247,10710,446.33949681721737,100.69566535313731
1247,33,228.7776008047615,242.51060440942243
1248,11785,265.04657070279427,10.03076488851256
1248,12162,281.870424171993,12.721673445671122
1248,43,434.772561147034,81.93561990441383
1248,10710,447.1998409753512,100.16644579909887
1248,33,225.5198135198135,239.66964070412345
1249,11785,264.99535027898327,10.119962802231866
1249,12162,282.8149947934745,13.746962860118014
1249,43,434.7528021811572,81.71160254468343
1249,10710,446.85502793296087,100.29329608938548
1249,33,226.4242086300077,237.28420691430043
1250,11785,264.5569549398265,9.066890568150015
1250,43,434.71022400919014,81.90867317633544
1250,10710,446.20567786790264,100.75260718424101
1250,33,225.81071400143279,237.48897556316166
1251,43,434.90232421300385,81.99382171226831
1251,33,225.464111328125,238.46516927083334
1252,11785,265.0506000648719,10.20369769704833
1252,43,434.2493521451195,82.63000287935502
1252,10710,446.3383479988646,100.40703945500994
1252,33,225.1321520245094,243.67715492258012
1253,11785,265.0871934604905,10.275544959128066
1253,12162,282.51087719298243,12.771578947368422
1253,43,434.63952095808384,82.04251497005988
1253,10710,447.07187407187405,100.13513513513513
1253,33,224.96526861865823,247.71748878923768
1254,11785,264.7658924205379,9.206295843520781
1254,43,434.7663090750942,82.1844012757321
1254,10710,446.44102266124344,100.41226031377106
1254,33,226.7868049792531,247.2182572614108
1255,43,435.4502509595512,81.3114850900502
1255,10710,447.0765115034778,100.09737827715355
1255,33,225.88372898977647,248.30653266331657
1256,11785,264.61634264884566,9.062575941676792
1256,12162,282.41569123695035,12.880417589370452
1256,43,434.86411647159576,81.82871824150727
1256,10710,452.40955056179774,87.2508426966292
1256,33,224.10068245008003,249.15224534501644
1257,43,434.75845812534664,81.83277870216307
1257,10710,452.11344189897875,87.17168092740823
1257,33,225.43899531715624,247.62452107279694
1258,11785,264.9625038735668,10.021382088627208
1258,12162,281.02826855123675,10.951118963486454
1258,43,434.8315819369497,81.59812553251918
1258,10710,446.44764324019195,100.40897544453853
1258,33,225.47333046100817,248.30331753554503
1259,11785,265.06244579358196,11.033824804856895
1259,43,435.76234283961975,80.95676172953083
1259,10710,446.16081962123565,100.14902204284384
1259,33,225.95086450247,249.4235179957657
1260,11785,265.15777414075285,10.173813420621931
1260,12162,281.66053565666346,11.754759599870926
1260,43,434.7538283733025,81.72320138688241
1260,10710,452.21557759626603,87.10297549591598
1260,33,224.6503807649525,247.88919312056132
1261,43,434.7479674796748,81.63246425567704
1261,10710,452.2342547734397,86.7825591336563
1261,33,226.88422413793103,250.0769827586207
1262,12162,282.3003240907454,13.419157364061938
1262,43,434.8650767722966,81.71871937275401
1262,10710,446.55048231511256,100.36848874598071
1262,33,227.56474950262253,253.03924760354494
1263,11785,269.7950680272109,20.031462585034014
1263,43,435.1132128740824,81.21174477696216
1263,10710,446.07982485685415,100.85887504210172
1263,33,224.94422990570274,251.94755276156263
1264,11785,264.915116672303,10.251944538383498
1264,43,435.0115870786517,81.83532303370787
1264,10710,446.1974871134021,100.41784793814433
1264,33,223.70750582750583,253.32251748251747
1265,11785,264.8102089756766,10.16204179513532
1265,12162,281.7207956600362,12.522965641952982
1265,43,434.22882427307206,82.59039190897597
1265,33,221.5743562795586,254.22473287791206
1266,11785,264.8863487916395,9.875898105813194
1266,12162,281.8213879408419,12.607129313613955
1266,43,435.0964682799215,81.9094179202093
1266,10710,446.3181395348837,100.23937984496123
1266,33,220.46845934248088,253.14071277281516
1267,11785,265.06738909583476,10.04707077548256
1267,12162,281.92615273775215,12.686959654178676
1267,43,435.69847452125936,81.00616682895163
1267,10710,446.5796703296703,100.42368742368743
1267,33,219.5285818314218,253.6487347533224
1268,11785,265.0667938931298,9.958969465648856
1268,12162,282.3192913385827,13.566535433070866
1268,43,434.40909090909093,82.44053549190535
1268,10710,445.4391223733004,100.62948084054388
1268,33,218.9957219251337,252.44367201426024
1269,11785,264.7653822249845,9.734617775015538
1269,12162,281.99520054850876,12.802536852931095
1269,43,434.90435606060606,81.87026515151516
1269,10710,446.27093596059115,100.76409414340449
1269,33,219.75277256440882,255.1906671216516
1270,11785,265.59871534820826,10.878634212305613
1270,43,435.7306385869565,80.921875
1270,10710,447.18357641090677,100.03455928979074
1270,33,217.09486382745385,256.74392250045696
1271,43,434.8827790582812,81.90714520908791
1271,10710,447.0835185773261,100.20292156240076
1271,33,216.44082654978084,256.1822166562304
1272,11785,264.89261744966444,10.082062233068944
1272,43,434.7129144851658,81.76381617219313
1272,10710,446.50193625260647,100.26422400953231
1272,33,219.9362168801544,255.94376206351993
1273,11785,264.81583536798047,10.23578653644925
1273,43,434.0603080957063,82.26155358898721
1273,10710,452.90006684491976,87.03910427807486
1273,33,221.74652777777777,256.99113669590645
1274,11785,264.97996121525534,10.100840336134453
1274,43,434.0611339879633,82.7868229331644
1274,10710,452.5648452929559,87.47300855826201
1274,33,220.60859889620795,256.6366387751469
1275,11785,264.698566084788,10.026807980049876
1275,43,434.2148337595908,82.13810741687979
1275,10710,447.1601598524439,100.15739317553027
1275,33,219.75131555071675,258.59626202141175
1276,11785,264.8914653784219,10.269887278582932
1276,43,435.7420693744441,80.82508152979544
1276,10710,446.1064472800537,100.5977165883143
1276,33,218.2558446124099,259.5667076814906
1277,11785,264.50255591054315,9.11182108626198
1277,43,434.71075166508086,81.76181414525848
1277,10710,446.42363199037885,100.0622369212267
1277,33,215.13225751366122,261.7519637978142
1278,11785,265.2519305019305,10.21010296010296
1278,43,434.30185127078755,82.05365547536869
1278,10710,446.4642642642643,100.18348348348349
1278,33,214.84509600415154,264.8617886178862
1279,43,435.05885558583105,81.7891008174387
1279,10710,452.33323691061617,86.76540352907145
1279,33,214.11776480400334,262.8419516263553
1280,11785,264.90626003210275,10.0661316211878
1280,43,434.24263992235524,82.5263668715626
1280,10710,446.46359300476945,100.31701112877583
1280,33,213.72511066747677,260.220380175332
1281,11785,264.86162483487453,9.27212681638045
1281,43,435.0140170940171,81.80581196581197
1281,10710,446.46074646074646,100.32882882882883
1281,33,213.18661971830986,261.32394366197184
1282,43,434.8125,81.78528708133972
1282,10710,446.56050955414014,100.29936305732484
1282,33,211.52849240495215,259.98287821582227
1283,43,434.8185654008439,81.79681921454073
1283,10710,446.4811232449298,100.12886115444618
1283,33,211.1738629311109,260.87046724000356
1284,11785,264.9651465798046,9.34657980456026
1284,43,434.82184655396617,81.89174252275683
1284,10710,446.47670990566036,100.26916273584905
1284,33,210.34049186006234,262.94163491513683
1285,11785,265.0414241698049,10.023279698733312
1285,43,434.7942549371634,81.72962298025135
1285,10710,446.2985298529853,100.27542754275427
1285,33,208.25697879858657,264.09752650176677
1286,11785,264.9532037437005,10.126709863210943
1286,43,434.92732558139534,81.88190406976744
1286,10710,446.98293515358364,100.0098976109215
1286,33,206.48466598721393,264.5859353284536
1287,11785,265.0554371002132,10.14498933901919
1287,43,435.02837885775097,81.83185526782547
1287,10710,451.9355871886121,86.90640569395018
1287,33,207.5268013654396,265.06172156102963
1288,11785,264.49511909410387,8.478328777821163
1288,43,434.5309190297233,82.43696617697302
1288,10710,452.34673876309563,87.2287935113214
1288,33,208.1343091227101,267.4534658933996
1289,11785,265.1112322791712,10.12831697564522
1289,43,435.00135731252124,81.82592466915507
1289,10710,446.94105199516326,100.16444981862152
1289,33,208.0804413428895,267.07761222180307
1290,11785,264.6190476190476,9.315882874889086
1290,43,434.42730375426623,82.45733788395904
1290,10710,446.37087434858137,100.4244354371743
1290,33,208.6042194856936,264.2229264759145
1291,11785,264.7901907356948,10.237057220708447
1291,43,434.88930936613053,81.88174077578051
1291,10710,446.35735654065815,100.28011966276856
1291,33,206.8837925580621,265.5427453591942
1292,11785,264.5356783919598,10.063651591289783
1292,43,434.92547425474254,81.87838753387534
1292,10710,446.1592333210468,100.28676741614449
1292,33,206.96703678001387,270.0598542678695
1293,43,434.94499487529896,81.95148616330714
1293,10710,447.0790082644628,100.17388429752066
1293,33,205.57594291539246,271.69873042350105
1294,43,434.2760378732702,82.10378732702112
1294,10710,445.5963335729691,100.83213515456507
1294,33,206.64178964188363,272.8840116552308
1295,11785,264.84103720405864,10.116121758737318
1295,43,434.9624258404746,81.23467369808833
1295,10710,446.4354066985646,100.11722488038278
1295,33,209.68164586222838,273.2328247803976
1296,11785,264.89295977011494,10.229166666666668
1296,43,434.8589108910891,81.69152227722772
1296,10710,452.0811161583387,86.85269305645684
1296,33,211.8320871993514,270.0315286911089
1297,11785,264.7143401983219,9.21395881006865
1297,43,434.8956822107081,81.86804835924006
1297,10710,446.8847972972973,100.02533783783784
1297,33,212.50823863636364,269.72973484848484
1298,43,434.74354561101546,81.85507745266781
1298,10710,452.1839863713799,87.53526405451449
1298,33,212.73241392077009,268.49222510181414
1299,11785,265.1280977312391,10.18499127399651
1299,43,434.3184438040346,82.28746397694525
1299,10710,446.9560697518444,100.30549966465459
1299,33,210.08335661730464,266.3609946912545
1300,11785,264.69203413940255,9.705547652916074
1300,43,434.868830290737,82.00101419878297
1300,10710,446.3996644295302,100.44362416107383
1300,33,213.86050825449823,267.49647560749395
1301,11785,265.14529023288145,11.061870003475843
1301,43,435.0052049446975,81.59791802212102
1301,10710,446.4827695226051,100.40278216882706
1301,33,213.9006628613515,269.70677591603754
1302,11785,264.97484728710026,10.505569529284944
1302,43,434.9141104294479,81.86438488860188
1302,10710,452.42887249736566,87.00210748155953
1302,33,214.95230132887443,270.6830062483499
1303,11785,264.724573125464,10.111729769858947
1303,43,434.8066317626527,81.97452006980802
1303,10710,446.14123711340204,100.48281786941581
1303,33,215.12909698996657,270.715336837076
1304,11785,270.7630244352236,21.426924850161363
1304,43,434.77777777777777,82.14953271028037
1304,10710,446.1989044847655,100.63300239643958
1304,33,216.03731678805863,272.5111950364176
1305,11785,264.69433831191384,9.478985758944077
1305,43,434.8355475763016,82.0947935368043
1305,10710,446.142220699109,100.62885538039754
1305,33,215.50207312476442,275.5025442894836
1306,11785,265.03315315315314,10.073873873873874
1306,43,434.71633986928106,81.83104575163398
1306,10710,446.304725168756,100.62552234008358
1306,33,214.78780622582428,279.00626266347393
1307,43,434.7428170988087,82.11212333566924
1307,10710,446.4267955801105,100.30732044198895
1307,33,213.28208232445522,279.9354628422425
1308,11785,269.7110471392587,19.756027347966896
1308,43,433.77709061575695,83.0
1308,10710,446.3637555730396,100.3443482821925
1308,33,217.21157942787585,281.28081253804015
1309,11785,265.0774858663119,10.202527435982706
1309,43,433.97924217462935,82.72454695222405
1309,10710,446.1511592893707,100.33754893104486
1309,33,221.04048990037472,286.0264144045334
1310,11785,264.8248766737139,10.046863988724454
1310,43,434.73628257887515,81.97668038408779
1310,10710,447.06494810847005,99.89454301975226
1310,33,222.59439010887618,286.9486990219598
1311,11785,270.00393184796854,20.074268239405853
1311,43,434.7753303964758,82.07997289054558
1311,10710,447.20800814387513,100.32982694265354
1311,33,226.01198536139066,287.36633119853616
1312,11785,265.02926657263754,10.26163610719323
1312,43,434.9594046008119,81.8372801082544
1312,10710,446.91057420771887,100.35989959209287
1312,33,229.04621886520997,285.991637442676
1313,43,434.8398310591293,81.84665367121508
1313,10710,446.3453564328316,100.39363817097416
1313,33,228.31113066432027,290.26704795424547
1314,11785,269.66651805617477,20.036558181007578
1314,43,434.6651520447396,82.15588954910871
1314,10710,446.1745553210733,100.70756707868556
1314,33,230.9055984384704,292.81252772602255
1315,11785,264.64108579088474,9.348860589812332
1315,43,434.8839226150767,81.77484989993329
1315,10710,446.52237830774254,100.17935315256452
1315,33,233.3425160697888,294.4823691460055
1316,43,434.70037970314115,82.01794960303762
1316,10710,446.0326816457543,100.74263203968485
1316,33,232.02406346408108,297.6938739532834
1317,11785,265.02134359692093,10.998250524842547
1317,43,434.9018843404808,81.80441845354126
1317,10710,447.1434387723144,100.23457563419981
1317,33,228.9030881017257,298.38401453224344
1318,43,434.7051442910916,81.77132998745294
1318,10710,446.54046242774564,100.3927424534361
1318,33,228.00176647235472,298.0405405405405
1319,43,434.7922513727883,81.66564978645516
1319,10710,452.32600131319765,86.97866053841103
1319,33,230.21019447651184,297.2225379628807
1320,11785,264.9858278603526,9.91531282405807
1320,10710,447.0354136429608,100.10885341074021
1320,33,231.75203944419542,296.83549977588524
1321,11785,265.43726235741445,10.70687867265814
1321,43,434.63781539444267,81.84541679974448
1321,10710,452.38560250391237,87.2450704225352
1321,33,229.0927324824173,297.66875054267604
1322,11785,264.8980108499096,9.957323688969257
1322,43,435.7158645276292,81.0017825311943
1322,10710,446.0914100486224,100.82755267423015
1322,33,229.7838370565046,299.68640886052185
1323,11785,265.0894392844857,10.44031647746818
1323,43,434.0834232290543,82.6727795756922
1323,33,228.42803470793453,299.66195545218716
1324,11785,264.6827731092437,9.340686274509803
1324,43,435.76089872568747,81.04057679409792
1324,33,226.9743258219431,301.53176948651645
1325,11785,265.093447905478,9.96312209094164
1325,43,434.78614139992965,81.72317973971157
1325,10710,446.29247531494724,100.6207013959823
1325,33,227.21922235953988,302.24698165224834
1326,11785,264.6343137254902,9.326143790849674
1326,43,435.66981792717087,80.93382352941177
1326,10710,446.3372271749155,100.45773132493083
1326,33,230.02511274206384,303.7711557166858
1327,11785,264.80379520229144,10.039384174722521
1327,43,435.7462478184991,81.15602094240838
1327,33,227.6333974887728,304.5257080010998
1328,11785,264.998667110963,10.115961346217928
1328,10710,446.5379061371841,100.27141450607155
1328,33,225.7927608232789,306.17547906316537
1329,11785,264.8949804200783,10.142399430402278
1329,43,435.47689655172417,81.44793103448276
1329,10710,446.12015781922526,100.46126255380202
1329,33,228.82581874262905,308.74063322144605
1330,11785,264.6220657276995,9.212832550860721
1330,43,435.32241014799155,81.10535588442565
1330,10710,446.0545274289491,100.7911434236616
1330,33,227.80550424824528,309.0081270779461
1331,11785,264.7953954697364,9.181210545859635
1331,43,434.810608757565,81.91491634033464
1331,10710,446.26554448643077,100.47406389556853
1331,33,226.3435964017435,307.84540480385795
1332,43,435.3159759121502,81.6365568544102
1332,10710,452.4165195905401,87.97599717613836
1332,33,225.7188024622272,305.8344525275135
1333,11785,264.8530013642565,9.330150068212824
1333,43,435.0903345724907,81.51449814126394
1333,10710,452.361269614836,86.87660485021398
1333,33,223.1335403726708,303.9655644866642
1334,11785,264.4608477011494,8.529094827586206
1334,43,434.9544062606329,81.78325961211297
1334,13049,446.1966159052453,100.7637901861252
1334,33,222.28617660656496,301.70651872399446
1335,11785,264.79093111803394,9.257182416060921
1335,43,434.8292512246326,81.61441567529741
1335,13049,446.09087968952133,100.32503234152652
1335,33,219.08982304859427,302.2728824216294
1336,11785,264.7145447950671,9.252811026478057
1336,43,434.5892232330301,81.72813156053184
1336,13049,446.9620853080569,100.19634394041977
1336,33,216.6828263921385,304.4142255498362
1337,11785,264.73078379401744,9.316546762589928
1337,43,434.8950508950509,81.6893646893647
1337,10710,452.4455187802157,87.01413164745259
1337,33,217.82855835240275,304.34306636155605
1338,11785,264.7327647476901,9.313432835820896
1338,43,434.98598820059,81.81452802359883
1338,10710,452.82547321142124,87.78857876162976
1338,33,219.12368396092194,305.4224604002656
1339,11785,264.66227288920555,9.248664054150339
1339,43,434.9064389896834,81.19245819992885
1339,13049,446.35053981106614,100.34919028340082
1339,33,222.86139417440708,307.5397240508612
1340,43,434.7690582959641,81.8423019431988
1340,13049,446.3253623188406,100.1909420289855
1340,33,226.50875305623472,304.5435696821516
1341,11785,264.5513239027929,9.29923830250272
1341,43,434.68970431065196,81.54934093338083
1341,13049,446.28221444479794,100.0944957047407
1341,33,227.89180681715982,306.024822376113
1342,11785,264.7232250300842,10.043922984356197
1342,43,435.7730475631239,80.83235466823253
1342,13049,446.3629651506202,100.17070289427052
1342,33,231.5532505717086,306.75849395622345
1343,11785,265.1038596491228,10.135789473684211
1343,43,434.8845633039946,81.6719702098849
1343,13049,446.51851851851853,100.23703703703704
1343,33,234.74174960712415,309.0787497817356
1344,11785,265.3767476085357,11.24429727740986
1344,43,434.9770523594053,81.80058177117
1344,13049,446.13594100673293,100.131773004168
1344,33,235.26109353818347,309.32661545413464
1345,43,434.9267734553776,81.66426936907486
1345,13049,452.31538717181786,86.9857095380525
1345,33,234.24915824915826,307.1355218855219
1346,43,435.6414451261077,81.08452624403544
1346,13049,446.02259500171175,100.32112290311537
1346,33,236.59004459004458,306.27254527254524
1347,43,434.95846206659803,81.84654994850669
1347,13049,446.4182985553772,100.08475120385233
1347,33,237.76798101496897,309.4150237312888
1348,11785,264.9862448418157,9.948074277854197
1348,43,434.8965517241379,81.82591228657516
1348,13049,446.2656397359321,100.47689405847218
1348,33,238.90781563126254,310.0359810530151
1349,11785,264.90480563207836,10.226813590449954
1349,43,433.9616402116402,82.7827380952381
1349,13049,446.18972809667673,100.62235649546828
1349,33,239.96832737108454,310.451531279993
1350,11785,270.63458333333335,21.242083333333333
1350,43,435.8689774696707,81.20346620450607
1350,13049,446.480744949495,100.27114898989899
1350,33,236.72277580071173,311.7396797153025
1351,11785,265.08584337349396,10.160015060240964
1351,43,433.6988911988912,82.90401940401941
1351,13049,446.540668241647,100.26628417144785
1351,33,236.2164911006175,310.9784780239738
1352,13049,446.332027424094,100.49526607900751
1352,33,235.13063943161634,311.77761989342804
1353,11785,264.7779751332149,9.707282415630551
1353,43,434.7502619629759,81.93258819420188
1353,13049,446.07354838709676,100.3832258064516
1353,33,235.80103570455165,310.7951303715817
1354,11785,264.7219140083218,9.723300970873787
1354,43,434.65207715133533,81.97106824925817
1354,13049,446.33080634045484,100.36664369400414
1354,33,237.22773749767615,312.20886781929727
1355,43,434.7240886347391,81.77662616154396
1355,13049,446.03255963894264,100.64055448098001
1355,33,236.74152466367713,310.80609865470853
1356,43,435.07713787085515,81.25933682373473
1356,33,236.6654599461617,311.2863640582939
1357,43,434.0602129075183,82.01230871590153
1357,33,239.2752833670152,312.49503558562515
1358,43,436.1160883280757,80.2788643533123
1358,13049,446.4961190168176,100.30368693402329
1358,33,240.84166301969364,313.70030634573305
1359,43,435.50885098165435,80.95719343418088
1359,13049,446.05824647455546,100.58736971183323
1359,33,240.23255421483418,313.11703653700107
1360,13242,264.7796395826747,9.23237432816946
1360,43,434.8216833095578,82.00057061340942
1360,13049,446.4542919119926,100.28447474434459
1360,33,239.28675758908932,311.79938407391114
1361,13242,270.69803250641576,20.944824636441403
1361,43,434.85650510204084,81.59566326530611
1361,33,238.00232308791993,316.94326304503215
1362,43,434.9914726139718,81.83076418497868
1362,13049,446.23513782796414,100.33410826967784
1362,33,236.06664127951257,320.4452589489718
1363,33,239.1610443208326,320.09806208505296
1364,13242,265.1072810411537,10.11396412240591
1364,43,436.85209560096985,79.77935573259438
1364,33,240.55547431913726,318.59449826357155
1365,13242,264.730241187384,9.979591836734695
1365,43,435.18591549295775,81.35023474178404
1365,13049,447.263937007874,99.92472440944881
1365,33,239.72243175287358,317.9129849137931
1366,13242,264.9908943089431,10.145040650406504
1366,43,435.70128703980845,81.26429212810535
1366,13049,446.46835443037975,100.18555109601729
1366,33,240.22708333333333,315.7076086956522
1367,13242,264.8851285388871,10.078099576960625
1367,43,435.888995215311,80.90877192982457
1367,13049,447.4485060394151,99.9574062301335
1367,33,238.8262588073552,314.68688778140574
1368,13242,264.8862010221465,10.202725724020443
1368,43,434.7751479289941,81.71926364234056
1368,13049,446.5327763496144,100.16548843187661
1368,33,238.58341327286996,313.07368971832216
1369,13242,265.01054713249835,10.21852340145023
1369,43,435.6871221281741,81.01571946795647
1369,13049,447.04381948986264,100.15533028122957
1369,33,237.91264262893657,315.4259242355089
1370,13242,265.24077733860344,10.163702239789195
1370,43,434.8498227521753,81.74282951981952
1370,13049,452.51613924050633,87.56139240506329
1370,33,241.02091832306223,318.64334693168996
1371,13242,265.14939522719845,10.131415495259889
1371,43,435.8545454545455,80.9402157164869
1371,13049,446.2196416721964,100.5909090909091
1371,33,240.67229002153624,321.5591349605169
1372,13242,264.6061917443409,9.302596537949402
1372,43,434.7262516046213,81.7102053915276
1372,13049,447.0059748427673,100.23993710691823
1372,33,240.88193614478402,324.30459279494625
1373,13242,269.6668067226891,19.990756302521007
1373,43,434.95006657789617,81.72736351531292
1373,13049,452.4552952820851,86.9544704717915
1373,33,240.95855274333277,324.90691353830476
1374,13242,265.0116588940706,10.080279813457695
1374,43,434.9810945273632,81.78971807628524
1374,13049,446.26006600660065,100.2910891089109
1374,33,242.47536771220982,326.644072301967
1375,13242,264.6549874865928,9.267429388630676
1375,43,433.9344157911493,82.76886341929321
1375,13049,446.35160289555324,100.39089968976215
1375,33,243.0049279404928,327.5747094374709
1376,13242,264.9924262209454,10.31470357795769
1376,43,434.9135260712442,81.70289106866288
1376,13049,446.3760309278351,100.11262886597939
1376,33,243.82276603633667,327.086318131257
1377,13242,265.083977158213,10.225058784010749
1377,43,434.58306878306877,82.4074074074074
1377,13049,446.16312056737587,100.71115409413282
1377,33,245.85999467660366,327.9421524265815
1378,13242,265.1182453909727,10.37476160203433
1378,43,434.83130493576743,81.78600405679514
1378,13049,452.26963103122046,87.14884894355093
1378,33,245.18311309421657,331.26094044963105
1379,43,434.82432880344714,82.13788531653961
1379,13049,452.43701550387595,87.0859173126615
1379,33,243.89941520467835,333.8146648672965
1380,13242,264.8508287292818,10.128453038674033
1380,13049,452.26284751474304,87.0718899185622
1380,33,241.79478499542543,333.77740164684354
1381,13242,265.0100226317491,10.200129324280635
1381,43,434.15420854271355,82.7462311557789
1381,13049,452.38084415584416,86.80389610389611
1381,33,240.74533185431687,332.13394342762064
1382,13242,264.8059701492537,9.373769450619244
1382,43,434.7324675324675,81.94448051948052
1382,13049,446.8288524590164,100.03377049180328
1382,33,239.45933268430835,332.1081511638198
1383,13242,264.531475748194,9.386308909528724
1383,43,435.531475748194,81.02442380460957
1383,13049,446.06939501779357,100.19899169632265
1383,33,239.90970674748195,329.5487120064177
1384,13242,265.51701665459814,11.159666908037654
1384,43,434.78021269738963,81.77956815984531
1384,13049,446.0554881746513,100.33687083080655
1384,33,240.98399254679427,327.9760311679512
1385,43,436.4341111873713,80.65099519560741
1385,13049,452.44093959731543,87.49194630872483
1385,33,239.72417633410672,325.13874709976795
1386,13242,264.5316205533597,10.051712779973649
1386,43,435.02061855670104,81.65753865979381
1386,13049,452.52022546419096,87.62334217506631
1386,33,239.74067512122343,324.95990302126074
1387,43,434.5801952580195,81.86994421199442
1387,13049,446.2853428664283,100.78453038674033
1387,33,235.6785682084573,326.1829411234334
1388,13242,264.77019549981554,9.80560678716341
1388,43,434.2635860722421,82.40807028961926
1388,13049,446.84443692932024,99.96787284409875
1388,33,235.1936636269625,325.33609100310235
1389,13242,264.6749826749827,9.660083160083161
1389,43,435.2394592854844,81.21403282909559
1389,13049,452.4217877094972,86.85055865921788
1389,33,235.5423463275274,323.4512948115381
1390,43,434.18303113239824,82.17653096134109
1390,13049,446.4778933680104,100.22074122236671
1390,33,234.0808357757398,324.82045948756735
1391,43,434.7820781032078,81.70990237099024
1391,13049,446.9181754874652,100.2266713091922
1391,33,233.43031736644983,324.5512517248177
1392,13242,264.87329146656816,10.28592537864795
1392,43,434.561439239647,81.77427019687713
1392,13049,447.24866844207725,99.96637816245007
1392,33,235.1222567666423,325.92986466715433
1393,13242,264.98545067423703,10.150816181689141
1393,43,434.6909514304724,81.94078509647372
1393,13049,446.58603839441537,100.25445026178011
1393,33,234.71909685988047,326.0492363153401
1394,13242,264.65961395694137,9.981811432813661
1394,43,434.1786762308445,82.21160743397456
1394,13049,452.3522765038219,87.86806247922898
1394,33,234.65552511415524,326.8306849315068
1395,43,435.584171261758,80.99643204670775
1395,13049,446.2958672510958,100.27082028804007
1395,33,234.7291702904853,330.7263002261263
1396,43,434.68152866242036,81.93736730360934
1396,13049,446.5509103169251,100.21004720161834
1396,33,236.96481757259866,334.49851079672374
1397,13242,264.98918501351875,10.002703746620316
1397,43,434.917885264342,81.52793400824896
1397,13049,446.53480662983424,100.16795580110497
1397,33,233.99477604720906,333.2768694979201
1398,13242,265.2365733113674,10.207907742998351
1398,13049,452.5680784039202,86.90759537976899
1398,33,231.04711391437309,334.4623470948012
1399,13242,264.7305207145572,9.371721778791335
1399,43,434.82466470395815,81.73765129211645
1399,13049,452.3962464589235,87.00956090651557
1399,33,231.7786506469501,338.14066543438076
1400,13242,264.51042701092354,8.544521681562397
1400,43,434.78690159574467,81.96343085106383
1400,13049,447.057053291536,100.16614420062696
1400,33,230.31961831392803,341.43202311126674
1401,43,434.25487256371815,82.57571214392803
1401,13049,447.250924991591,100.15001681802893
1401,33,229.87793161910145,343.78525007064144
1402,43,434.94379167989837,81.74245792315021
1402,13049,447.00596836765146,100.10623694419576
1402,33,231.94123071763917,343.80918846411805
1403,13242,264.96358118361155,9.78907435508346
1403,43,436.64981949458485,80.05451263537906
1403,13049,447.39905247813414,100.24271137026238
1403,33,233.7513477726284,341.43261136858035
1404,13242,264.93682310469313,10.034296028880867
1404,43,434.6455262255742,81.88001371271855
1404,13049,446.4166666666667,100.67447916666667
1404,33,234.89714231642694,340.5829863739591
1405,43,434.85905797101447,82.06485507246377
1405,13049,445.9755784061697,100.72397172236504
1405,33,235.4107346783403,341.2272554244385
1406,13242,265.1552458381727,10.32404181184669
1406,43,435.74879763226045,81.12837587865334
1406,13049,446.92965843760567,100.30706797429828
1406,33,234.98999906533322,341.1028133470418
1407,13242,265.3819018404908,11.10659509202454
1407,43,435.6021789369429,81.05414328161109
1407,13049,446.5081756973389,100.25585123436998
1407,33,236.51336847149017,341.7146142788692
1408,13242,265.03656716417913,9.975373134328358
1408,43,436.68618513323986,80.33485273492286
1408,13049,446.5387994143485,100.17825768667643
1408,33,235.47828237854952,341.68833481745327
1409,13242,265.0612244897959,10.220957613814758
1409,43,436.4381651376147,80.70385321100918
1409,13049,446.53949275362316,100.375
1409,33,235.70268899036023,341.6115677321157
1410,43,435.15914832190543,81.12883435582822
1410,13049,452.4738522954092,86.93013972055888
1410,33,234.99646920360925,340.51186739898
1411,13242,265.02412753123656,10.031451960361913
1411,43,434.35350658597366,82.27981488074047
1411,13049,452.38404518178606,87.04024002823861
1411,33,234.4642750670774,341.46397694524495
1412,43,435.10086239220095,81.6962879640045
1412,13049,446.5821917808219,100.38500360490266
1412,33,233.0689455946076,342.7470389985556
1413,13242,265.0668789808917,10.083200636942674
1413,43,434.8185511171293,81.8486797562627
1413,13049,447.10067832916815,100.27347375937165
1413,33,234.9321764997521,341.59067922657414
1414,13242,264.94514912581417,9.323620157696263
1414,43,434.91283382789317,81.99258160237389
1414,13049,446.0061261261261,100.33297297297297
1414,33,233.46566484517305,340.6386156648452
1415,13242,264.76234213547644,9.200535782625334
1415,43,434.71802826611514,82.10065494657015
1415,13049,446.90436057163794,100.14034444851595
1415,33,231.54623801684903,340.7238307349666
1416,13242,265.25560224089634,10.361344537815125
1416,43,434.23095652173913,82.84
1416,13049,445.3614411651974,100.99003449597546
1416,33,234.68771019506102,338.9668492360911
1417,13242,264.79884615384617,9.398846153846154
1417,43,435.0061261261261,81.73441441441442
1417,33,236.88319034599792,339.4910907891015
1418,13242,265.06023606023604,9.238095238095237
1418,43,435.70987215909093,81.05326704545455
1418,13049,446.4194729136164,100.1599560761347
1418,33,235.908810325477,337.0052375607931
1419,13242,264.7687524290711,10.065682083171396
1419,43,433.9923400995787,82.93450785139794
1419,13049,446.68860353130015,100.49438202247191
1419,33,235.43053034886066,336.2429925388183
1420,43,434.78815080789946,81.77953321364453
1420,13049,446.11484375,100.4265625
1420,33,236.05447655139744,336.8202747513027
1421,13242,264.94465504169824,10.163002274450342
1421,43,435.56721915285453,81.3561694290976
1421,13049,446.40302178496137,100.2659873506676
1421,33,237.5384690299961,338.91156992598366
1422,43,434.6308095952024,82.0588455772114
1422,13049,446.3541813070977,100.43359100491918
1422,33,237.6282743058962,337.5902089669381
1423,43,435.03939056112966,81.07469342251952
1423,13049,452.51222736285524,87.29576999339062
1423,33,238.08401694762463,336.65032002163525
1424,13242,264.832773422919,10.037700634565137
1424,43,435.05895777862304,81.84480791175352
1424,13049,446.3009530791789,100.27932551319648
1424,33,240.57055624463314,335.6614826829501
1425,43,434.89354838709676,81.81505376344086
1425,13049,452.384036637226,87.20019627085378
1425,33,239.0387811634349,335.25189289012
1426,13242,264.96854012018383,10.187698833510074
1426,43,434.77528876443824,81.89359467973398
1426,13049,446.93249354005167,100.14631782945736
1426,33,237.26605853287722,335.2990307867731
1427,13242,265.10568181818184,10.156060606060606
1427,43,434.7633246366008,81.65150950428625
1427,13049,446.8892561983471,100.11867768595042
1427,33,237.410060400151,334.53463571158926
1428,43,434.95359281437123,81.812874251497
1428,13049,445.24841437632136,100.79774489076814
1428,33,236.910687732342,336.96050185873605
1429,43,434.06360043118934,82.13474667624865
1429,13049,446.38676761026994,100.38742593811719
1429,33,234.59258191601808,338.24800614970695
1430,13242,264.1259489302968,8.366804692891648
1430,43,434.9752144899905,81.78678106132826
1430,33,232.4817610062893,334.55965858041327
1431,13787,282.3558352402746,12.778413424866514
1431,43,434.3171466845278,82.13362357669122
1431,13049,446.7692307692308,100.17642907551165
1431,33,230.40807984790874,331.8325095057034
1432,13242,264.8292313517607,10.223400227186673
1432,13787,281.07329240214887,10.659247889485801
1432,43,434.92438271604937,81.78626543209876
1432,13049,446.9497633782308,100.05824535857299
1432,33,229.86797992234114,332.4380149635382
1433,43,435.23376132930514,81.26586102719033
1433,33,229.06804791830322,333.89473684210526
1434,13787,282.13681818181817,12.629999999999999
1434,43,435.67899761336514,81.13723150357995
1434,13049,447.1137404580153,100.11717557251909
1434,33,227.16771777690184,336.0888845092629
1435,13787,281.88612099644126,12.540480427046264
1435,43,435.965790421318,80.9942383867483
1435,13049,446.40970807875084,100.38187372708758
1435,33,227.45331659747032,337.2945833735638
1436,13242,264.7612929962702,9.992125984251969
1436,13787,281.7941429801895,12.448751076658054
1436,43,434.88831886345696,81.836227308603
1436,13049,446.3038125496426,100.32327243844321
1436,33,224.9370945547474,336.18773343817577
1437,13242,265.01862673484294,10.139517896274654
1437,13787,282.25217391304346,13.42837528604119
1437,43,435.7849085958771,80.91948658109685
1437,13049,446.59078771695596,100.13785046728972
1437,33,221.60242986961674,335.57585934413277
1438,13242,264.85380348652933,9.906101426307448
1438,13787,281.0895061728395,10.959876543209877
1438,43,434.27434634331183,82.71996968548693
1438,13049,452.8521102197419,87.25601674223927
1438,33,220.73733371072743,335.23568261156714
1439,13242,269.79162512462614,19.709371884346957
1439,43,434.93266475644697,81.95594555873926
1439,13049,446.8791574279379,100.04065040650407
1439,33,221.18891830559758,333.94043116490167
1440,13787,282.78014469453376,13.480707395498392
1440,43,434.7704737421961,81.81968417186926
1440,13049,445.53583364277756,100.81953212031192
1440,33,220.58098951081408,331.89956372412513
1441,13242,265.2363041700736,10.23221586263287
1441,13787,282.2461807071148,13.731121780881711
1441,43,436.0521978021978,80.28811813186813
1441,33,219.45244336266617,331.09239842726083
1442,13242,264.8426308539945,10.001377410468319
1442,13787,282.0377288008965,12.425102726933133
1442,43,434.85211961879725,81.83043049622083
1442,33,220.44183673469388,328.61233766233767
1443,43,434.74257425742576,81.84733312040882
1443,33,223.43906262892978,329.33880683224686
1444,43,435.16653696498054,81.71400778210116
1444,13049,446.4709433962264,100.29132075471698
1444,33,224.9575293415556,329.40451561567534
1445,13242,265.14210312626875,9.919610231425091
1445,43,434.93375394321765,81.89077287066246
1445,13049,446.58207771609835,100.41633624107851
1445,33,225.26794922649742,329.8276477588259
1446,13242,264.97869725522327,9.215075788611225
1446,43,434.9995543672014,81.88725490196079
1446,13049,446.59329957148424,100.31476431632255
1446,33,225.20978108053825,329.2332797750552
1447,13242,265.1311102690413,10.03448275862069
1447,43,435.66957153231664,81.04175744371823
1447,13049,447.0882257541356,100.28835549789166
1447,33,224.19395098843034,324.9938052291154
1448,43,433.90036014405763,82.73469387755102
1448,13049,452.30819785541337,87.46731234866829
1448,33,222.69814469421812,322.86198095612053
1449,13242,264.6086073893626,9.08363784003248
1449,43,434.66300940438873,81.74647335423198
1449,13049,452.2362928899894,87.14326140785285
1449,33,223.11517874211432,321.8470655706366
1450,13242,264.5717557251908,9.081679389312978
1450,43,434.03264417845486,82.71381936887921
1450,13049,452.2461648234035,86.62682839814485
1450,33,222.18623371924747,320.7099312590449
1451,43,434.867903930131,81.90356622998544
1451,13049,452.16246000710987,87.52755065766087
1451,33,222.23681668920224,317.83986864979715
1452,13242,265.0228095582911,10.0362056480811
1452,43,434.8110614908966,81.85812435589145
1452,13049,446.48786885245903,100.42131147540984
1452,33,222.07710428558485,314.49334058167983
1453,13242,264.79716629381056,10.1193139448173
1453,43,434.7433250266999,81.94731221075116
1453,13049,452.40233837689135,86.74552957359009
1453,33,220.0913447984212,311.6333991166244
1454,13242,264.8735543562066,9.318427139552814
1454,43,434.90203685742,81.70190753313935
1454,13049,446.5261155309581,100.40089934278797
1454,33,220.20214994989524,307.5310194042088
1455,43,435.78560548362526,80.92041127189643
1455,13049,447.07333558634673,100.34978033119297
1455,33,217.85320388349515,306.97281553398057
1456,13242,265.21983356449374,10.266990291262136
1456,43,435.79099437148216,80.91144465290807
1456,13049,446.41224489795917,100.4596546310832
1456,33,217.4603206016228,304.5833168414803
1457,13242,264.54700568752094,9.470725995316158
1457,43,435.1238255033557,81.18993288590605
1457,13049,446.4169685990338,100.28351449275362
1457,33,219.0024967634548,299.2771407434807
1458,13242,264.6011363636364,9.23560606060606
1458,43,435.04432989690724,81.27147766323024
1458,13049,446.4312762973352,100.18338008415148
1458,33,220.71105919003116,297.7838785046729
1459,43,435.5310098792536,81.23298572996707
1459,13049,447.198063840921,100.04631083202511
1459,33,219.45272185478595,300.4836107275238
1460,13242,264.57232289950576,9.177594728171336
1460,43,434.20183486238534,81.95806028833552
1460,13049,452.78701754385963,87.62280701754386
1460,33,219.41175401943863,303.5604505404669
1461,13242,264.85437817258884,10.126586294416244
1461,43,434.28002920774003,82.14932457101132
1461,13049,446.5705380577428,100.48458005249344
1461,33,214.90852673637679,302.880047606903
1462,43,434.88297150610583,81.93622795115333
1462,13049,452.5591736694678,87.19152661064426
1462,33,211.65872081616638,302.25936825583676
1463,13242,265.127734375,10.423046875
1463,43,434.71481344661987,81.79571481344662
1463,13049,446.26652675760755,100.47778943686603
1463,33,211.27864534336783,303.09793038570086
1464,13242,264.91155934833205,9.956167571761055
1464,43,434.7313262195122,81.79115853658537
1464,13049,446.2951039570758,100.73306505700872
1464,33,211.5930744033692,304.6998596162845
1465,43,434.4118075801749,81.97631195335276
1465,13049,446.3151125401929,100.6691675598428
1465,33,211.87297244479186,304.16884893492283
1466,43,434.62084422861415,81.75158759805753
1466,13049,446.58412098298675,100.30737240075615
1466,33,210.89028244124037,304.42306932648626
1467,13242,264.93761400948557,9.981758482305729
1467,43,435.2152294853964,81.19610570236439
1467,13049,446.55029806259313,100.30886736214605
1467,33,209.1518004464719,306.9839852470154
1468,13242,264.96012039127163,10.007148231753199
1468,43,435.1233790292701,81.21452389773991
1468,13049,446.5443413729128,100.25862708719852
1468,33,209.49951209992193,306.182962529274
1469,13242,265.1364948453608,10.13319587628866
1469,43,434.9250275633958,81.11650128629181
1469,13049,452.4992927864215,87.63330975954739
1469,33,207.55320423238172,304.96656019165505
1470,43,434.91078760731614,81.81037700634565
1470,13049,446.4258407079646,100.43646017699115
1470,33,208.74645030425964,304.32183908045977
1471,43,435.09078260869563,81.29495652173912
1471,13049,446.3695340501792,100.83906810035842
1471,33,208.8816684745094,305.36189724879205
1472,43,435.58244785517513,81.42699724517907
1472,13049,446.03144424131625,100.66435100548446
1472,33,210.1115223044609,307.54340868173637
1473,43,435.1488809601038,81.23321440155692
1473,13049,452.33222490931075,87.80834340991535
1473,33,212.15900743527726,305.9482218041745
1474,14134,264.90204563335953,10.2081038552321
1474,43,435.06518404907973,81.204754601227
1474,13049,445.4764359351988,100.70287187039764
1474,33,213.20703614457832,303.8175421686747
1475,14136,282.8014440433213,13.612916165262735
1475,43,435.25691436187935,81.24425191602799
1475,13049,446.32866242038216,100.1484076433121
1475,33,216.4453322119428,302.6825063078217
1476,14136,282.55071174377224,13.47864768683274
1476,43,435.05321683876093,81.48371723590151
1476,13049,452.4659949622166,87.75566750629723
1476,33,218.05363355237728,304.93718592964825
1477,14134,264.6856465005931,9.341241597469356
1477,43,435.72512204280883,80.98685692827638
1477,13049,446.9201021524991,100.23604523896388
1477,33,217.77017114914426,306.7549144254279
1478,14134,264.90524667188726,10.32263116679718
1478,43,434.4360690383938,82.43888693201832
1478,13049,452.35834502103785,86.94424964936886
1478,33,218.23513139695712,306.4745109662122
1479,14134,264.64964420259525,9.255336961071578
1479,14136,282.4225959465287,12.771884432945235
1479,43,434.0543556515479,82.82397408207343
1479,13049,452.1222423146474,86.93417721518988
1479,33,217.78047063555914,305.4673169750603
1480,14134,265.0952380952381,10.1773276474769
1480,43,434.8632295023273,81.85141424991049
1480,13049,446.3464810518175,100.72660479505026
1480,33,218.53315574160405,303.52640091332887
1481,14134,264.72527472527474,9.376816731655442
1481,43,434.8277737490935,81.79260333575054
1481,13049,446.9355406833392,100.10989785135611
1481,33,217.56667603785962,301.0029987817449
1482,14136,282.625,13.634166666666665
1482,43,435.1746835443038,81.27197106690778
1482,13049,446.2504765535646,100.68509340449867
1482,33,219.11945583302273,296.2861535594484
1483,43,435.17030995106035,81.20587275693312
1483,13049,446.2235500878735,100.39121265377855
1483,33,221.92487741696735,295.44407438245906
1484,14134,264.8769284712482,10.25
1484,14136,281.86415390655674,12.534354142127993
1484,43,435.7555160142349,80.932384341637
1484,13049,446.38132854578095,100.45026929982046
1484,33,223.53489719084854,295.1197026740033
1485,14134,270.34329044117646,21.033088235294116
1485,43,434.3863478863479,82.55093555093555
1485,13049,447.0276513825691,100.01050052502625
1485,33,225.04724702380952,291.6399739583333
1486,14134,264.7505211952745,9.678943710910353
1486,43,434.83261955745894,81.57708779443254
1486,13049,452.4757383966245,87.33192686357243
1486,33,223.58536352345467,293.1840068787618
1487,43,434.90640724589065,81.85038577658504
1487,13049,446.86401053671386,100.18867303259796
1487,33,224.20223231176692,293.18719258418463
1488,14134,264.95759145354486,9.862415021042409
1488,14136,282.5635472006539,13.420923579893747
1488,43,434.7691473988439,81.70592485549133
1488,13049,452.48652384243263,87.13510711817554
1488,33,225.71716975638162,289.9220615354751
1489,14134,264.7627804339831,10.1456417800662
1489,14136,281.5882126348228,11.661787365177195
1489,43,435.0372807017544,81.48830409356725
1489,13049,446.5513111039171,100.17869860796374
1489,33,226.50690621076018,288.0834540712837
1490,43,435.70104895104896,80.93321678321678
1490,13049,452.29873244261734,87.10757108598835
1490,33,225.6940779971112,286.71092922484354
1491,14134,265.00623167155425,10.08724340175953
1491,13049,447.32586149213785,99.98394111743058
1491,33,225.72058244785518,285.3444510035419
1492,14134,264.76291079812205,9.227028839704897
1492,14136,282.08203125,12.490625
1492,43,434.87861876525983,81.64562260202302
1492,13049,446.5324256538875,100.16517377284127
1492,33,225.40635226179018,286.75322425409047
1493,14134,265.0245240400129,10.158760890609873
1493,43,434.91759165825766,81.76589303733603
1493,13049,447.1129238643634,100.15642994241843
1493,33,230.41543742462196,287.1220892476111
1494,14134,265.0625850340136,10.094897959183672
1494,43,434.96591281547035,81.65257292690922
1494,13049,446.3850718301062,100.34946908182386
1494,33,231.78731848983543,287.1000968054211
1495,14134,264.58986928104576,9.889215686274511
1495,14136,282.4037339556593,12.688837028393621
1495,43,434.2595177664975,81.96700507614213
1495,13049,452.32669712793734,86.94157963446474
1495,33,233.5455740167089,287.70111705622827
1496,14136,279.0137323943662,7.245422535211268
1496,43,434.8283093053735,81.70281782437746
1496,13049,452.53225806451616,87.14691444600281
1496,33,234.20455390334573,287.29200743494425
1497,14134,264.06772009029345,8.156038374717834
1497,43,434.83993260320136,81.72311148553777
1497,13049,446.40770101925256,100.29105322763307
1497,33,232.661695380132,285.9690580269135
1498,14134,264.9030006978367,10.099441730635032
1498,43,434.7765006385696,81.78767560664113
1498,13049,446.446348988687,100.4340075419952
1498,33,233.88340229885057,283.3422528735632
1499,14136,282.3365310821182,13.40445126630852
1499,43,434.9367816091954,81.76596424010216
1499,13049,446.4185068349106,100.22642832106554
1499,33,231.46479797506328,282.42701790569043
1500,14134,265.33298208640673,11.148928696873902
1500,14136,282.7683912691997,13.850040420371867
1500,43,436.44852411807057,80.42080633549315
1500,13049,447.2630501535312,99.96212896622313
1500,33,230.12494316631808,282.1621351277621
1501,43,434.7054890921886,81.84869809992962
1501,13049,446.86783703212984,100.35144087446174
1501,33,230.03137623297323,281.4983560356975
1502,14134,264.9622005988024,10.290419161676645
1502,14136,282.3381088825215,13.49570200573066
1502,43,435.0646535036779,81.94734804490902
1502,13049,446.94740508533613,100.20097526994078
1502,33,228.17872340425532,281.20851063829787
1503,14134,269.71183294663575,19.512296983758702
1503,43,435.104335047759,81.19360764144012
1503,13049,447.00452173913044,100.04834782608695
1503,33,226.14776470588237,280.2774588235294
1504,14134,264.8470926058866,10.147882268485283
1504,43,433.9480388870265,82.68588669125042
1504,13049,446.5923566878981,100.28897083473014
1504,33,229.24283667621776,281.3563753581662
1505,43,434.7329357190192,82.07322730284957
1505,13049,446.0572351041972,100.55943645435867
1505,33,231.06719817767654,277.85027159628527
1506,14134,264.77430555555554,10.263541666666667
1506,43,434.86252354048963,81.97897049591965
1506,13049,446.51021671826624,100.1077399380805
1506,33,231.09285779439935,276.11447596460823
1507,43,435.1421926910299,81.33421926910299
1507,13049,452.7985948477752,87.1458681833389
1507,33,232.09261074962117,279.57678937516715
1508,14134,265.233409610984,10.276887871853546
1508,43,434.77272727272725,81.95289855072464
1508,13049,446.32850985221677,100.3143472906404
1508,33,231.63946656719202,279.06322857409305
1509,13049,446.3767361111111,100.475
1509,33,232.28068181818182,277.78011363636364
1510,13049,446.1382189239332,100.71212121212122
1510,33,231.42703923228902,272.62639947313954
1511,14134,264.8822652757079,9.858792846497764
1511,43,435.1858558250769,81.06115476597199
1511,13049,452.4734168642059,87.23366068405012
1511,33,229.89183387774148,269.962015865609
1512,43,435.12718023255815,81.31686046511628
1512,13049,446.5254181698918,100.2850114791735
1512,33,229.30769930006363,271.00581765294066
1513,14134,265.08310626702996,10.033719346049047
1513,43,435.02409229725146,81.75704105870376
1513,33,229.99793962196543,268.8748544298128
1514,14134,264.5663430420712,9.333921741688732
1514,43,435.5258855585831,81.45049954586739
1514,13049,446.3576429404901,100.71266044340723
1514,33,233.80819016239116,266.9496352082843
1515,43,435.27523840841826,81.14929299572509
1515,13049,446.4109455958549,100.17001295336787
1515,33,235.5354909893343,267.5689591761677
1516,14134,264.7404936624416,9.290860573715811
1516,43,434.78985727300335,81.73246279987853
1516,13049,447.0566454821774,100.2296214423874
1516,33,235.01651963328143,269.1020584673932
1517,14134,265.1568010075567,10.10831234256927
1517,43,434.6273106738223,81.99910554561717
1517,13049,447.10774299835253,100.15090609555189
1517,33,237.73675748101832,270.7001339883877
1518,43,434.72451262384146,81.85714285714286
1518,13049,445.9091193983077,100.70886869319962
1518,33,239.42545881927492,269.7860952897568
1519,14134,264.9556354916067,10.06474820143885
1519,43,434.71977534732486,81.88590008867868
1519,13049,446.0608695652174,100.74894810659187
1519,33,238.26450983579906,270.3462038692895
1520,14134,264.6478674656327,9.278463165315474
1520,43,435.0067256637168,81.78477876106194
1520,13049,446.16702553060594,100.6554906182713
1520,33,233.98095238095237,273.7015873015873
1521,43,434.9553508150248,81.52834868887314
1521,13049,446.5819793205318,100.28005908419497
1521,33,233.70963763991654,274.7394232593436
1522,14134,269.49375269280483,19.40930633347695
1522,43,434.9796666666667,81.803
1522,13049,446.4079071226859,100.59836837150925
1522,33,234.98699795173212,275.27241962774957
1523,43,434.8151629072682,81.83803258145363
1523,13049,446.07666565257074,100.44326133252206
1523,33,234.99944710652414,276.5585145595282
1524,14134,270.62319494584835,21.061371841155236
1524,43,434.0578982597055,82.69511378848728
1524,13049,446.2145790554415,100.43326488706366
1524,33,235.31572176789487,276.73068087843427
1525,14134,265.09185959671396,10.046676624346528
1525,43,435.75393628707434,81.37458806298059
1525,33,237.2833618884447,277.86778983438035
1526,43,434.3039375203384,82.25968109339408
1526,33,235.63621056362993,277.88434952144627
1527,14134,264.9882911392405,10.314556962025318
1527,43,434.78952442159385,81.69987146529563
1527,13049,446.15173116089613,100.7090970807875
1527,33,233.4979362430842,275.02941951348026
1528,43,434.03483959986204,82.86581579855122
1528,13049,447.08073959938366,100.10508474576271
1528,33,234.83802024746907,276.1278590176228
1529,43,434.83771648492626,81.81141757536882
1529,33,235.12677595628415,273.4511839708561
1530,14134,265.4715170278638,10.719195046439628
1530,43,434.84675896790435,82.05884203901824
1530,13049,447.1347943560492,99.89372560792555
1530,33,236.31921852138737,269.6594371288407
1531,14134,265.1495437150427,10.64350897851045
1531,43,436.0944323144105,80.26883187772926
1531,13049,447.21232508073194,100.20182992465016
1531,33,232.76835825911613,268.05419257267687
1532,14134,264.87313184988375,10.066755230820325
1532,43,434.20752895752895,82.65894465894466
1532,13049,446.53880126182963,100.43280757097791
1532,33,232.0180841539839,268.077260519248
1533,14134,264.9305993690852,9.929197336137399
1533,13049,446.2387878787879,100.7990909090909
1533,33,231.63945945945946,268.2855855855856
1534,14134,265.1488288288288,10.558198198198198
1534,43,434.33858267716533,82.21587926509186
1534,13049,446.40195439739415,100.3270358306189
1534,33,231.0850121962237,266.87216550727254
1535,14134,264.8806857942617,10.25997200839748
1535,13049,446.8162688442211,100.27920854271356
1535,33,232.00352014821678,264.69810097267253
1536,14134,264.63368055555554,9.009375
1536,43,434.597407028318,81.94882292732856
1536,13049,446.4477237048666,100.69858712715856
1536,33,230.46319406764334,261.6975945017182
1537,14134,264.80071871937275,9.290754655341392
1537,43,434.22076124567474,82.54775086505191
1537,13049,452.2559017941454,87.10985206169342
1537,33,228.44102419278923,261.66139508613384
1538,14134,264.55888157894736,9.203618421052632
1538,43,435.3014772384685,81.25806451612902
1538,13049,446.8894455577822,100.02605210420842
1538,33,226.50498007968127,262.6528431727635
1539,43,434.8095399188092,81.78213802435724
1539,13049,446.3684387617766,100.29508748317632
1539,33,225.0195736077927,259.9750045947436
1540,14134,264.8322858087992,9.87528944756864
1540,43,435.08780487804876,81.58731707317074
1540,13049,446.4062281315605,100.18789363191043
1540,33,226.21319565018734,256.58804715343143
1541,14134,264.97703751617075,10.075355756791721
1541,43,433.9946974422957,82.75265127885216
1541,13049,446.36700336700335,100.44107744107744
1541,33,224.2140657084189,252.95807665982204
1542,43,434.84021263289554,81.63101938711695
1542,13049,446.9501587301587,99.96666666666667
1542,33,218.13576408517054,250.04098360655738
1543,14134,264.92102598717514,10.13702328720891
1543,43,434.87579013906446,81.51706700379266
1543,13049,446.39011299435026,100.18700564971752
1543,33,214.43260215053763,245.92602150537635
1544,14134,264.6558908045977,10.111350574712644
1544,43,434.80055115397863,81.83120909404064
1544,33,213.71390001741858,243.3345236021599
1545,14134,264.6926977687627,9.355307640297498
1545,43,435.0192999672882,81.29048086359175
1545,33,215.11751799192558,241.6149727926979
1546,14134,269.6168857029072,19.89605734767025
1546,43,435.55764163372857,80.82114624505928
1546,13049,446.97852441981297,100.15413924489089
1546,33,215.63696854476322,240.1975458002074
1547,14134,264.83409685863876,9.340641361256544
1547,43,434.8717161378369,81.73080859774821
1547,33,215.2981764867589,239.7116283331806
1548,14134,265.30240669689573,10.331356818974538
1548,43,434.71840901091167,81.85216473072862
1548,33,213.689307508623,239.29176616255418
1549,43,434.0435976656368,82.60041194644697
1549,13049,446.9143214509068,100.00187617260788
1549,33,211.70954756278988,239.4719523934541
1550,14134,269.50204415372036,19.257563368765332
1550,43,435.062002078282,81.29857984066506
1550,13049,446.031880286272,100.42940793754066
1550,33,210.69648791879996,242.13877661007814
1551,14134,270.01850220264316,20.123788546255508
1551,43,435.140127388535,81.1418966737438
1551,13049,446.37013196009013,100.36852269069843
1551,33,211.79219566840925,242.0526512322629
1552,14134,269.85016977928694,19.92402376910017
1552,43,434.3097632176451,82.1566655854687
1552,13049,445.97294746775714,100.6458005662158
1552,33,212.43533321358004,244.11181965151786
1553,43,434.81899701095983,81.85486549319162
1553,13049,446.34959851760345,100.28258184064237
1553,33,212.15373678130277,242.7737492224296
1554,14134,264.79146593255336,10.102546455609085
1554,43,434.81230228471003,81.78945518453428
1554,13049,445.3848377770639,100.70703501445551
1554,33,213.61308224163028,241.01673944687045
1555,14134,264.9641025641026,10.09010989010989
1555,43,435.6062412342216,81.0890603085554
1555,13049,446.3643263757116,100.49652118912081
1555,33,210.20620657711905,241.94441871236683
1556,43,434.49064748201437,82.49352517985612
1556,13049,446.1127895266868,100.67875125881169
1556,33,210.89399720800373,243.83350395532807
1557,43,434.9344033496162,81.8572923935799
1557,13049,445.28978224455614,100.72931323283082
1557,33,210.09195717814987,241.89861835483575
1558,14134,264.85311572700294,10.14873887240356
1558,43,434.18582312023847,82.61742298774429
1558,13049,446.49361129791527,100.23301950235373
1558,33,210.2379742239971,240.75158831003813
1559,43,435.4847812301839,80.81071655041218
1559,13049,452.51434720229554,87.08285509325681
1559,33,210.1705270837133,241.6382454860478
1560,14134,265.0364888123924,10.461273666092943
1560,43,435.8424336973479,81.03619344773792
1560,13049,447.2409988385598,100.13763066202091
1560,33,212.78397686681407,240.71585303623064
1561,14134,264.8859800206683,10.10506372717878
1561,43,435.8002764340014,80.99032480995163
1561,13049,446.3002788968082,100.40935853734118
1561,33,210.23379711165904,241.82035928143713
1562,14134,264.7428982380439,10.234807623157138
1562,43,434.82019265073137,82.12950410274706
1562,13049,446.31236509404874,100.43971631205673
1562,33,212.2782631718295,241.07969287794546
1563,14134,264.849086326402,10.349401386263391
1563,43,435.4065452091768,81.4112685560054
1563,13049,446.3992729475916,100.26779763707967
1563,33,213.81488754016422,239.91253123884326
1564,14134,264.7966932026944,10.10777709736681
1564,43,434.8869653767821,81.90257976917854
1564,13049,452.52721088435374,86.8951762523191
1564,33,214.76962047817972,240.2205137321127
1565,14134,265.12443201677735,10.094722125131074
1565,43,434.7162426614481,81.97390737116764
1565,13049,452.5704720455306,87.16906595246067
1565,33,217.1457521434139,240.81319823330736
1566,14134,264.64719321148823,9.262402088772845
1566,43,434.98627844712183,81.12751004016064
1566,13049,446.49800061519534,100.23100584435558
1566,33,218.7824394463668,242.04282006920414
1567,43,435.2990831489093,80.93297502371166
1567,13049,446.4096930533118,100.29693053311793
1567,33,219.21178729443193,241.26479672760664
1568,14134,264.96946564885496,10.100826972010179
1568,43,434.9186324786325,81.79008547008547
1568,13049,446.42669993761695,100.31815346225827
1568,33,219.039226519337,239.6304788213628
1569,14134,265.0411099691675,10.405275779376499
1569,43,434.8646003262643,82.03197389885807
1569,13049,446.416557591623,100.45876963350786
1569,33,218.2853769300636,239.625068119891
1570,43,434.8763837638376,82.01107011070111
1570,13049,446.20633365981064,100.63499836761345
1570,33,216.2457012811868,236.11732973701956
1571,14134,264.88206940874034,10.138174807197943
1571,43,434.7214261912696,81.91002999000334
1571,13049,446.3852196683154,100.26622054116963
1571,33,213.83787943565628,234.93176571184267
1572,14134,264.97061736546715,10.221855397821063
1572,43,434.83818356252,82.08186760473298
1572,13049,452.4395198522622,87.0415512465374
1572,33,213.84887809778968,233.55743469524447
1573,14134,265.0537804492249,10.325213540018982
1573,43,434.10930888575456,82.64562764456981
1573,13049,446.9324062095731,100.15879689521346
1573,33,210.28674657825385,234.18252146561252
1574,43,434.58109919571046,82.46682305630027
1574,13049,452.29828462515883,87.07242693773824
1574,33,208.45871972629874,232.75456919060053
1575,43,434.78417721518986,81.9506329113924
1575,13049,446.8333815446919,100.17789991321955
1575,33,207.97562222979883,235.8550119331742
1576,43,435.0049293460401,81.8734801183043
1576,13049,446.4560078791858,100.38411030860145
1576,33,205.69591071265208,238.07904125880523
1577,14134,269.53158953722334,19.893360160965795
1577,43,434.28674171357096,81.95528455284553
1577,13049,446.4628289473684,100.28223684210526
1577,33,205.82021379980563,235.5158582913685
1578,43,434.04053612291597,82.54429552141222
1578,13049,452.46675444371294,87.5204081632653
1578,33,209.19183959373083,234.5514403292181
1579,14134,264.7070707070707,9.380905832518735
1579,43,434.78894173602856,81.85374554102259
1579,13049,446.21574178935447,100.3629671574179
1579,33,208.79223921873648,233.11589318122893
1580,14134,264.8063469166967,9.11503786512802
1580,43,434.92382495948135,81.7228525121556
1580,13049,452.8763931104357,87.57548125633232
1580,33,206.8863492063492,233.19519274376418
1581,14134,269.660542432196,19.693350831146105
1581,43,433.34034856954946,83.0996382768826
1581,13049,447.1371412003479,100.1078573499565
1581,33,207.66727091452913,234.59702710051664
1582,14134,269.62420382165607,20.101061571125264
1582,43,435.954894754427,81.02973605078516
1582,13049,447.2036316472114,99.82230869001297
1582,33,205.88188756515265,232.6333767684289
1583,13049,452.5605026929982,87.56409335727109
1583,33,205.03509571558797,229.2422971741112
1584,14134,282.18061987887427,12.405415033843962
1584,43,434.7869982025165,81.88436189334931
1584,13049,446.1298493106765,100.86758576466816
1584,33,205.0265201081741,229.99825525604118
1585,14134,282.0328621908127,12.578445229681979
1585,43,434.74043209876544,81.78827160493827
1585,13049,446.48859543817525,100.82052821128451
1585,33,208.0710424058118,229.80190910626794
1586,14134,282.7306558585114,13.481208548268238
1586,43,435.8344476281439,81.02801655523719
1586,13049,445.5454254638516,100.85476647472808
1586,33,209.37970701896288,230.4702974746113
1587,43,435.21028325123154,81.13516009852216
1587,13049,446.35537449075525,100.34252585396428
1587,33,210.23617481609693,227.87425356988317
1587,15027,369.7866379310345,461.4051724137931
1588,14134,282.6865384615385,13.689615384615385
1588,43,435.7638975640225,80.74953154278576
1588,13049,446.3969441845962,100.78578110383536
1588,33,207.49279249078108,226.93010392222595
1589,14134,282.7204116638079,13.884648370497427
1589,43,435.8153695864539,80.71084337349397
1589,13049,452.4663573085847,87.26748425588333
1589,33,205.0472794506075,225.6604155661208
1589,15027,382.92152466367713,454.9596412556054
1590,43,434.85529092553514,81.46578233343382
1590,13049,446.03365384615387,100.42628205128204
1590,33,201.7085172995103,221.809103315405
1590,15027,389.2494845360825,443.63505154639176
1591,43,434.82995421844345,81.79332897318508
1591,13049,445.9892733564014,100.78166089965399
1591,33,202.5159832360917,220.27389267811654
1591,15027,386.0309050772627,429.38631346578364
1592,43,434.83553875236294,81.75803402646503
1592,13049,446.38625812441967,100.35406994738472
1592,33,203.19342829394625,220.82591453544836
1592,15027,400.9528907922912,430.3276231263383
1593,43,434.7576677801397,81.71029456422715
1593,13049,446.32239382239385,100.67921492921494
1593,33,203.70178686413394,218.91315196394075
1593,15027,393.17753623188406,429.0090579710145
1594,43,434.7470588235294,81.69117647058823
1594,13049,446.06695200244576,100.74625496789973
1594,33,201.41349424914952,221.69520492467197
1595,15102,265.07385952208546,10.335988414192613
1595,43,434.7643463497453,81.76638370118846
1595,13049,446.38017955801104,100.40262430939227
1595,33,199.24158190108733,220.93826727464048
1595,15027,399.98279569892475,440.2215053763441
1596,13049,446.9459891339086,99.88207094918505
1596,33,197.20409816149672,217.05110553170812
1596,15027,406.9703196347032,439.16210045662103
1597,43,435.0184537066497,80.77155583837099
1597,13049,446.16415094339624,100.60408805031446
1597,33,198.30345607235142,217.5439276485788
1598,15102,264.5153791130186,9.332260371959944
1598,15124,281.53294945617404,11.713691618682022
1598,13049,445.46445497630333,100.49952606635071
1598,33,198.08765767204216,216.73566980680187
1599,13049,447.1080760095012,100.13598574821853
1599,33,197.3654463712267,215.57883750802827
1599,15027,418.75551102204406,439.58917835671343
1600,13049,446.43055555555554,100.14553140096618
1600,33,196.03230732138553,213.0349594149321
1601,15102,265.0524842547236,10.103568929321202
1601,15124,282.7784222737819,13.862335653518947
1601,43,434.2446511627907,82.03193798449612
1601,13049,446.93910561370126,100.29146844275293
1601,33,193.4554248568333,213.0657019037301
1602,15102,269.80485893416926,20.5403605015674
1602,43,434.8168115942029,81.80753623188406
1602,13049,452.5302986372862,87.64743403885184
1602,33,197.34813512127207,213.16194035319117
1603,43,434.74389551391255,81.8892674616695
1603,13049,447.10472686102463,100.0883102179451
1603,33,200.90278659611994,209.22574955908289
1603,15027,421.03893805309735,441.6743362831858
1604,15102,265.12483130904184,10.196018893387315
1604,43,434.77529123237275,81.98191293684856
1604,13049,447.2354593987075,100.06265805001405
1604,33,203.0915969443434,205.95685703892323
1605,15102,264.70501567398117,9.409404388714734
1605,15124,281.3401162790698,11.72296511627907
1605,43,434.229920294298,82.70294297976702
1605,13049,446.44957507082154,100.6872521246459
1605,33,203.59411214280573,206.67235298351687
1606,15102,264.5606547793043,9.298158433206666
1606,43,434.7443425076453,81.8651376146789
1606,13049,447.05502136752136,100.04273504273505
1606,33,203.05201072386058,205.79885101493682
1607,15102,264.49485160508783,9.273773470623865
1607,43,434.840988372093,81.7968023255814
1607,13049,452.34372343440066,87.07820912439784
1607,33,201.27831397979187,208.01236615895039
1608,15102,270.0637232589895,20.63950842057351
1608,13049,446.5430303030303,100.26121212121213
1608,33,197.1210052745889,205.73828730995967
1609,15124,281.9970479704797,12.502952029520294
1609,43,434.76143790849676,81.8702614379085
1609,13049,446.38589588377727,100.2297215496368
1609,33,195.55263555354176,202.6276997432412
1610,43,434.81133231240426,81.87901990811639
1610,13049,446.1688596491228,100.53947368421052
1610,33,192.32394475481067,203.3158752327747
1611,43,435.21417932677986,81.7190944295502
1611,13049,446.50464,100.56096
1611,33,189.9400439627075,202.2662775714394
1612,15102,264.5144727773949,9.016884906960716
1612,43,434.88945041061277,81.82533164876816
1612,13049,446.5754843019372,100.45257181028724
1612,33,188.7793654637927,202.4484540243804
1613,15124,279.5255737704918,7.631147540983607
1613,43,434.8782637075718,81.7630548302872
1613,13049,446.4526138279933,100.4026981450253
1613,33,188.71757766417616,204.3390483680692
1614,15124,282.2902767920511,12.652945351312988
1614,43,434.73520853540253,81.7992240543162
1614,13049,452.305387409201,87.08504842615012
1614,33,188.96381525451292,205.07399577167018
1615,15124,282.3213545266068,12.622667588113337
1615,43,434.245501285347,82.21658097686375
1615,13049,446.25281440977807,100.43743969121904
1615,33,190.70488676996425,205.33293603496224
1616,15102,264.92709720372835,9.366511318242344
1616,43,434.7619986850756,81.87146614069691
1616,13049,452.4677174901485,87.30160654743862
1616,33,193.01084487433135,203.08734520407415
1617,15124,280.5753468860923,9.846724749919328
1617,43,434.07855559075074,82.81913208742478
1617,13049,447.4227886056972,99.8488755622189
1617,33,194.3358476748444,201.05294763822775
1618,15102,265.02777777777777,10.360776439089692
1618,15124,282.59764705882355,13.811764705882354
1618,43,434.3111391606185,82.12022720100978
1618,13049,447.04599092284417,99.95279878971256
1618,33,192.48857839875805,200.4361647076218
1619,15102,264.8364438411944,10.380726162198847
1619,15124,282.1666666666667,12.916151202749141
1619,43,435.75032679738564,80.90196078431373
1619,13049,446.44720138488174,100.37449509521062
1619,33,192.51230490018148,198.2205444646098
1620,15102,264.92340706503796,10.071970947507427
1620,43,434.8440103418558,81.93335248491813
1620,13049,446.24187408491946,100.40849194729137
1620,33,193.7937983343248,196.43426531826293
1621,15102,265.0221062327295,9.946576604237027
1621,15124,281.9243119266055,12.436162079510703
1621,43,434.7720715522216,81.79399884593191
1621,13049,452.8262100198132,87.29351825643928
1621,33,194.541780261723,194.8819520174482
1622,15102,265.44096306068604,10.41853562005277
1622,15124,282.1304347826087,12.535894843276036
1622,43,435.1726984126984,81.21936507936508
1622,13049,446.37861711848916,100.34297898263783
1622,33,193.80780409824155,194.36905972969046
1623,13049,445.4115125535824,100.77587262706675
1623,33,194.55025307302964,194.23767172812725
1624,15124,281.54178674351584,11.578290105667627
1624,43,435.58626198083067,81.05846645367413
1624,33,194.91541406693136,194.05615428247305
1625,15102,264.88705501618125,9.867637540453075
1625,43,434.79007398273734,81.80456226880395
1625,13049,446.9674468657519,100.302932472424
1625,33,193.35621029114012,192.22446414857222
1626,15102,269.7287610619469,19.963274336283185
1626,43,434.8122856251949,81.72061116308076
1626,13049,446.5939427930454,100.42428491306786
1626,33,192.1143292682927,191.5484901277584
1627,15102,264.7513495276653,9.203441295546558
1627,43,434.8895061728395,81.8962962962963
1627,13049,445.5753086419753,100.79104938271605
1627,33,192.6699835403262,192.38792458476732
1628,15102,264.7951807228916,10.123828647925034
1628,43,434.9315960912052,81.84364820846906
1628,13049,446.5616268239677,100.43744178826451
1628,33,193.0739434031606,192.34487320837928
1629,15102,264.4879099039417,9.120900960582976
1629,43,433.7749921654654,82.73393920401128
1629,13049,446.9382867669635,100.08596868283696
1629,33,191.54884708737865,193.30946601941747
1630,15102,264.5569696969697,9.354848484848485
1630,43,433.9147237304376,82.71893963589908
1630,13049,445.27394136807817,100.87817589576547
1630,33,193.73905547226386,192.48568215892055
1631,15102,264.60751777853034,9.243481205553675
1631,43,434.4775700934579,82.43551401869159
1631,13049,447.00576631259486,100.0391502276176
1631,33,190.75550999487442,191.1899392253057
1632,15102,264.5942720763723,9.083873167405386
1632,43,434.27016262860934,82.4885496183206
1632,13049,452.0818892286782,86.86238532110092
1632,33,190.94731240021287,189.1466585569832
1633,15102,264.951130116066,10.085522296884545
1633,43,434.1027900146843,81.928046989721
1633,15435,445.5882681564246,100.49860335195531
1633,33,193.41684434968016,189.82241851964667
1634,15102,264.73477157360406,10.098667512690355
1634,43,434.7155824508321,81.85204236006051
1634,15435,446.84271327014216,100.06161137440759
1634,33,195.64636271235662,189.09031508639467
1635,15102,264.81055391674863,10.04228121927237
1635,43,434.85694050991503,81.64079320113315
1635,15435,447.0397252090801,100.39426523297492
1635,33,195.17859431745353,189.4559567044079
1636,15102,264.60319530485816,9.256928594717966
1636,43,435.8178837555887,80.93353204172877
1636,15435,446.32381829343154,100.65070595457335
1636,33,194.68373972009812,187.46111672197375
1637,15102,264.7961387434555,9.948625654450261
1637,43,435.4671931956258,81.41069258809235
1637,15435,447.0285546070062,100.14659994112452
1637,33,191.73653429602888,187.95552346570398
1638,15102,265.1056054506039,10.203468566119541
1638,43,434.866870483602,81.76042245692051
1638,15435,447.16806722689074,100.13242538394668
1638,33,192.1421358417485,191.03008714898326
1639,15102,265.2168970814132,10.119815668202765
1639,43,435.0178624590652,81.76362012503722
1639,15435,446.3720073664825,100.33732351135666
1639,33,191.50361240968977,190.9668508287293
1640,43,434.87450861808287,81.685817961899
1640,15435,446.0719314355678,101.16406489133762
1640,33,191.13057898911242,191.0106712812748
1641,15102,264.8627450980392,10.315306767868439
1641,43,435.0364713216958,81.7076059850374
1641,15435,445.9210686095932,100.69034608378871
1641,33,191.5371895108282,190.74925620978343
1642,15102,264.98097387939373,10.324411480167688
1642,43,434.77569796954316,81.93781725888324
1642,15435,446.17305833064773,100.733483725427
1642,33,190.90734341252698,189.02786177105833
1643,15102,265.07758336084515,10.240343347639485
1643,43,434.79943855271364,81.869931378665
1643,15435,446.2241765270227,100.3943076431084
1643,33,189.87813518492277,186.97817769590478
1644,15102,265.0458015267176,10.332408049965302
1644,43,434.67780580075663,81.79413619167718
1644,15435,446.29703304113286,100.42852326365475
1644,33,187.88905941679457,184.91120368340276
1645,15102,264.91550190597206,10.038754764930115
1645,43,435.77976016379057,80.87510968119334
1645,33,191.12950497826392,184.0539896227738
1646,15102,264.201171875,9.039713541666668
1646,43,434.742806288935,81.94452684663305
1646,33,191.80399687077733,185.16940473650521
1647,15102,264.7041531823085,10.103829557713052
1647,43,434.235396039604,81.78143564356435
1647,15435,446.5174825174825,100.41465941465941
1647,33,194.3393203883495,184.9670509708738
1648,15102,264.46680022896396,9.274756725815685
1648,43,434.9379866518354,81.85984427141268
1648,15435,446.2636630231938,100.88669688083178
1648,33,198.43109887949674,178.82923792674137
1649,43,434.8763697667884,81.67659454903063
1649,33,199.77265765465805,176.5880002663648
1650,15102,264.97909199522104,10.287634408602152
1650,43,435.48432147562585,80.81554677206852
1650,15435,447.78517441860464,99.52470930232558
1650,33,202.34388696277884,177.72774252632956
1651,15102,265.13352007469655,10.236850295673825
1651,43,434.9236174763214,81.81973724411854
1651,33,202.59290780141845,176.71496116176968
1652,15102,264.8994498777506,10.11338630806846
1652,43,434.6333746898263,82.4801488833747
1652,15435,446.36186440677966,100.33813559322034
1652,33,200.8379591578681,178.17835240563952
1653,15435,446.1725362533294,100.30068067475584
1653,33,199.6569181956132,179.8048006621603
1654,15102,265.2512033694344,10.24638989169675
1654,43,433.88470519556336,82.80589608873322
1654,15435,446.27950310559004,100.11072103699703
1654,33,200.0379978325657,179.87354375507994
1655,15102,266.1402192729371,12.979803808424698
1655,43,434.75369863013697,81.79506849315068
1655,15435,446.103497706422,100.69237385321101
1655,33,198.81448727469115,180.04246270168096
1656,43,434.16002490660026,82.75342465753425
1656,15435,445.122289679098,100.95200925122867
1656,33,199.92967206637692,178.76122744633216
1657,15102,264.7138777841234,9.259280411193604
1657,43,434.87565084226645,81.83460949464012
1657,15435,446.53444116858753,100.45832216563925
1657,33,199.1348344024087,179.31417724833094
1658,15102,265.02485601697487,10.165504698393452
1658,43,434.12784174785946,82.79864186595807
1658,15435,446.31476079346555,100.38623103850642
1658,33,200.5889100040722,175.70727568888285
1659,43,434.14367469879517,82.79457831325301
1659,15435,446.3106712564544,100.13339070567986
1659,33,200.11353826030086,175.5665140614781
1660,43,434.29456939111355,81.93362589138782
1660,15435,446.0406278855032,100.85195444752232
1660,33,198.57714620950395,174.3995176324881
1661,15102,265.00359820089955,10.359520239880059
1661,43,434.7786651454649,81.81916714204222
1661,15435,446.2340360525512,100.09654750992974
1661,33,196.4038626893313,171.9109729479463
1662,15435,446.1855753646677,100.94327390599676
1662,33,196.73863202139856,170.3245446439944
1663,15102,265.2069922308546,10.891509433962264
1663,15698,282.1686808948316,12.64849575726408
1663,43,434.96004072283023,81.55993891575464
1663,15435,452.5885558583106,87.66608867971266
1663,33,195.9883773487441,167.8675663459676
1664,15102,264.8828735033837,9.88365434669443
1664,43,434.7912684060966,81.89330922242314
1664,15435,447.11494538232375,100.19265143992055
1664,33,196.43255699625146,170.91028083328212
1665,15102,264.7778548312529,10.150716597318539
1665,15698,281.94102920723225,12.85702364394993
1665,43,434.93468795355585,81.46976294146106
1665,15435,447.26184889723135,100.11684655091506
1665,33,198.2816259569814,173.95005468465183
1666,15698,282.7041312272175,13.74453219927096
1666,43,435.7168492192962,80.67466790957819
1666,15435,446.4304084720121,100.39762985375694
1666,33,198.72150857432132,174.83401885717902
1667,15698,282.63048016701464,13.802863107664777
1667,15435,447.18820971249096,100.2024643633728
1667,33,199.9852359112898,172.5360934849532
1668,43,434.9562629399586,81.16278467908903
1668,15435,446.3199040767386,100.30863309352517
1668,33,199.2541814186302,171.42113295079966
1669,15102,265.2357679914071,10.14500537056928
1669,43,434.83865014500395,81.8760875296599
1669,15435,446.3142490372272,100.06829268292682
1669,33,196.27788337727634,171.17983935250476
1670,15698,282.6901057871811,13.718108276291225
1670,43,435.08792650918633,81.59317585301838
1670,15435,446.8677445003976,100.02252849191625
1670,33,195.52806886227546,169.15774700598803
1671,15102,265.12354059190875,10.288351887048602
1671,43,434.84333781965006,81.90444145356662
1671,15435,445.5737107623318,100.48402466367713
1671,33,192.0921499477534,167.81184691745037
1672,15102,265.3286985539488,11.079532814238043
1672,43,434.76111255523784,81.89836236028074
1672,33,189.7718183022116,167.1790491325652
1673,15102,264.7904713114754,10.06173155737705
1673,15698,281.93651275820173,12.668590522478738
1673,43,434.8477726154687,81.91227111232577
1673,33,189.1117311269322,166.55942530947343
1674,15698,282.7731725697061,14.492087415222306
1674,43,435.0402212166918,81.61538461538461
1674,15435,446.1788640087384,100.43173129437466
1674,33,188.84334595794698,164.52148360976884
1675,15698,282.0784427658338,12.676060429982568
1675,43,435.83856041131105,80.8547557840617
1675,15435,446.1167388949079,100.35130010834236
1675,33,190.30504265885648,161.83375779956705
1676,43,434.95074372104364,81.7381126554499
1676,15435,446.5724431818182,100.38991477272727
1676,33,187.1810049019608,164.0049019607843
1677,15698,281.9076620825147,12.447937131630649
1677,43,435.6587067346391,81.12825328682587
1677,15435,447.0520806739852,100.26908348225683
1677,33,188.05647644630807,169.4422459542685
1678,15840,264.9178082191781,10.433504566210047
1678,15698,282.32427120864725,13.459547985587946
1678,43,434.71351931330474,81.67811158798283
1678,15435,446.92534633145203,100.1469984607491
1678,33,185.76710839279647,170.28562691131498
1679,15698,282.34023485784917,13.477132262051917
1679,43,434.7917718324079,81.75946491670874
1679,15435,446.53024625267665,100.40952890792292
1679,33,186.1933204881182,169.1800899165061
1680,15840,264.54398148148147,9.115079365079364
1680,43,434.96031746031747,81.80666666666667
1680,15435,446.41440217391306,100.3203804347826
1680,33,186.15556827122523,167.33016236320722
1681,43,434.8141542002302,81.67520138089759
1681,15435,446.2407855797686,100.6470271724509
1681,33,186.71210956606805,168.59436796869542
1682,15840,264.57463976945246,9.32536023054755
1682,15698,282.56037473976403,13.666897987508674
1682,43,435.8009708737864,81.27700242718447
1682,15435,446.40989213364907,100.2991318074191
1682,33,187.4591025375095,169.0608449146097
1683,15840,270.8080229226361,21.27629963160049
1683,43,434.7366047745358,81.73050397877984
1683,15435,445.9234437086093,100.6805298013245
1683,33,189.06912321965243,167.89056579119298
1684,15698,282.6191543882127,13.72645739910314
1684,43,434.65448172258385,82.01201802704057
1684,33,192.2182077182077,168.0583398083398
1685,15840,264.8584579976985,9.720943613348677
1685,43,435.5891023953672,81.17162411160832
1685,33,192.78199709417515,167.35768062343152
1686,43,434.20866819747414,82.04420206659013
1686,15435,446.51051212938006,99.9455525606469
1686,33,193.86061818416468,166.55881783571013
1687,15840,265.1547762998791,10.266928657799275
1687,43,435.78804620793574,80.71044701155198
1687,15435,446.34129884734324,100.23643519820072
1687,33,191.54203854611305,167.73955503815807
1688,15840,264.748282495191,10.169552074745809
1688,43,434.9073440379047,82.05764674914451
1688,33,189.40179899905317,166.58480995536317
1689,15840,265.1251880830575,9.76767980740295
1689,43,434.8803536888643,81.72754904669799
1689,15435,446.9499312242091,100.35983493810178
1689,33,189.8820678513732,164.8898761443188
1690,15840,279.2912087912088,7.192857142857143
1690,43,434.81456953642385,81.89293598233995
1690,15435,447.0341227400051,100.05373058314235
1690,33,191.13569492837786,164.79339269583173
1691,15840,265.2244014998558,10.026247476204212
1691,43,434.8736551724138,81.87420689655173
1691,15435,447.1049317943337,100.17130115424973
1691,33,190.22353246080084,165.96248542179603
1692,15840,264.75446555146016,8.988942444003403
1692,43,435.0813597102257,81.73920312064642
1692,15435,446.03774097203365,100.63480857996198
1692,33,186.49135209334247,165.69498970487302
1693,15840,264.78048,10.03168
1693,43,435.87108013937285,80.8678861788618
1693,15435,446.25097125097125,100.70422170422171
1693,33,184.62984257357974,164.79034907597537
1694,15840,264.87923416789397,9.243593519882179
1694,43,433.9737880496054,82.71730552423901
1694,15435,446.1791539950235,100.36107271219242
1694,33,185.44302176696542,162.1903767100209
1695,43,435.9830755763058,81.34782608695652
1695,15435,446.02861445783134,100.66445783132531
1695,33,183.50493432729854,161.11480298189562
1696,43,435.5540132770066,80.95745322872662
1696,15435,446.13208633093524,100.85640287769785
1696,33,185.0419402668926,159.76918731907082
1697,43,434.76008182349506,82.0353594389246
1697,33,185.32642916321458,160.61239988953326
1698,15840,264.97243319268637,10.179465541490858
1698,43,435.09316604378006,81.12680192205019
1698,15435,446.1154921700224,100.73909395973155
1698,33,180.7738120681057,158.26586877537935
1699,15840,265.22827125119386,10.231773320598535
1699,43,434.8313713013045,81.9000954502068
1699,15435,446.9586828207518,100.15191053122088
1699,33,177.83439948249838,156.5341766693021
1700,43,435.6481546572935,80.96379613356766
1700,15435,445.3210807414389,100.83191957273013
1700,33,179.2170703740863,157.2131288519421
1701,15840,265.17051451187336,10.995712401055409
1701,43,434.85690423162583,81.03201559020044
1701,15435,446.4223201174743,100.46549192364171
1701,33,179.97762553749726,158.71984549231107
1702,15840,265.0168448331714,10.27372853903466
1702,43,435.21629901960785,81.30024509803921
1702,15435,446.42403122386395,100.33454139949819
1702,33,177.78506919155134,155.11442097596503
1703,43,434.84424242424245,81.90121212121213
1703,15435,446.1596153846154,100.48928571428571
1703,33,178.93869565217392,152.80717391304347
1704,15840,264.8640132669983,10.29950248756219
1704,43,434.86031195840553,81.84540727902946
1704,15435,447.10574018126886,99.94644328481186
1704,33,177.84428476183422,153.7786502703904
1705,43,434.9776046738072,82.09866926322623
1705,15435,452.158544108575,86.90499691548428
1705,33,179.90510083036773,152.25580908519993
1706,15840,264.79191438763377,10.120095124851368
1706,43,435.5022091310751,81.04241531664212
1706,15435,452.5287973739182,87.0355117875261
1706,33,181.3077539036434,150.0128119578273
1707,15840,264.97429305912596,10.11282490716938
1707,43,434.78020989505245,81.72833583208396
1707,15435,452.44191199746757,87.03292181069959
1707,33,180.80977212658047,148.84620330023574
1708,15840,264.7285375962108,9.221728833629367
1708,43,434.25021595162684,82.00143967751224
1708,15435,446.87247547605307,100.27322562031159
1708,33,179.54649537376022,146.17819343673034
1709,15840,264.92665418227216,10.161985018726591
1709,43,434.080567193039,82.52143087334838
1709,15435,452.95274102079395,87.11531190926276
1709,33,179.51228509779355,144.89113941671886
1710,15840,265.94689699296225,12.008637236084454
1710,43,433.9464466150219,82.57325698888515
1710,15435,446.55391868002357,100.3423688862699
1710,33,179.77619728377414,146.78842030021443
1711,15840,265.1093800714054,10.070107108081793
1711,43,434.2945609436435,81.90694626474443
1711,15435,446.097516099356,100.21067157313708
1711,33,179.49764150943398,148.98127501429389
1712,43,434.9070810637616,81.67478372316565
1712,15435,446.1058219178082,100.40890410958905
1712,33,175.98685038819332,147.805553612646
1713,15840,265.10226863521785,9.837594526467411
1713,43,434.8729495014474,81.5815374718559
1713,15435,446.33873986275734,100.44915782907049
1713,33,175.73534315087525,149.23492636843568
1714,15840,264.72418720971774,9.286173633440514
1714,43,434.8283556470992,81.83625128733264
1714,15435,445.9840625,100.6884375
1714,33,177.7348312962014,150.90221766815486
1715,15840,270.0565955594253,20.880278624292554
1715,43,434.9105229993699,81.7750472589792
1715,15435,446.20611866501855,100.67305315203956
1715,33,178.0450014658458,151.0061565523307
1716,43,434.8815958815959,81.494851994852
1716,15435,446.2039106145251,100.63935443823712
1716,33,178.51567740994605,152.26396383257983
1717,43,434.8096539162113,81.76684881602914
1717,15435,446.0951070336391,100.27492354740062
1717,33,180.53916863805338,152.25887124028387
1718,15840,265.0814170292107,10.266314481044127
1718,43,434.8673267326733,81.96006600660066
1718,15435,452.7439731461703,87.19407995117486
1718,33,182.6596995427825,150.98991218520936
1719,15840,265.40906288532676,11.13193588162762
1719,43,435.7903319743739,80.95224228305183
1719,15435,446.377304964539,100.26836879432624
1719,33,183.3862283737024,147.59612456747405
1720,15840,264.8549593495935,10.365528455284553
1720,43,435.00286441756845,81.50381922342457
1720,15435,445.3468907563025,100.88100840336135
1720,33,183.0246160319798,147.49330247562943
1721,43,434.2214849921011,82.19873617693523
1721,15435,445.39158962123474,100.710408589323
1721,33,186.19190189092902,148.2071115374075
1722,15840,265.0706295941195,10.106743368488335
1722,43,434.7096774193548,81.48782714546562
1722,33,186.90413454800282,147.92438682550807
1723,15840,265.1090434214822,11.067580803134181
1723,15435,447.1506586169045,100.02854006586169
1723,33,186.0196716769412,149.24402576712615
1724,15840,264.9934701492537,10.125621890547263
1724,43,435.74006775485066,80.97289805974746
1724,33,184.49207502311452,146.5480121516312
1725,43,434.8490045941807,81.46860643185299
1725,15435,446.37935103244837,100.28377581120944
1725,33,183.74911153635867,143.13265445598688
1726,43,435.1459149834188,81.26650587880616
1726,15435,446.36444317205843,100.39622101345549
1726,33,180.43275182892515,143.17951603826674
1727,43,433.9854897218863,82.7073760580411
1727,15435,446.2963727514008,100.51843114125627
1727,33,179.45629102080716,144.03672671414606
1728,43,434.8158451768975,81.99425461143029
1728,15435,446.9952153110048,100.1901913875598
1728,33,179.21688697059616,143.8451578095495
1729,16282,264.71384425216314,9.228368355995055
1729,43,434.9406474820144,81.80665467625899
1729,15435,447.0385718839656,99.92827542237806
1729,33,179.24570024570025,145.61151281151282
1730,16282,265.12395503026806,10.202363793600462
1730,43,434.7398469688052,82.13596233078282
1730,15435,446.36994535519125,100.22377049180328
1730,33,179.81527110268735,144.7366817843363
1731,16282,264.71229482812015,9.303499535459895
1731,43,435.49023090586144,80.9449378330373
1731,15435,446.444799535154,100.32393957001743
1731,33,179.7758761206194,141.37374354794892
1732,43,434.1666161769161,82.67434110875492
1732,15435,446.11295487627365,100.71324599708879
1732,33,179.84274193548387,142.40586763070078
1733,43,434.95463455614674,81.59283113973677
1733,33,180.46348601374805,144.08813720819438
1734,16282,264.9202111145607,10.136914001862776
1734,43,435.09083044982697,81.30882352941177
1734,15435,446.3541169451074,100.37977326968974
1734,33,178.8566027359593,144.04028321990788
1735,16282,278.9059061957151,6.923856398378692
1735,43,435.21690456199275,81.22474111390989
1735,15435,446.32306814941546,100.25035642999715
1735,33,176.53797205699266,141.45504219117444
1736,16282,264.93244873341376,10.018395657418576
1736,43,433.9552599758162,82.5217654171705
1736,15435,445.4145145472377,100.81203007518798
1736,33,175.1888111888112,140.2718881118881
1737,16282,264.91681845780204,10.137219186399514
1737,43,435.63145539906105,81.11649061032864
1737,15435,445.2505841121495,100.88492990654206
1737,33,175.59255826271186,138.06951800847457
1738,43,434.72248661511003,81.82302201070792
1738,15435,445.96806266947874,100.65863211810786
1738,33,177.34978511021765,137.04949396922223
1739,16282,265.04372677907975,10.270077164904258
1739,43,434.0083467094703,82.54028892455858
1739,15435,452.11537290715376,86.99391171993912
1739,33,178.99654953876487,135.69213435673544
1740,43,434.58779087337564,82.05500151103053
1740,15435,452.172362993518,87.2672362993518
1740,33,179.00746521886666,135.09419748897184
1741,16282,264.6115837696335,8.969568062827225
1741,43,434.68095952023987,82.16221889055473
1741,15435,446.019734904271,100.67982326951399
1741,33,176.79605218222798,137.7573253193088
1742,16282,264.7554744525547,9.364963503649635
1742,43,434.6254365541327,81.84720605355064
1742,15435,446.17914187284686,100.28405887879737
1742,33,176.42445994447078,138.62504232410103
1743,16282,264.93675762439807,9.190369181380417
1743,15435,445.9798071127185,100.70795660036167
1743,33,174.00709219858157,138.04821331151118
1744,16282,264.65714285714284,9.13687707641196
1744,43,434.98503184713377,81.64713375796178
1744,15435,446.3630592503023,100.43863361547763
1744,33,174.20351371286796,139.7991014551063
1745,16282,265.07471264367814,10.108857336037865
1745,43,434.77454545454543,81.84396694214875
1745,15435,446.1976356471658,100.27008184298272
1745,33,175.87537345283823,139.6062028738085
1746,16282,270.1186440677966,20.54449152542373
1746,43,436.5736156351792,80.11302931596092
1746,15435,447.063052445492,100.40718915733648
1746,33,174.83046853340727,141.32319101746603
1747,16282,281.87221396731053,12.643759286775632
1747,43,435.7629582806574,81.06321112515803
1747,15435,446.4385650224215,100.6813153961136
1747,33,172.28725301376704,141.31264712176332
1748,43,434.7578419071518,81.80552070263488
1748,15435,452.20047449584814,87.06435349940688
1748,33,172.66437755698422,143.0249123319696
1749,43,435.77794653705956,81.13365735115431
1749,15435,446.52599299065423,100.73685747663552
1749,33,173.747927840078,140.03977154001532
1750,43,435.12794612794613,81.84328129782675
1750,15435,446.53636919315403,100.72493887530563
1750,33,171.24183493698334,138.14934272936713
1751,16455,264.9975299929428,10.809456598447424
1751,16282,282.7276119402985,13.66542288557214
1751,43,434.830773774365,81.6320141760189
1751,15435,447.01700154559506,100.40432766615147
1751,33,166.20429403202328,136.981077147016
1752,16282,281.92056650246303,12.901477832512315
1752,43,435.8335396039604,80.9737004950495
1752,15435,445.9208655332303,100.82102009273571
1752,33,167.0579792931096,136.13673687968583
1753,16455,264.8517441860465,10.037467700258398
1753,43,435.55645161290323,80.82129032258065
1753,15435,446.0559375,100.731875
1753,33,168.59785185185186,134.6202962962963
1754,16455,264.8896808180973,10.155252556554075
1754,43,435.17186081694405,81.2018154311649
1754,15435,447.0350771091624,99.99939522225583
1754,33,170.85168259243872,134.54099155241656
1755,16455,264.7344372891751,9.367985280588776
1755,43,435.85600266045896,80.85134685733289
1755,15435,452.3776390127862,86.99732381801962
1755,33,170.78808040770102,134.03454133635333
1756,16455,264.5538508745014,10.073028536360848
1756,16282,282.04737231680235,12.687268689859364
1756,43,434.6588273195876,82.06572164948453
1756,15435,446.24659312134975,100.22063595068137
1756,33,175.4921795800145,134.65568428674874
1757,16455,265.08045602605864,10.093159609120521
1757,43,435.416557591623,81.5032722513089
1757,15435,446.2563613231552,100.74077608142494
1757,33,175.96756090884205,135.45620038324665
1758,43,434.75785953177257,81.9752508361204
1758,15435,447.06123737373736,100.06439393939394
1758,33,171.9413057347416,132.7422556177784
1759,16455,264.6136058981233,9.079088471849866
1759,43,433.9916499665999,82.73012692050769
1759,15435,446.05974943784133,100.71667202055895
1759,33,171.97030411449015,129.9054740608229
1760,16455,264.79483785572467,10.317339510258108
1760,15435,446.4128410914928,100.34606741573033
1760,33,171.05103668261563,129.35406698564594
1761,16455,265.03241895261846,11.154257214107588
1761,43,434.701851250406,81.99772653458915
1761,15435,452.44919246298787,87.28364737550471
1761,33,170.24506960556843,129.11455916473318
1762,16455,264.70809149880506,9.519631273472175
1762,43,435.8460275771504,80.75476034143139
1762,15435,446.5149230285894,100.30348727615457
1762,33,169.26691324815064,126.10517821116342
1763,16455,264.92635135135134,10.220608108108108
1763,43,434.87035786630656,81.86934503713707
1763,15435,446.30728185812933,100.3556183301946
1763,33,168.65902808089626,124.44492943401717
1764,16455,264.9934554973822,10.020615183246074
1764,43,434.8887376658727,81.78972439605307
1764,15435,446.1111459968603,100.69419152276295
1764,33,167.9544950055494,123.05604883462819
1765,43,434.85009733939,81.94256975989617
1765,15435,446.47339246119736,100.3930155210643
1765,33,170.79568655643422,123.52803738317758
1766,43,434.8732492997199,81.86869747899159
1766,15435,446.2234227953991,100.13070756361101
1766,33,167.59866546708653,122.27950217423901
1767,43,433.8672268907563,82.67663865546218
1767,15435,446.2171409214092,100.85738482384824
1767,33,167.7920287683548,123.49453101588253
1768,16455,265.06181584030907,9.806503541532518
1768,43,434.71448134200614,82.09380349195482
1768,15435,447.04651162790697,100.00352360817477
1768,33,167.49394850729846,125.30719577495782
1769,16455,264.6497409326425,9.082556131260795
1769,43,434.996996996997,81.68558558558559
1769,15435,446.1155442068305,101.04500478774338
1769,33,166.93328827306522,122.88556944913822
1770,43,435.66012396694214,80.95006887052341
1770,33,167.84224427153973,119.0117781426226
1771,43,434.1951377633712,82.84764991896272
1771,15435,446.8378378378378,100.04431175361408
1771,33,167.0058895353013,120.63176039646628
1772,43,434.8036959553696,81.98675034867503
1772,15435,446.49162807267544,100.22337014606342
1772,33,164.48313334842652,122.58010716172365
1773,16455,265.16276737967917,10.125
1773,43,434.73149492017416,81.93759071117562
1773,33,165.9512939919078,123.37117337201313
1774,16455,264.55901588290254,9.25817502335721
1774,43,434.3090418353576,81.95006747638327
1774,15435,452.38832315003395,86.79056347589952
1774,33,166.70491551459293,126.21036866359447
1774,16644,264.55901588290254,9.25817502335721
1774,16647,434.3090418353576,81.95006747638327
1776,16644,265.23549810844895,10.384930643127365
1776,43,434.04755614266844,82.76321003963012
1776,15435,446.34785522788206,100.37533512064343
1776,33,168.73050164774807,125.91102160380812
1777,43,434.43699120807554,82.54086616737219
1777,33,169.93132780082988,127.83229598893499
1778,16644,269.64071856287427,19.986740804106073
1778,16647,434.7029008606949,81.87344596748486
1778,15435,446.1522580645161,100.6483870967742
1778,33,170.77913879912828,127.71669046366574
1779,16647,434.7429861335053,81.77523379554982
1779,15435,446.52838933951335,100.41946697566628
1779,33,169.33027907952717,130.0919073931594
1780,16644,264.71603305785123,10.0899173553719
1780,16647,434.80285343709465,81.61900129701687
1780,15435,446.53484705140335,100.28413749605802
1780,33,171.54750593824227,131.02263518233897
1781,16644,264.7948220064725,9.878317152103559
1781,16647,434.8292134831461,81.86163723916533
1781,15435,446.9666870415648,100.09841075794621
1781,33,169.12625739644972,131.76923076923077
1782,16647,434.7985001630258,81.59406586240625
1782,15435,446.557820855615,100.30681818181819
1782,33,169.84456260470537,129.40971665816883
1783,16644,264.83289621581116,9.976020981641064
1783,16647,435.7505841121495,80.91501168224299
1783,15435,446.4408843319449,100.23133611022108
1783,33,171.8120172311349,128.56706773618538
1784,16644,264.60808210391275,8.36048749198204
1784,16647,434.25214626391096,81.91828298887123
1784,15435,446.41332491316706,100.16861383012315
1784,33,172.00123573453516,131.2970851203024
1785,16644,264.4696652719665,9.136680613668062
1785,16647,434.7834748530372,81.9069235793599
1785,15435,446.376161486703,100.44280679269465
1785,33,169.87801516195728,131.56681216019604
1786,16644,264.797623089983,9.326655348047538
1786,16647,434.61466666666666,81.81866666666667
1786,15435,447.2334015794092,100.19040655162328
1786,33,167.44152643807647,132.30000704076605
1787,16644,264.96254557507456,10.07457739476301
1787,16647,434.895979578813,81.74409700063816
1787,15435,446.3399171710736,100.25422108951895
1787,33,166.90832485834665,133.9630248438181
1788,16644,264.7168523176428,9.238591448077614
1788,16647,435.2759295499022,81.2276581865623
1788,15435,446.2278637770898,100.6297213622291
1788,33,167.16148653660707,135.4948445960982
1789,16644,264.9347328244275,9.376335877862594
1789,16647,434.77892122072393,81.72817601135557
1789,15435,447.0510095642933,100.12433581296493
1789,33,166.9616135328562,134.52779585050243
1790,16644,265.1258232235702,10.190641247833621
1790,16647,434.84140550807217,81.95631528964863
1790,15435,446.4873359780287,100.28471162648763
1790,33,167.98336980306345,135.46360320933624
1791,16647,434.82076637824474,82.02132262051916
1791,15435,445.38783015713807,101.02507522567703
1791,33,169.66265494378783,137.35853271836265
1792,16644,264.589138576779,9.311610486891386
1792,16647,435.0120867401351,81.81443298969072
1792,33,169.32247349823322,138.80706713780918
1793,16644,264.82820097244735,10.20097244732577
1793,16647,435.266731016731,81.2992277992278
1793,33,170.80088464007991,136.49975030320326
1795,16647,434.6909485430874,81.88034717916925
1795,15435,446.14307138572286,100.66136772645471
1796,15435,447.1087507926443,100.14616360177553
1796,33,166.25825301661988,136.05357820444715
1797,16647,434.70836189170666,82.0301576422207
1797,15435,447.20892626131956,100.19146183699871
1797,33,167.96462417709614,136.31085871373799
1798,16647,434.3081395348837,82.20588235294117
1798,15435,446.3520374081496,100.69305277221109
1798,33,166.7580773400795,135.36465486086013
1799,15435,446.14095107765996,100.66609647622306
1799,33,165.11028304727492,134.08973200843118
1800,16647,433.71792975970425,82.78595194085028
1800,15435,446.27383512544804,100.27025089605735
1800,33,164.55267850220946,134.23528955733002
1801,16647,434.1966480446927,82.22495344506518
1801,15435,452.5358361774744,86.90557451649602
1801,33,163.5535133499735,134.405945087361
1801,16858,265.14739564093094,10.092722571111931
1801,16861,434.1966480446927,82.22495344506518
1803,16858,265.0869727510265,10.015304217991787
1803,16861,434.86138996139,81.87142857142857
1804,16858,265.18841121495325,9.686355140186915
1804,16647,434.10432740691044,82.48071117074807
1805,16647,434.31203515889115,82.17139959432049
1806,16858,264.6182864450128,9.215153452685422
1806,16861,434.8518636508442,81.95985982797069
1807,16861,434.8257896450668,81.80494952784109
1808,16858,265.05773672055426,10.080831408775982
1808,16861,435.0059405940594,81.74125412541254
1809,16861,433.8745222929936,82.85541401273885
1809,16647,433.8745222929936,82.85541401273885
1809,16921,446.52639751552795,100.15434782608696
1809,16922,174.0267197271177,137.9708641273451
1811,16858,270.0808979246082,20.085133418043203
1811,16861,434.83523710626514,81.86119764624438
1811,16922,176.54397883295195,136.52395594965674
1812,16858,264.7807129217059,10.0986632718014
1812,16861,434.70023696682466,81.82049763033176
1812,16921,446.36165951359084,100.16909871244636
1812,16922,180.8384811561349,136.18340889770474
1813,16858,264.831550802139,9.97534165181224
1813,16861,434.86849547511315,81.66713800904978
1813,16921,446.29909451046973,100.18958687040181
1813,16922,182.49402887139107,136.67775590551182
1814,16858,265.0436746987952,10.103614457831325
1814,16861,433.8820768553828,82.7421531240833
1814,16921,447.1747858672377,100.09207708779444
1814,16922,184.1281442809682,134.6153637534748
1815,16861,434.88180404354586,81.6964230171073
1815,16921,447.2257194244604,99.81774580335731
1815,16922,183.255723630417,135.7686017988553
1816,16861,434.9053089102763,81.8891648556349
1816,16921,446.52311643835617,100.17551369863014
1816,16922,184.9744794726193,138.12407806278964
1817,16858,265.2037340320996,10.109728136259417
1817,16861,434.83597578552894,81.77399827039493
1817,16921,446.0542753183748,100.66798059429958
1817,16922,185.36572252819303,139.1004458431681
1818,16861,435.073996405033,81.16686638705812
1818,16921,452.8029654975763,87.57827202737383
1818,16922,185.14523960312434,137.7324607698262
1819,16858,265.13844743276286,10.20385085574572
1819,16861,434.847083087802,81.78933411903358
1819,16921,446.0175284837862,100.69003797838154
1819,16922,184.22763684913218,136.86201602136182
1820,16861,434.6745242828742,81.92587333143993
1820,16921,447.1245074862096,100.07118465983714
1820,16922,181.4049262922187,138.90321577408722
1820,17020,434.6745242828742,81.92587333143993
1822,16858,270.0773457311919,20.218512256973796
1822,16861,434.25991561181434,81.91645569620253
1822,16922,180.7578003670761,141.23972892842016
1823,16861,433.85829048843186,82.5176735218509
1823,16921,447.0973154362416,100.28157413056742
1823,16922,179.54120839880017,146.0867733180974
1824,17020,434.8746634759198,82.14268620999103
1824,16922,180.0511644571838,145.17678251522753
1825,16858,264.7591362126246,9.32857142857143
1825,17020,434.5964912280702,81.82183908045977
1825,16922,181.12129722500836,145.3094617184888
1826,16858,265.0651315789474,10.391447368421051
1826,17020,435.6471760797342,81.29003322259136
1826,16921,447.15874701353863,99.89195646402973
1826,16922,180.1898862566109,145.51046873868
1827,16858,265.03707254713964,10.20357941834452
1827,16861,434.8088458043017,82.0130263556498
1827,16922,181.3670566804456,142.69025432635044
1828,17020,435.12540476891377,81.13394171327641
1828,16922,182.19457990803957,144.0411035251498
1828,16861,435.12540476891377,81.13394171327641
1828,16921,452.4725274725275,87.48634222919937
1828,17091,182.19457990803957,144.0411035251498
1830,16858,265.121120819524,10.304911117806569
1830,16921,447.05604982206404,99.97271648873073
1830,17091,181.88441048647132,143.19858404598347
1831,16858,269.8669093851133,20.066343042071196
1831,17020,434.7354740061162,81.9782874617737
1831,17091,183.13515210717276,139.76402456042422
1832,17020,434.8405841192577,81.7307575296623
1832,16921,446.45335820895525,100.37779850746269
1832,17091,183.8879626542181,139.5784594864955
1833,16858,269.59290608625554,20.068520757758968
1833,17020,434.2474698008488,82.20698661443029
1833,16921,446.25909522303067,100.20404935147106
1833,17091,183.73501115448968,141.23389570552146
1834,16858,265.12999420961205,10.280254777070063
1834,16921,446.41409691629957,100.1856093979442
1834,17091,185.20253997499506,139.57287622557084
1835,16858,264.9917282127031,10.083013293943871
1835,17020,435.2508782201405,81.11709601873537
1835,16921,446.5545371219065,100.17354109379774
1835,17091,187.96350111234705,139.87639043381535
1836,16858,265.00722815839094,10.01791326209931
1836,17020,434.2083839611179,82.15552855407047
1836,16921,446.98955097430104,99.9039819260096
1836,17091,185.50248282429766,138.44282701857017
1836,17158,434.2083839611179,82.15552855407047
1836,17160,446.98955097430104,99.9039819260096
1838,17020,434.28840803709426,82.20030911901083
1838,17160,447.03325621746677,100.0827067669173
1838,17091,185.0482173398237,135.40415734771742
1839,16858,265.0333660451423,10.134118416748446
1839,17020,434.2651651651652,82.8051051051051
1839,16921,452.2862626816562,87.02550041129696
1839,17091,182.38077054210706,136.99856801909309
1840,17158,434.28890229191796,82.17340168878167
1840,17160,446.27175843694494,100.72853759621077
1840,17091,181.20262439219343,135.76720175847598
1841,17158,434.30871590153026,82.05256154357951
1841,17160,446.3656330749354,100.1624677002584
1841,17091,179.34073069787357,133.30647923505066
1842,16921,452.21944444444443,87.01736111111111
1842,17091,174.781980793197,133.0637783153728
1843,16858,264.93291536050157,10.35141065830721
1843,17020,434.05307262569835,82.48913718187461
1843,17160,445.56123096446703,100.57772842639594
1843,17091,173.27808873720136,133.17160409556314
1844,17020,434.2795521896609,82.15574580177807
1844,16921,446.9997252747253,100.17225274725274
1844,17091,173.50503975014198,130.80515332197615
1844,16858,265.16093366093367,10.10595823095823
1844,17158,434.2795521896609,82.15574580177807
1844,17160,446.9997252747253,100.17225274725274
1844,17229,173.50503975014198,130.80515332197615
1846,17020,433.9984076433121,82.76433121019109
1846,17160,446.36831794010635,100.06325216904563
1846,17229,171.2923988698229,131.4599958652057
1847,17020,434.4034914361001,82.45289855072464
1847,16921,446.0437596302003,100.62896764252696
1847,17229,171.23334695545566,131.6217136629887
1847,16858,264.77080062794346,10.155729984301413
1847,17158,434.4034914361001,82.45289855072464
1847,17160,446.0437596302003,100.62896764252696
1847,17091,171.23334695545566,131.6217136629887
1849,16858,264.49529134785166,8.501765744555621
1849,17158,434.8865671641791,81.76285240464345
1849,17160,446.4245508982036,100.24011976047905
1849,17091,171.57278524885623,130.562110079024
1850,16858,264.41279461279464,9.083501683501684
1850,17158,435.0496245510937,81.0375448906301
1850,17160,446.17910447761193,100.3747221340108
1850,17229,163.79294316501162,131.17973096696952
1851,17158,435.560878243513,80.73419827012641
1851,17229,160.77907895682162,131.86428622745888
1852,16858,269.5189713322091,19.70236087689713
1852,17158,434.9533913043478,81.87130434782608
1852,17160,446.3467189030362,100.18119490695396
1852,17091,158.6182258316414,132.21935030454475
1852,17229,158.6182258316414,132.21935030454475
1854,16858,264.6824417009602,9.840192043895748
1854,17160,446.7471995155919,100.06478958522555
1854,17229,158.98371880706026,135.46157942787585
1855,17158,435.8184807629069,80.49128576126274
1855,17229,156.22838588529848,139.82998200453798
1855,16858,264.761329305136,9.342061094326954
1855,17160,447.18315918869087,100.06269207129687
1855,17091,156.22838588529848,139.82998200453798
1857,17160,452.4825077935573,86.67370973328715
1857,17091,156.95775095298603,143.54709339263025
1858,16858,264.5393300715092,9.277004140007527
1858,17158,435.7324516785351,80.9844014920312
1858,17229,155.98524157216093,141.27085598881467
1859,17158,435.2338028169014,81.33591549295775
1859,17091,157.26413366903182,142.08285648889907
1860,17352,281.8964509394572,12.75490605427975
1860,17158,434.4272349272349,82.45183645183646
1860,17229,156.62641600385635,141.44235558769182
1861,17352,282.6586655817738,13.57160292921074
1861,17158,434.7304619659604,81.53386592566864
1861,17229,153.88937261914018,141.0004664541709
1862,17352,282.24007936507934,12.716666666666667
1862,17158,434.25288113269676,82.07408626934475
1862,17229,152.4377876397107,141.99498685075608
1863,17352,270.5170293282876,20.66177861873226
1863,17158,435.0599547511312,81.87518853695325
1863,17229,150.6426962398198,142.55813550511178
1863,17407,435.0599547511312,81.87518853695325
1863,17091,150.6426962398198,142.55813550511178
1865,17352,264.8520109332292,10.13627489262007
1865,17158,435.0433969322858,81.86195286195286
1865,17431,446.2930029154519,100.2930029154519
1865,17091,152.07820958228973,141.88131211117394
1866,17352,264.8908777969019,9.992771084337349
1866,17158,434.7952398942199,81.73252738949755
1866,17431,446.5412198391421,100.40281501340482
1866,17229,149.4450498784475,139.67239500377232
1867,17352,265.42774171506665,10.455756747523061
1867,17407,435.62296195652175,80.74864130434783
1867,17431,446.3363725170954,100.30153044610876
1867,17229,147.67310051525314,142.85515662059376
1868,17352,264.88312693498455,10.069659442724458
1868,17158,434.77224459904795,81.78286341999268
1868,17431,452.8482914006759,87.16034547502817
1868,17229,145.57791637385805,141.24051300070275
1869,17158,434.88726207906296,81.84297218155197
1869,17431,446.32944180955855,100.3334549434513
1869,17229,147.2797729967813,141.42724038624428
1870,17158,434.92536720921,81.76220722508933
1870,17431,447.0150554675119,100.2000792393027
1870,17229,146.6959374211456,142.1667087223484
1871,17352,264.67791290702235,9.100823852491173
1871,17407,434.95007396449705,81.74186390532545
1871,17431,446.5878721859114,100.42302106027596
1871,17229,145.75496333392954,139.1624038633518
1871,17158,434.95007396449705,81.74186390532545
1871,17462,446.5878721859114,100.42302106027596
1871,17464,145.75496333392954,139.1624038633518
1873,17352,265.0624303232999,10.243403939056112
1873,17407,435.16407061266875,81.73935617860852
1873,17431,446.17508650519034,100.68304498269896
1873,17464,144.1033500837521,140.31222780569513
1874,17431,446.43822843822846,100.36091686091686
1874,17229,144.1950608114381,147.70736236189768
1874,17352,265.09536784741147,10.163487738419619
1874,17462,446.43822843822846,100.36091686091686
1874,17464,144.1950608114381,147.70736236189768
1876,17407,434.84,81.86181818181818
1876,17431,446.58530083777606,100.28560548362529
1876,17464,145.5740560615439,149.00026527544435
1877,17407,435.08252427184465,81.20537714712472
1877,17462,446.2997925311203,100.9353388658368
1877,17464,146.8809627627104,153.05214964681258
1878,17407,434.95909259947933,81.74377091855709
1878,17431,447.26082130965597,100.31927487976323
1878,17464,145.59825953906474,155.31806445443243
1879,17407,434.7650622685964,81.8313699091215
1879,17462,446.3898556090337,100.25657164013329
1879,17464,144.48215227712328,156.24863724283455
1879,17431,446.3898556090337,100.25657164013329
1879,17522,144.48215227712328,156.24863724283455
1881,17407,434.86614173228344,81.75340014316393
1881,17431,446.978856152513,100.20277296360486
1881,17522,144.55448884276078,158.12809202560112
1882,17407,435.1292491595069,81.81434441539037
1882,17462,446.9234218696102,100.1552259399793
1882,17522,145.48505931674248,160.82588529123183
1882,17431,446.9234218696102,100.1552259399793
1882,17464,145.48505931674248,160.82588529123183
1884,17407,434.7919860627178,81.7801393728223
1884,17462,446.25,100.66536827195468
1884,17464,143.5966185794358,159.5039970596343
1885,17407,434.3144278606965,82.28109452736318
1885,17462,446.17723123732253,100.42824543610547
1885,17522,142.56248714608898,165.4985260848701
1886,17462,446.20470162748643,100.41916817359855
1886,17522,141.7033089257577,168.9480025952359
1887,17462,446.4951802927526,100.34701892181364
1887,17522,143.09613309352517,170.19073741007193
1887,17407,434.76764076977906,81.60228082679971
1887,17464,143.09613309352517,170.19073741007193
1889,17407,434.1656662665066,82.12124849939975
1889,17462,452.4421583850932,87.0042701863354
1889,17464,145.18758697467297,170.72446423601448
1890,17407,433.89387436597735,82.88841201716738
1890,17464,147.7295213016082,174.80268973949026
1890,17462,446.79231337767925,100.12342941611234
1890,17522,147.7295213016082,174.80268973949026
1892,17407,434.04587869362365,82.24533437013997
1892,17462,452.89376613795645,87.88085577277758
1892,17522,149.2663248785753,177.67799964022305
1893,17407,435.0437178545187,81.8460690668626
1893,17522,153.91695749440717,180.437225950783
1894,17462,452.38884866039103,87.04199855177407
1894,17522,154.9939721097616,180.8915879442195
1895,17407,435.77562225475845,81.01830161054173
1895,17462,446.45474532795896,100.41407108831073
1895,17522,155.7428517682468,180.49548532731376
1895,17656,264.844114102049,10.118521494576136
1895,17659,435.77562225475845,81.01830161054173
1895,17662,155.7428517682468,180.49548532731376
1897,17656,264.58566853482785,9.126501200960767
1897,17659,434.8856057408189,81.5791473195441
1897,17462,446.3321479374111,100.41820768136557
1897,17522,156.57975431790894,181.15008774360396
1898,17407,434.30450194966323,82.16341722793335
1898,17662,159.66629077029842,180.45862248438584
1898,17659,434.30450194966323,82.16341722793335
1898,17462,452.4798598949212,86.89457092819615
1898,17522,159.66629077029842,180.45862248438584
1900,17656,264.5201465201465,9.152218152218152
1900,17659,434.4841358715939,81.72751026502426
1900,17462,452.45147839272175,86.85633055344958
1900,17522,162.47346430793849,179.97013067828252
1901,17656,264.9232424677188,10.090746054519368
1901,17659,434.8909691629956,81.8953744493392
1901,17662,165.5967728237792,179.68815286624204
1901,17407,434.8909691629956,81.8953744493392
1901,17462,446.2759784075574,100.26113360323886
1901,17522,165.5967728237792,179.68815286624204
1903,17659,434.89273987595766,81.7942356804086
1903,17462,446.4344429347826,100.29008152173913
1903,17662,167.64851820491108,182.07366638442
1904,17659,434.81974248927037,81.6541487839771
1904,17462,452.5340296495957,86.85680592991913
1904,17522,162.77320111873888,179.54801254343587
1905,17656,264.95795548227534,10.113355317394888
1905,17659,435.1817496229261,81.2156862745098
1905,17462,452.83313515655965,86.83353151010701
1905,17522,161.4828025477707,179.54367606915378
1906,17656,265.2107422603506,10.97053338306602
1906,17659,434.98786692759296,81.62035225048923
1906,17462,452.4412207987943,86.87792012057272
1906,17662,162.70475514549327,178.49813697657913
1906,17522,162.70475514549327,178.49813697657913
1908,17656,264.7885331347729,9.935219657483247
1908,17659,435.16610296880873,81.33633972190906
1908,17662,162.17764915405164,180.60837043633126
1909,17462,447.50147167034584,99.95621780721119
1909,17662,163.5491818181818,181.56181818181818
1909,17522,163.5491818181818,181.56181818181818
1911,17659,434.693929480189,81.78298800436205
1911,17462,445.26345716451857,100.73502653525398
1911,17662,162.6212668487358,183.97471588406307
1912,17656,264.72362012987014,9.946022727272727
1912,17659,434.9142176330421,81.78911834789515
1912,17662,161.42690839694657,189.831393129771
1913,17656,264.9299597855228,10.074396782841823
1913,17659,434.81442241968557,81.9002050580998
1913,17662,162.17550923732827,193.46952471182695
1914,17659,434.80926768721554,81.87381050889533
1914,17662,159.93759571209802,195.24980857580397
1914,17813,434.80926768721554,81.87381050889533
1914,17462,446.57473760405355,100.21425986246834
1914,17815,159.93759571209802,195.24980857580397
1916,17656,264.9685884691849,10.049701789264414
1916,17659,434.95200661977657,81.95904013239553
1916,17815,159.14480745692495,194.41436776198097
1917,17656,264.8432715551974,9.097904915390814
1917,17659,435.09726688102893,81.76969453376206
1917,17815,159.82314681970348,195.76757532281206
1917,17813,435.09726688102893,81.76969453376206
1917,17462,452.1034771679933,87.67867616254713
1917,17662,159.82314681970348,195.76757532281206
1919,17656,264.9755102040816,10.063450834879406
1919,17813,434.2751555067691,82.15294548115624
1919,17462,446.63555078683834,100.32188841201717
1919,17815,160.70460116914953,194.62285498774278
1920,17656,265.0208574739282,10.117806102742371
1920,17659,435.0202874049028,81.35502958579882
1920,17462,447.21971034969977,100.17767573295656
1920,17815,163.71083753392787,197.73138813493603
1921,17656,265.33427561837453,11.032862190812722
1921,17659,434.6857252494244,81.75748273215656
1921,17462,446.4007304116866,100.16401062416999
1921,17815,166.00459261779213,199.44548392583772
1922,17656,265.2009327633113,10.229304314030315
1922,17813,434.22579380635045,82.31595452763622
1922,17462,447.09006099748837,100.086472909939
1922,17815,167.05683651200303,201.70319764683558
1922,17659,434.22579380635045,82.31595452763622
1922,17881,447.09006099748837,100.086472909939
1922,17882,167.05683651200303,201.70319764683558
1924,17813,434.19530710835056,82.20565907522429
1924,17881,445.43468715697037,100.77680204903037
1924,17882,164.80257246057616,199.64285085014535
1925,17813,434.83362521891416,81.77057793345008
1925,17881,446.37607449856733,100.35995702005731
1925,17882,164.4918002579694,198.79178183158282
1925,17656,265.0497196261682,10.242616822429905
1925,17659,434.83362521891416,81.77057793345008
1925,17462,446.37607449856733,100.35995702005731
1925,17815,164.4918002579694,198.79178183158282
1927,17659,434.9480883900386,81.317783233953
1927,17881,446.4467376830892,100.30792276964048
1927,17882,164.8890894323617,199.19086725024817
1928,17656,264.8272937548188,9.78141865844256
1928,17659,434.7956152758133,81.78748231966054
1928,17462,446.474428726877,100.21363801233224
1928,17882,165.43198426082068,200.286303166573
1928,17813,434.7956152758133,81.78748231966054
1928,17881,446.474428726877,100.21363801233224
1928,17815,165.43198426082068,200.286303166573
1930,17656,265.0836,10.067599999999999
1930,17659,434.8121118012422,81.7725155279503
1930,17881,447.1866235167206,99.7766990291262
1930,17882,168.1042105263158,198.33315789473684
1930,17813,434.8715203426124,81.63133476088508
1930,17462,446.33380084151474,100.23106591865357
1930,17815,167.65893333333332,199.85226666666668
1932,17656,265.0855088914113,10.364358683314414
1932,17659,434.8192028985507,81.71231884057971
1932,17462,446.3523622047244,100.34547244094489
1932,17815,163.63321086118827,201.90922125638497
1933,17659,434.84477296726504,81.76099964801126
1933,17462,446.3693631669535,100.17487091222031
1933,17882,162.01919577874818,202.52893013100436
1933,17813,434.84477296726504,81.76099964801126
1933,17881,446.3693631669535,100.17487091222031
1933,17815,162.01919577874818,202.52893013100436
1935,17656,264.9537426408747,10.198065601345668
1935,17659,435.76482701812193,81.1503294892916
1935,17881,447.3607463718037,100.29509329647547
1935,17882,161.4557958641624,203.62303168279263
1936,17656,264.92017302398745,10.145104207628785
1936,17659,434.81478687287813,81.9460580912863
1936,17881,446.2782033426184,100.61803621169916
1936,17882,161.73423805484873,207.02365469795495
1936,17813,434.81478687287813,81.9460580912863
1936,17462,446.2782033426184,100.61803621169916
1936,17815,161.73423805484873,207.02365469795495
1938,17813,434.7120058034095,81.829162132753
1938,17462,446.9379141960237,100.21590512731078
1938,17882,161.91191661188844,208.59845994929103
1939,17659,433.9576535925026,82.6657410621312
1939,17881,446.5205768554344,100.31058740766795
1939,17882,162.18118189067067,208.28962523256845
1940,17813,435.21459600347526,81.21778163915435
1940,17881,446.15359024119766,100.70252287219296
1940,17882,158.1796964256569,210.27321690876448
1941,17659,435.55286671630677,80.92702903946389
1941,17881,446.4975795297372,100.16459197786999
1941,17882,156.58544303797467,212.79181051016494
1941,17813,435.55286671630677,80.92702903946389
1941,17462,446.4975795297372,100.16459197786999
1943,17813,434.8070366340225,81.8113891911498
1943,17462,447.03327495621716,100.05954465849388
1943,17882,155.99047352199494,210.6159521808163
1944,17659,434.2671353251318,82.19718804920913
1944,17462,447.11036789297657,100.19765886287625
1944,17813,434.2671353251318,82.19718804920913
1944,17881,447.11036789297657,100.19765886287625
1944,17882,157.97261426301523,211.21431909524256
1946,17813,434.23340471092075,82.09707351891507
1946,17462,446.4649153128241,100.07431731766333
1946,17882,157.52645233021403,212.78004262021682
1947,17813,435.44874551971327,81.40501792114695
1947,17462,445.36285166240407,101.10134271099744
1947,17882,155.70025460242852,215.5979240109675
1948,17659,434.7404483738554,81.8193874329018
1948,17881,446.3593252705283,100.66645448758753
1948,17882,155.0235190097259,218.07170645446507
1949,17813,435.8021582733813,80.8273381294964
1949,17881,446.99105071262846,100.10739144845873
1949,17882,156.8472892421232,222.12290661368152
1949,17659,435.8021582733813,80.8273381294964
1949,17462,446.99105071262846,100.10739144845873
1949,18104,156.8472892421232,222.12290661368152
1951,17659,434.9775024453864,81.86110205412456
1951,17462,445.91349583828776,101.00029726516053
1951,18104,158.80501595987232,224.27460100319198
1952,17813,434.8853177501826,81.92695398100804
1952,17881,446.3462041884817,100.70909685863874
1952,18104,156.5697628458498,228.69347826086957
1952,17659,434.8853177501826,81.92695398100804
1952,17462,446.3462041884817,100.70909685863874
1952,17882,156.5697628458498,228.69347826086957
1954,17659,436.4295081967213,80.5176684881603
1954,17881,446.4272754762625,100.69005140610825
1954,18104,155.44927679809788,228.72052704576976
1955,17659,435.5980427691193,81.08191373686118
1955,17881,446.3754584861621,100.5621873957986
1955,17882,157.11375789985416,234.28381137578998
1955,17813,435.5980427691193,81.08191373686118
1955,17462,446.3754584861621,100.5621873957986
1955,18104,157.11375789985416,234.28381137578998
1957,17813,435.64296351451975,81.03611317944899
1957,17881,447.34737620103476,100.16038433111603
1957,18104,157.80779529901815,234.31528314985619
1957,17659,434.8512473052048,81.81706190329535
1957,17462,446.9745356500899,100.2663271420012
1957,17882,157.6343958352361,234.86638049136909
1959,17813,436.6125126135217,80.06231079717458
1959,17462,446.0343032883842,101.03501301159214
1959,17882,160.68345167367048,237.4500796985944
1960,17659,434.2758620689655,82.17728635682158
1960,17462,446.31346578366447,100.75938189845475
1960,18104,162.06368260427263,236.07151576805697
1960,17813,434.2758620689655,82.17728635682158
1960,17881,446.31346578366447,100.75938189845475
1960,17882,162.06368260427263,236.07151576805697
1962,17813,434.8301340094169,81.97102499094531
1962,17881,445.8430212321615,100.62095370692656
1962,17882,163.30979117415288,236.4131205673759
1963,17659,435.2632594021215,81.2282224365156
1963,17881,446.543498309253,100.36858284660313
1963,17882,167.88134015821313,236.35932992089343
1963,17813,435.2632594021215,81.2282224365156
1963,17462,446.543498309253,100.36858284660313
1963,18104,167.88134015821313,236.35932992089343
1965,17813,435.2951807228916,81.26472556894244
1965,17881,446.3905306641246,100.24531299650461
1965,17882,165.99896059718415,236.15921761315317
1965,17659,434.92621303474016,81.77548090726386
1965,17462,446.0674495633845,100.710027100271
1965,18104,165.96461324687354,236.30254747568318
1967,17659,434.84148307361636,81.77780763030628
1967,17881,447.1956204379562,100.24175182481751
1967,18104,163.95078429745206,243.17254543945555
1968,17659,434.7921135646688,81.85236593059938
1968,17462,447.0990519777705,99.97384766263485
1968,18104,161.8407323088598,244.01062416998673
1968,17813,434.7921135646688,81.85236593059938
1968,17881,447.0990519777705,99.97384766263485
1968,17882,161.8407323088598,244.01062416998673
1970,17813,434.1208372978116,82.52489692356485
1970,17462,445.94596235579843,100.64541590771098
1970,17882,161.64573526642818,247.19694972698173
1971,17659,434.96406995230524,81.25786963434022
1971,17462,446.4613230661533,100.42387119355968
1971,18104,159.80495818399044,245.52568697729987
1971,17813,434.96406995230524,81.25786963434022
1971,17881,446.4613230661533,100.42387119355968
1971,17882,159.80495818399044,245.52568697729987
1973,17659,434.9605477665471,81.57287251385719
1973,17462,447.1104899704045,100.0082209799408
1973,17882,156.41100291135427,245.78335508483084
1974,17659,434.9487022900763,81.73038167938931
1974,17462,446.4068071312804,100.40259319286872
1974,18104,157.48712365082372,246.51050937322478
1974,17813,434.9487022900763,81.73038167938931
1974,17881,446.4068071312804,100.40259319286872
1974,17882,157.48712365082372,246.51050937322478
1976,17813,434.27629354075077,81.80486980047345
1976,17881,446.1949384404925,100.71067031463748
1976,18104,156.1950455302066,247.6876529912856
1976,18359,264.9716098864395,10.354709418837675
1976,17659,434.9612307692308,81.50676923076924
1976,17462,446.5020880179891,100.4246707356248
1976,17882,155.10034602076124,250.62427912341408
1978,18359,265.010394265233,10.291397849462365
1978,17813,434.5818048422597,82.41415994130594
1978,17462,452.33696021761307,86.80720843250594
1978,17882,155.61846379545216,252.8404065807398
1979,18359,264.58879694462127,9.232336091661363
1979,17462,452.39035714285717,86.78642857142857
1979,17813,432.47343565525387,96.33293978748524
1979,18104,154.59525450428276,255.64448163827902
1979,17881,432.47343565525387,96.33293978748524
1979,17882,154.59525450428276,255.64448163827902
1981,18400,434.93827574639386,81.5229788661523
1981,17813,446.45284938941654,100.34226594301221
1981,18104,154.75257635375678,258.2968896383736
1982,18359,264.791757840992,10.274981765134939
1982,18400,434.8418240114001,81.66191663697899
1982,17813,446.11331058020477,100.62491467576791
1982,18104,155.5915306122449,258.0027551020408
1982,18425,434.8418240114001,81.66191663697899
1982,17881,446.11331058020477,100.62491467576791
1982,17882,155.5915306122449,258.0027551020408
1984,18359,264.4868606951116,9.268719977394746
1984,18400,435.0040415704388,81.7378752886836
1984,17881,452.8175263449806,87.57210205213534
1984,18104,151.56862570230982,255.42664764113084
1984,18425,434.9450161717142,81.9056159952955
1984,17882,149.12365145228216,256.6259105578608
1986,18359,264.71180207288535,9.237044466733533
1986,18400,434.96599537801256,81.66061406404754
1986,17813,446.5379746835443,100.28149487643158
1986,17882,147.56115455159764,257.27377159957524
1987,18359,265.0023255813953,10.008139534883721
1987,18400,435.15402124430955,81.65477996965099
1987,17813,447.148782996229,100.05005142269455
1987,18104,146.8575406549343,259.32490532412567
1987,18425,435.15402124430955,81.65477996965099
1987,17881,447.148782996229,100.05005142269455
1987,17882,146.8575406549343,259.32490532412567
1989,18359,264.9451219512195,10.179878048780488
1989,18425,434.8834214002642,81.79458388375166
1989,17813,447.0128595600677,100.21015228426396
1989,18104,144.55959679933494,259.4724098513977
1990,18359,265.08394403730847,10.006995336442372
1990,18425,434.8208647906657,81.84488675360329
1990,17813,446.85461820606866,100.24241413804602
1990,18104,146.07784615384617,258.6198974358974
1990,18400,434.8208647906657,81.84488675360329
1990,17881,446.85461820606866,100.24241413804602
1990,17882,146.07784615384617,258.6198974358974
1992,18359,265.08794326241133,10.109929078014185
1992,18400,434.7019647019647,81.81385281385282
1992,17881,452.8673995190656,86.95740295431123
1992,18104,147.68767787498683,260.02561399810264
1992,18425,435.64001254311694,81.11853245531515
1992,17813,452.32628676470586,87.18259803921569
1992,17882,150.7136694785276,261.07601610429447
1994,18425,435.4971786833856,81.18119122257053
1994,17813,452.30995837335894,86.99231508165225
1994,17882,151.8824154589372,260.5804830917874
1995,18400,433.9007583250907,82.58160237388724
1995,17813,446.05709342560556,100.36470588235294
1995,18104,150.8941740781453,262.76166683321674
1995,18425,433.9007583250907,82.58160237388724
1995,18508,446.05709342560556,100.36470588235294
1995,17882,150.8941740781453,262.76166683321674
1997,18400,435.0226734348562,81.04060913705584
1997,18508,446.8771418155304,100.11666059059424
1997,17882,151.55071398572028,262.88198236035277
1998,18400,434.38069956277326,82.6208619612742
1998,17813,446.12422907488985,100.4223201174743
1998,17882,151.93472460453592,265.0305889079474
1998,18425,434.38069956277326,82.6208619612742
1998,18508,446.12422907488985,100.4223201174743
1998,18104,151.93472460453592,265.0305889079474
2000,18425,434.7638376383764,81.88728614558873
2000,17813,446.31247863247864,100.62700854700854
2000,18104,153.24703087885985,266.17748218527316
2000,18508,446.4461637653127,100.67762733720181
2000,17882,152.57737707965424,263.5700343898132
2002,18574,282.02251407129455,12.545590994371482
2002,18425,435.67306374228923,80.97018505825908
2002,18508,447.417110401136,99.9765708200213
2002,17882,154.05885327131156,263.34047932045706
2003,17813,446.18652674339876,100.6513202437373
2003,17882,154.260017809439,264.2808944296032
2003,18574,269.64486326681447,19.980044345898005
2003,18425,435.23412240184757,81.05600461893765
2003,18508,452.28421683138663,87.19466906259359
2003,18104,151.5316067146283,265.8740527577938
2005,18574,270.03067226890755,20.0
2005,18425,435.7266775777414,80.81931260229132
2005,17813,446.3178195728403,100.47625119540963
2005,18104,151.04393164043643,266.2604035917737
2006,18574,264.9011060507482,9.39622641509434
2006,18508,447.1357947434293,100.22371714643305
2006,18104,149.8588367099244,268.0766501727196
2006,18425,435.68651315789475,81.08421052631579
2006,17813,447.1357947434293,100.22371714643305
2006,17882,149.8588367099244,268.0766501727196
2008,18574,265.02476999292287,10.152158527954708
2008,18508,446.3671530369868,100.2884289107567
2008,18104,151.0660564310654,268.8791167311503
2008,18425,434.78468899521533,81.80551646495918
2008,17813,452.4725703146756,87.14424951267057
2008,17882,155.2635083874231,270.0289977240158
2010,18574,265.2396694214876,10.211379529561349
2010,18425,434.9154619736015,81.82998114393463
2010,18508,445.9118465821219,100.67738942158985
2010,17882,157.1206687213972,270.75184458765295
2011,18574,265.044473946233,10.12147361433787
2011,18508,446.28854561352375,100.46458758379481
2011,17882,156.10496125591226,273.9989936600584
2011,18425,434.8621174815336,81.95286669011608
2011,17813,452.43413277719844,86.72471324296141
2011,18104,153.78175824175824,274.47604395604395
2013,18574,265.17367706919947,9.985753052917232
2013,17813,452.184421534937,86.82302405498282
2013,17882,156.68229505152726,277.19756754247516
2014,18425,434.7497456765005,81.94303153611393
2014,18508,446.4730170228178,100.30930822165882
2014,17882,157.821517598963,281.7721607338718
2014,17813,446.4730170228178,100.30930822165882
2014,18104,157.821517598963,281.7721607338718
2016,18425,434.4175724637681,82.42572463768116
2016,17813,452.51921303412234,87.13587457731325
2016,18104,156.50243945710992,283.185043910228
2017,18574,265.23981077147016,10.09315866084425
2017,18508,446.4290969899666,100.24615384615385
2017,18104,159.95831671320303,282.11537694455524
2017,18425,434.7860465116279,81.91806797853309
2017,17813,446.4290969899666,100.24615384615385
2017,17882,159.95831671320303,282.11537694455524
2019,18425,435.4944,81.2816
2019,17813,447.0373177842566,100.19125364431487
2019,17882,157.90504807692307,284.5691568047337
2019,18574,265.1866010598032,10.017411052233157
2019,18508,446.3551136363636,100.33345170454545
2019,18104,159.01682667492517,286.22514710436667
2021,18508,446.4663852879108,100.38016279770878
2021,18104,159.26820688343793,289.28788743107054
2022,17813,446.54227053140096,100.32306763285024
2022,17882,160.8545504536706,293.3689854275502
2022,18574,264.95202172601086,10.081472540736272
2022,18508,446.54227053140096,100.32306763285024
2022,18104,160.8545504536706,293.3689854275502
2024,18508,446.3557005281143,100.73438956197577
2024,18104,163.17922606924643,291.56045176819106
2025,17813,452.5874717832957,86.85581264108352
2025,17882,161.983086502861,292.88623359138336
2025,18789,434.8742824339839,81.89121699196326
2025,18790,452.5874717832957,86.85581264108352
2025,18104,161.983086502861,292.88623359138336
2027,18790,452.99678353168224,87.10485686715985
2027,17882,161.8722675064839,292.2413856984068
2027,18789,434.80492218602967,81.75352877307274
2027,17813,452.5888378664783,86.70752384316496
2027,18104,163.46640826873386,294.2262969588551
2029,18789,435.7548559946417,81.09109176155391
2029,18790,446.9152144772118,100.13337801608579
2029,18104,163.83678227921888,295.95870980277857
2030,18789,434.76237276237276,81.91119691119691
2030,17813,446.2645794966237,100.23971761817066
2030,17882,167.13786626596544,299.13871149511647
2030,18839,434.2632554690397,82.79940674823878
2030,18790,446.2032868881744,100.27438370846731
2030,18104,167.2722271342961,300.409470478436
2032,18789,434.81634782608694,81.88278260869565
2032,17813,446.2962043277758,100.26640652713728
2032,18104,167.1246719160105,300.5292751867555
2033,18789,435.6928900592495,81.10006583278472
2033,18790,446.534306116113,100.36262030425334
2033,18104,164.83419640335185,301.5074851708879
2033,18839,435.6928900592495,81.10006583278472
2033,17813,446.534306116113,100.36262030425334
2033,17882,164.83419640335185,301.5074851708879
2035,18789,434.2820714005492,82.54923499411534
2035,17813,452.4601801801802,87.19603603603603
2035,18104,165.1109110911091,298.36123612361234
2035,18876,264.8681866761667,9.298183113644459
2035,18839,434.33353733170134,82.11444308445533
2035,18790,446.9248142644874,100.09687964338781
2035,17882,167.260873424463,297.5320433161726
2037,18876,264.7498369210698,8.970319634703197
2037,18839,435.6962136777223,81.12855884942765
2037,18790,446.48108747044915,100.30289598108747
2037,17882,168.70325915542315,293.7049237778167
2038,18839,434.4548776032152,81.81037632444281
2038,18790,447.0594451783355,100.01420079260238
2038,17882,167.28251831320532,294.7317362898436
2038,18876,264.22944483485594,8.131412508784258
2038,18789,434.3073873873874,82.42738738738738
2038,17813,447.10236966824647,99.96303317535545
2038,18104,167.5778793941126,298.0232447365914
2040,18839,435.7141203703704,80.84336419753086
2040,18790,446.582295988935,100.04426002766252
2040,18104,168.13982923154194,297.7220492214967
2041,18876,269.8555304740406,19.971783295711063
2041,18789,435.0453265765766,81.25028153153153
2041,18790,447.153759504365,100.0321036327795
2041,18104,172.9978685030333,298.9003935071323
2041,18839,435.0453265765766,81.25028153153153
2041,17813,447.153759504365,100.0321036327795
2041,17882,172.9978685030333,298.9003935071323
2043,18839,435.46733001658373,80.93466003316749
2043,18790,452.39978292329954,87.89182344428365
2043,17882,176.19051291939837,300.19890088700345
2043,18876,264.54029658284975,8.956479690522244
2043,18789,435.0229671011794,81.78057107386716
2043,17813,452.0743703703704,86.93896296296296
2043,18104,179.91553912093454,300.1506008908312
2045,18876,264.7341624562767,9.144966964632724
2045,18789,434.04543761638735,82.70875232774674
2045,18790,446.5009160864786,100.22132649322096
2045,18104,180.613762031538,296.8567479008806
2046,18839,434.9056851790996,81.8892540256326
2046,17813,452.1156527249683,87.05038022813689
2046,18104,181.55907886320023,297.98062688476654
2046,18876,264.91483952971083,9.24880838894185
2046,18790,446.09548825710755,100.28646477132261
2046,17882,181.26953954046323,298.0991971947956
2048,17813,452.3039745627981,86.93481717011129
2048,17882,181.45580136283021,299.7747596378232
2049,18876,264.74233896185115,9.290181363352094
2049,18839,435.40842733908426,80.96516257465163
2049,18790,446.5290955091714,100.15338393421885
2049,18104,181.9172745063156,300.41122576054084
2049,18789,435.40842733908426,80.96516257465163
2049,17813,446.5290955091714,100.15338393421885
2049,17882,181.9172745063156,300.41122576054084
2051,18876,264.9345063538612,10.03388725969371
2051,18789,433.8872155287818,82.79149933065595
2051,17813,452.56405640564054,87.1029102910291
2051,17882,181.48812207386857,298.59961851916074
2052,18789,435.5024441340782,81.46857541899442
2052,17813,446.95514258250563,99.97212431912848
2052,18104,177.83834439672003,299.57809449433813
2052,18839,435.5024441340782,81.46857541899442
2052,18790,446.95514258250563,99.97212431912848
2052,17882,177.83834439672003,299.57809449433813
2054,18839,435.1122584943371,81.66788807461693
2054,17813,452.48077589192934,87.15898856944925
2054,18104,179.44157237612174,298.94030433086226
2054,18876,264.8557438794727,10.167608286252353
2054,18789,434.2044138929088,82.4265557163531
2054,18790,447.09785714285715,100.09321428571428
2054,17882,182.70351319875778,300.06356754658384
2056,18876,265.0534429599178,10.224306269270297
2056,18790,446.35402170887835,100.27414416921792
2056,17882,182.9778744182498,298.1696040283818
2057,18839,434.3062146892655,82.15988700564972
2057,18790,452.48530212302666,86.94039194338596
2057,17882,180.6079791139757,297.65342253406214
2057,18789,434.22650680492546,82.17109526895658
2057,17813,452.80675359411566,87.01504513540621
2057,18104,177.71466641286762,292.98420100885124
2059,18789,434.07601184600196,82.66140177690029
2059,18790,446.98600508905855,100.09382951653944
2059,18104,178.83334895491612,294.7286531071328
2060,18876,264.9908854166667,10.116536458333332
2060,18839,434.92270375161706,81.63324708926261
2060,17813,447.85544672009496,99.48738498070644
2060,17882,182.094154676259,293.42643884892084
2060,18789,434.92270375161706,81.63324708926261
2060,18790,447.85544672009496,99.48738498070644
2060,18104,182.094154676259,293.42643884892084
2062,18876,264.8628907458991,9.415351284432065
2062,18789,435.94635447540014,80.94013040901008
2062,18790,447.0437481525273,100.27992905704996
2062,18104,184.75720736366793,294.09864536297323
2062,18839,435.19819140919367,81.80406932931425
2062,17813,446.3169642857143,100.46634615384616
2062,17882,186.09626679940268,293.81921353907416
2064,18876,265.0686141304348,10.097826086956522
2064,18839,434.85664335664336,81.69008264462809
2064,18790,452.3809957498482,87.01092896174863
2064,17882,187.79111347141088,293.14922995220394
2065,19153,264.49898921832886,9.234501347708896
2065,18839,434.9449512425291,81.75432525951557
2065,18790,452.4290322580645,86.95
2065,17882,190.6811202317721,292.7889908256881
2065,18876,265.00978535353534,9.327335858585858
2065,18789,435.23217854763493,81.33177881412392
2065,17813,452.381990521327,87.0872037914692
2065,18104,189.93184443588757,294.4296303427031
2067,18876,264.91548295454544,9.335582386363637
2067,17813,447.0321924771264,100.00677736360555
2067,18104,190.29328496859242,294.73768026187736
2068,19153,264.86990291262134,9.366601941747572
2068,18789,434.95137880986937,81.94121915820028
2068,18790,452.5861038475906,87.9454613373179
2068,17882,187.0151996151996,297.7286195286195
2068,18876,264.86990291262134,9.366601941747572
2068,18839,434.95137880986937,81.94121915820028
2068,17813,452.5861038475906,87.9454613373179
2068,18104,187.0151996151996,297.7286195286195
2070,18876,264.834250764526,9.251681957186545
2070,18839,435.86961549580803,80.80167678519804
2070,17813,452.86831512363426,87.15727429557217
2070,18104,186.83041792330891,296.133132270573
2070,18789,435.6963210702341,81.05217391304348
2070,18790,452.8054106910039,87.08963494132986
2070,17882,185.50752184487885,295.96576884965316
2072,19153,264.90805008944545,9.98103756708408
2072,18789,434.99393552505586,81.76540057452921
2072,18790,452.401116149285,86.85978374607603
2072,17882,186.12228134042752,294.8563427611313
2073,18789,435.10091743119267,81.27203829278021
2073,18790,452.3355795148248,87.26920485175202
2073,18104,185.99376122506854,296.2533320729748
2073,19153,265.36801405975393,11.1103690685413
2073,18839,435.10229007633586,80.91412213740458
2073,17813,446.78600133958474,100.1098459477562
2073,17882,181.62126345157432,296.06187724192904
2075,19153,269.67292527224936,20.057453999248967
2075,18789,434.7639688452421,82.01354554690145
2075,17813,446.4113323124043,100.40061255742725
2075,17882,182.46288714845141,299.71662513349946
2076,19153,264.888162422574,10.231245698554714
2076,18789,434.79272598870057,81.92690677966101
2076,17813,445.8676675977654,100.76780726256983
2076,17882,183.1694049939664,299.5225099786503
2076,18839,434.79272598870057,81.92690677966101
2076,18790,445.8676675977654,100.76780726256983
2076,18104,183.1694049939664,299.5225099786503
2078,18839,434.4407262370951,82.44072623709505
2078,17813,447.0728371501272,100.13199745547074
2078,18104,184.25371900826445,300.7960514233242
2078,19153,264.7477013607944,9.968002942258183
2078,18789,434.87562366357804,81.88524590163934
2078,18790,446.3841935483871,100.36193548387097
2078,17882,183.21087873784626,305.13217758209504
2080,19153,265.02217602217604,10.04054054054054
2080,18839,434.33860652978797,82.2376304274655
2080,17813,452.33460196638123,87.267364414843
2080,17882,182.62677670793215,307.08005502063276
2081,19153,270.4710672953279,20.821688812687526
2081,18790,446.3253740846864,100.38172556510665
2081,18104,181.5805022156573,305.8524741506647
2081,18789,434.78641155798516,81.94142912924639
2081,17813,452.5491004497751,87.31671664167916
2081,17882,179.84612333928217,306.4443783462225
2083,18789,434.93815174397696,81.83135562747213
2083,17813,452.29216558330484,87.45022237427301
2083,17882,181.29388816644993,308.50685205561666
2084,19153,282.6818903891978,13.517871326449562
2084,18789,435.74768518518516,80.89351851851852
2084,17813,452.5456403269755,86.97411444141689
2084,17882,178.13833157338965,307.0719976960737
2084,18839,434.1464325737766,82.68397459843108
2084,18790,446.370458135861,100.39060031595577
2084,18104,177.85119173170216,306.4271250790972
2086,19153,282.7005287009063,13.756042296072508
2086,18789,435.80706605222736,80.84700460829492
2086,17813,452.51670309085233,87.03403059631596
2086,17882,175.47953810623557,307.981247113164
2087,18789,434.8579156148576,81.90155066714749
2087,18790,446.03092783505156,100.71408934707904
2087,18104,173.99720374120142,308.2009449426285
2087,18839,434.8579156148576,81.90155066714749
2087,19343,446.03092783505156,100.71408934707904
2087,17882,173.99720374120142,308.2009449426285
2089,18839,434.0194495412844,82.84293577981651
2089,18790,446.80006555227794,100.20681743690594
2089,17882,174.57225316455697,308.81620253164556
2089,19365,264.82252440725244,10.042887029288703
2089,19343,447.03776978417267,100.32697841726619
2089,18104,174.7832188135101,310.5519210297106
2091,18789,435.65386204047917,80.89343246592317
2091,18790,446.3405445729206,100.64304364043268
2091,18104,177.85985599499114,312.13649170405927
2092,18839,434.7327731092437,81.89647058823529
2092,19343,446.4303443996277,100.17157927396835
2092,18104,173.8802494039978,310.1856776086558
2092,19365,269.1697936210131,18.809568480300186
2092,18789,434.89996030170704,81.7082175466455
2092,18790,446.11847826086955,100.38586956521739
2092,17882,172.00071044351975,310.47680909367705
2094,18839,434.7907658482961,81.87028215463539
2094,19343,452.50018804061676,87.07333584054156
2094,17882,171.21170610211706,308.9061212759843
2095,18839,434.8432888264231,81.96837666900913
2095,19343,446.4129053828151,100.09060514877967
2095,17882,168.28240326270765,307.60559037103354
2095,19365,264.5476933749566,9.317377731529657
2095,18789,434.8432888264231,81.96837666900913
2095,18790,446.4129053828151,100.09060514877967
2095,18104,168.28240326270765,307.60559037103354
2097,19365,264.8333900034002,10.171370282216934
2097,18839,434.9164851125635,81.71096586782862
2097,19343,447.07920458375463,99.99056285810583
2097,17882,167.6325272184218,305.2368243568745
2097,18789,435.0152949745084,81.21522214129644
2097,18790,446.34846846846847,100.0590990990991
2097,18104,167.1418008710625,309.6755798642763
2099,18789,435.4555595537963,81.16984526808204
2099,19343,447.02188354826103,99.97147323173114
2099,18104,168.584813160475,311.2692014380651
2100,19365,265.033850493653,10.164668547249647
2100,18789,434.77271107944426,81.8806555040969
2100,18790,446.16105518917044,100.6459562651857
2100,17882,171.3175318315377,309.75367286973557
2100,18839,434.13338503295853,82.53354013183404
2100,19343,447.0287603305785,100.1593388429752
2100,18104,170.09523325541213,311.35491411728833
2102,19365,265.10223266745004,10.130826478652565
2102,18839,434.30344305713203,82.28225501324253
2102,19343,452.09959573686143,87.75707460492465
2102,18104,168.4427876152014,313.3734078906493
2103,19365,264.78715459297985,10.116504854368932
2103,18839,435.04387568555757,81.2800731261426
2103,18790,446.3144611186903,100.20395634379264
2103,17882,164.06803975817195,314.65754687980325
2103,18789,435.04387568555757,81.2800731261426
2103,19343,446.3144611186903,100.20395634379264
2103,18104,164.06803975817195,314.65754687980325
2105,19365,264.87338976812663,10.131394920868605
2105,18789,434.74662979605944,82.13135153819564
2105,19343,446.0258407079646,100.82619469026548
2105,18104,160.79938062518147,313.8618987709281
2105,18839,434.80469953775037,81.81317411402158
2105,18790,446.2976625273923,100.3382030679328
2105,17882,160.6769936890419,312.56626506024094
2107,19365,265.1198003327787,10.295840266222962
2107,18789,434.1580575317043,82.51128982369316
2107,18790,452.5046638790608,87.0498552589257
2107,17882,163.18367716250452,311.8856315598987
2108,19365,264.73008507347254,9.348027842227378
2108,18789,434.9304095686843,81.74882203696991
2108,19343,446.34168564920276,100.68261199696279
2108,18104,165.28620581795434,311.1797518506934
2108,18839,435.08252762430936,81.5932320441989
2108,18790,447.0386637797711,100.10980513454996
2108,17882,165.510175010175,310.49440374440377
2110,18789,434.79514731369153,81.91507798960139
2110,18790,452.8927009754457,87.76051126807938
2110,17882,167.4730019393692,310.8114728998673
2111,19365,265.09699842022115,10.08088467614534
2111,18839,435.0949554896142,81.66231454005934
2111,18790,446.1849208811666,100.4526838349364
2111,17882,166.58317690176096,309.76678287297756
2111,18789,435.03279254401104,81.91508457024509
2111,19343,446.3376195186284,100.6815034619189
2111,18104,165.29782781984855,307.57921482662414
2113,19365,265.1497382198953,10.123211169284467
2113,18839,435.0198279087168,81.63823419378974
2113,18790,446.5670965493203,100.28476821192054
2113,18104,167.6837633731907,307.24617159639183
2113,19551,264.9287812041116,10.02826725403818
2113,18789,434.27080062794346,82.58869701726844
2113,19343,446.15663082437277,100.71971326164875
2113,17882,167.4161220043573,307.80921257391844
2115,19551,265.05162454873647,10.02129963898917
2115,18839,435.0690150970525,81.20345075485262
2115,18790,452.5455876968144,87.56499450750641
2115,17882,166.70715209390232,309.74485228290064
2116,19551,264.885549132948,9.284778420038535
2116,18839,435.5502915451895,80.95116618075802
2116,19343,446.2173913043478,100.08142962417097
2116,17882,166.81096369433303,310.1673351846138
2116,19365,265.25904486251807,11.13314037626628
2116,18789,434.1838017751479,82.24556213017752
2116,18790,452.52930852930854,87.58511758511759
2116,18104,167.92091836734693,308.86337868480723
2118,19365,265.15747432483835,10.278052491441613
2118,18789,434.8809375,81.8734375
2118,18790,452.5200553250346,86.7783540802213
2118,17882,166.76100628930817,310.152298016449
2119,19551,264.5698245614035,9.084912280701754
2119,18789,433.9257609502598,82.72123236822569
2119,18790,446.4865160349854,100.29373177842565
2119,17882,166.53433939020636,313.09352222564416
2119,19365,265.2057086614173,10.340223097112862
2119,19343,446.1131306800376,100.58696333437794
2119,18104,170.10959271168275,316.22659878528043
2121,19551,264.24518322629393,8.341140914242539
2121,18789,434.25894988066824,82.65513126491646
2121,19343,446.25888324873097,100.32526356891839
2121,18104,168.31685442414962,318.1416384118998
2121,19597,434.79401408450707,81.90387323943662
2121,18790,446.50480291487247,100.1139450149056
2121,17882,168.41286834852662,317.82669069323725
2123,19365,264.93019427066184,10.259466578860717
2123,19597,436.4370104438642,80.14686684073106
2123,18790,446.8881317433277,100.19108461101646
2123,17882,165.25554351039716,313.0380408002365
2124,19551,264.8941176470588,9.966844919786096
2124,18789,434.73639455782313,82.57312925170068
2124,18790,446.0662393162393,100.89779202279202
2124,18104,168.49058116232464,311.07855711422843
2124,19365,265.0847919097627,10.21120186697783
2124,19597,435.71899088997895,81.29292221443588
2124,19343,445.48535422343326,101.11989100817439
2124,17882,171.2726531444297,308.43247375394964
2126,19551,264.7975260416667,10.0439453125
2126,19597,434.9160583941606,81.64598540145985
2126,18790,446.91649392952326,100.16523541604975
2126,17882,173.1594293357111,309.54043691484617
2127,19551,265.2046370967742,10.151881720430108
2127,19343,446.5188067444877,100.3981841763943
2127,17882,175.81423390752494,309.6841341795104
2127,19365,265.4128601546029,10.449402670414617
2127,18790,447.26961358313815,100.22131147540983
2127,18104,172.80985656491356,310.15943361529975
2129,19551,264.91591807402085,9.922745238950773
2129,19597,434.23110151187905,82.18286537077034
2129,18790,446.9953901876852,100.12479420480737
2129,17882,175.03115769414006,311.44049547403523
2130,19365,270.54017857142856,21.082386363636363
2130,19597,434.8699382292382,81.79718599862731
2130,19343,446.2699012202208,100.45496804183614
2130,18104,176.1610650777395,314.4834745368215
2130,19551,269.9468085106383,19.96253469010176
2130,19672,435.11497047585965,81.6762764848906
2130,18790,446.53634840871024,100.41742043551089
2130,17882,176.90625308702954,317.151832460733
2132,19365,264.85992540406136,10.052217157065893
2132,19672,434.9761630142253,81.8162245290273
2132,19343,446.4657875980043,100.37491090520314
2132,17882,176.63969191812618,317.73232749525215
2132,19551,264.88335561497325,9.947192513368984
2132,19597,434.76356723124786,81.93259592118908
2132,18790,452.56775783174936,87.27807110172475
2132,18104,175.00671925211802,318.0049664037394
2134,19365,265.0606365159129,10.21574539363484
2134,19672,434.87221172022686,81.7523629489603
2134,19343,447.1315960912052,100.24104234527687
2134,18104,173.99055845721173,319.94807151466455
2135,19551,265.00557546794107,9.810434090003984
2135,19672,434.94076108277756,81.7528442526481
2135,18790,446.2759000734754,100.13115356355621
2135,17882,173.60519715059698,319.54941306310826
2135,19365,265.1497241922774,10.278565799842395
2135,19597,434.8139367816092,81.72557471264368
2135,19343,446.2591642228739,100.3991935483871
2135,18104,172.96625098970705,321.1353919239905
2137,18790,446.29811715481173,100.20013947001395
2137,17882,172.99588592800373,319.93894343151004
2138,19365,264.76513612352704,9.197480698902886
2138,19597,434.547745828896,82.48597799077032
2138,18790,447.07050645481627,99.96259516716319
2138,18104,175.87298747763865,319.8084926089822
2138,19551,264.40592271578186,9.262549656915855
2138,19672,434.91734727213327,81.90558640967004
2138,19343,446.2875772134523,100.11736444749485
2138,17882,177.81980703745742,318.44863791146423
2140,19365,264.7426500201369,9.252919855014095
2140,19597,433.93085453359424,82.77690802348337
2140,18790,452.40918163672654,87.14437791084498
2140,18104,177.61443728685109,317.1190791966654
2140,19672,434.03123915307185,82.7296077750781
2140,19343,447.10461114934617,99.98898830006883
2140,17882,180.7599663110612,316.45938611267076
2142,19365,265.23769168684424,10.4136400322841
2142,19672,434.32210953346856,82.2239350912779
2142,19343,446.82703927492446,100.50755287009063
2142,17882,182.1669302233643,315.75034591816564
2143,19365,265.408195429472,10.56501182033097
2143,19672,434.6804932735426,82.19581464872945
2143,18790,446.3050054015124,100.66834713719841
2143,18104,185.13045234248787,315.8355210016155
2143,19343,446.1660246533128,100.67681047765794
2143,17882,185.0399839663293,314.35444433309954
2145,19672,434.7705961152043,81.90924313462827
2145,19343,446.1153965785381,100.76360808709175
2145,17882,184.7151209858775,311.2170549608707
2146,19343,446.25779244591126,100.67913458012468
2146,17882,185.52888050813814,310.12187375942835
2146,19672,435.032612008534,81.23102712587625
2146,18790,446.3610518834399,100.84328358208955
2146,18104,183.05598139695115,311.771337524761
2148,19672,434.12961567445365,82.18914845516201
2148,19343,446.4532691536302,100.23626153229041
2148,18104,179.96151903848096,313.1405918594081
2148,18790,446.38309503784694,100.3713204373423
2148,17882,179.56096046367213,312.458393707307
2150,19672,434.7543361715547,81.7045096184169
2150,19343,452.92310220177455,87.05126519881696
2150,17882,177.8840133661625,313.77611677805135
2151,18790,446.40386643233745,100.3427065026362
2151,18104,174.74161441226238,314.68826515377725
2151,19672,435.1792687255946,81.11537096201633
2151,19343,452.91898922333706,87.0152359717577
2151,17882,173.8592621896944,312.24507961625955
2153,19672,435.2008733624454,81.30870003359087
2153,19343,452.84281057587833,87.84498370155741
2153,17882,172.87758654032103,310.11777219106557
2154,19856,264.6230738838404,9.370209403397865
2154,19343,452.3985725018783,86.52967693463562
2154,18104,173.49725004910627,308.9647417010411
2154,19672,435.4037558685446,80.91985244802146
2154,18790,446.1671675432006,100.74267468069121
2154,17882,174.03552902026036,308.28511304688266
2156,19672,435.7408602150538,81.06989247311827
2156,19343,453.03681942812375,87.66274970622797
2156,17882,174.10988680757288,308.4598817990584
2157,19856,264.61281337047353,9.338241146040588
2157,19672,435.44978783592643,81.48090523338048
2157,19343,452.52523431867337,86.73828406633021
2157,18104,174.25164901059364,310.39646212272635
2158,19856,264.6350442477876,9.395398230088496
2158,19672,435.83799259009766,80.998652745032
2158,19343,452.5029876977153,86.89068541300527
2158,18104,174.13971045385912,310.3517186250999
2159,19672,435.9055007052186,80.86459802538786
2159,19343,452.57937384898713,86.87182320441988
2159,17882,173.5564667522972,313.32427625728684
2159,19856,264.89651250947685,10.14746019711903
2159,19913,436.62611390933745,80.41882991088725
2159,19914,447.3559743954481,99.66749644381224
2159,18104,174.26708706265256,315.8216029292107
2161,19856,265.0813195243575,10.178749520521674
2161,19672,434.46355140186915,81.91514018691589
2161,19914,445.25581395348837,100.7490454703228
2161,18104,177.42236274214594,317.9538291679213
2162,19672,434.82923401264935,81.74490513000703
2162,19947,452.9318032786885,87.86065573770492
2162,18104,177.91991467907698,321.5422726391313
2162,19856,264.6367880485528,9.262060379707439
2162,19913,435.0731922398589,81.30952380952381
2162,19343,452.561387354205,87.12860650705954
2162,17882,174.26044204664115,322.4051514096763
2164,19856,265.03160667251973,10.165057067603161
2164,19672,434.7820465459919,81.65607683782785
2164,19914,446.47912677135196,100.72692454998085
2164,17882,173.03511994813053,319.50389020963905
2165,19672,434.86481679117753,81.90074706510138
2165,19914,446.36516084873375,100.68822724161534
2165,17882,170.8121496279686,319.4825196208338
2165,19913,434.94236926360725,81.7214514407684
2165,19947,446.8426308539945,100.09917355371901
2165,18104,170.9268953068592,322.4780385078219
2167,19913,434.76576576576576,81.65690690690691
2167,19914,446.3653376729048,100.653376729048
2167,17882,170.88801613416834,321.7125570533914
2167,19856,265.20605280103024,10.263039278815196
2167,19672,434.9108796296296,81.8046875
2167,19947,446.4988045427376,100.14465032875074
2167,18104,169.70093542820817,324.8686767777677
2169,19856,265.2377883310719,10.119402985074627
2169,19913,434.86208076659824,81.68377823408625
2169,19947,446.43503438291714,100.16033297140788
2169,18104,172.38976845438353,329.87354047100735
2170,20004,264.9340916694547,9.941117430578789
2170,19913,434.9138936535163,81.7097770154374
2170,19914,446.094706517825,100.1760893050054
2170,17882,171.9870826709062,331.6675278219396
2170,19856,264.9317669777921,10.133569359510783
2170,19672,435.0309523809524,81.9469387755102
2170,19947,446.4687298517086,100.11154094132817
2170,18104,170.94375358714368,333.45504113258085
2172,20004,264.8546365914787,9.263515932688865
2172,19672,434.2198293376676,82.5879723689557
2172,19947,452.81754515296717,86.89679321784003
2172,18104,171.69970414201183,334.5709002535926
2173,20004,264.9384378607157,10.039245863793766
2173,19672,434.11940879035393,82.60132244262932
2173,19914,447.2391826923077,100.09815705128204
2173,18104,171.85469904963043,333.6213305174234
2173,19856,265.0344327654947,10.313881841246829
2173,19913,434.9231327048586,81.78245105148659
2173,19947,453.05868055555555,88.01354166666667
2173,17882,171.92572557994382,333.4995318839072
2175,19914,452.4930826534232,87.59028024122028
2175,18104,172.71687183200578,335.5334643632978
2175,19672,434.46384413638066,82.523791682278
2175,19947,452.5334242837653,86.99727148703957
2175,17882,171.59392864182928,334.80977725211903
2177,20004,264.6942180830423,9.040357004268529
2177,19913,434.88297470743674,82.01887504718762
2177,19914,446.26275061554696,100.59022159690468
2177,17882,170.83786859803413,331.6735644076565
2178,19913,434.8638282899367,81.90007037297677
2178,19914,446.2485187623436,100.26793943383805
2178,18104,167.8912976471797,331.56590979143124
2178,20004,264.82872200263506,10.16798418972332
2178,19672,434.77359635811837,81.95690440060699
2178,19947,446.3583241455347,100.1670341786108
2178,17882,166.80616398526846,331.1661174646249
2180,20004,264.8567878223051,10.031065548306927
2180,19913,434.9672077922078,81.86688311688312
2180,19914,446.4713010204082,100.42251275510205
2180,17882,166.97075908240623,329.20675396278426
2181,19913,434.96732954545456,81.28920454545454
2181,19914,446.4847653033214,100.33928081251716
2181,18104,164.6995877397383,328.23516759275856
2181,20004,264.9600413365484,10.24319669307613
2181,19672,434.4810569882203,82.42948105698822
2181,19947,446.5451442755197,100.04654049022649
2181,17882,163.2433475523055,328.02021125330083
2183,19913,435.71758316361166,80.86999321113375
2183,19947,446.5749726377235,100.18314483765049
2183,18104,164.20562590824164,328.3129541208221
2184,20004,264.44743733632623,9.139169472502806
2184,19672,434.7636097917428,81.79905005480452
2184,19947,446.5946786454734,100.23013130615065
2184,18104,164.14988389275914,327.75448596157906
2185,20004,264.85074626865674,9.788303381053915
2185,19672,434.1920552677029,82.7447322970639
2185,18104,164.96561168594036,329.270135930209
2186,20004,264.59922178988325,9.15337224383917
2186,19913,434.7889816360601,81.72487479131887
2186,19947,446.5950200343446,100.26874642243847
2186,18104,166.0788310634076,331.63064850726073
2186,19672,434.2563338301043,82.07004470938897
2186,20133,169.14333057166527,333.18714903801896
2188,19913,434.4597915115413,81.76768428890543
2188,19947,446.5159123055163,100.33132956152758
2188,20133,169.20481064483113,334.8363357215967
2189,20004,265.1515460414543,10.617737003058103
2189,19672,434.893609789259,81.74609109449354
2189,19947,446.4220367278798,100.20333889816361
2189,18104,169.62751945719418,332.67541408900416
2189,19913,435.1149253731343,81.68781094527363
2189,20133,170.94971483653305,331.42019439312395
2191,19913,435.40813308687615,81.27024029574861
2191,19947,447.4060606060606,100.0548644338118
2191,20133,172.8235005880047,327.7354958839671
2192,19947,446.3701639344262,100.71081967213115
2192,20133,172.44961163114917,323.87841067516433
2193,20004,264.8495901639344,10.047950819672131
2193,19913,435.5258620689655,81.37256371814092
2193,19947,446.38526392961876,100.37463343108504
2193,20133,172.160565123234,321.2954522017119
2194,20004,264.58864426419467,9.14484356894554
2194,20210,446.15952466690675,100.63125675189053
2194,19913,434.8431051424828,81.97576154602031
2194,19947,446.4888444888445,100.36896436896437
2194,20133,171.77470534904805,321.9832275611967
2196,19913,434.823973727422,81.69129720853859
2196,19947,447.01729765013056,100.23759791122716
2197,20004,264.7509871668312,9.257403751233959
2197,19947,446.99362041467305,100.25199362041468
2197,19913,434.8423467715503,81.72271386430678
2197,20210,446.528561827957,100.3424059139785
2197,20133,172.15225322946455,317.69933931564935
2199,19913,434.70671140939595,81.70771812080537
2199,20210,446.36008522727275,100.40873579545455
2199,20133,172.71918226200162,317.26891781936536
2200,19913,435.4240766073871,80.98974008207935
2200,19947,447.0324947589099,100.01886792452831
2200,20133,171.0767870148788,317.70013526167935
2201,19913,435.4140694568121,81.48174532502226
2201,19947,446.9870473947601,100.09655578451574
2201,20133,170.05414667580536,315.60383824537354
2202,19913,435.7521784593935,80.81352387591495
2202,19947,446.9578313253012,100.13288447909284
2202,20133,172.06186868686868,312.22474747474746
2202,20210,446.4457919882396,100.40169055494303
2202,20274,171.7974537037037,308.51273148148147
2204,19947,446.9058696240195,100.24452258588045
2204,20274,170.5690464219876,304.33660130718954
2205,19913,435.78034470113676,81.03410341034103
2205,20210,446.4155663655316,100.38290479499652
2205,20274,169.42872127395825,303.5740440545437
2205,19947,452.21854304635764,86.89330389992642
2205,20133,168.73229724166325,304.0514615067929
2207,19913,434.4094858797973,82.41889934829834
2207,20210,447.2360248447205,100.01242236024845
2207,20274,170.78538492381716,302.86367281475543
2208,19913,435.57236126224154,81.09720710917664
2208,20210,446.2755440796754,100.37218738472887
2208,20274,168.58978504850674,302.2624120220658
2208,20314,265.1004339739616,10.325170489770613
2208,20316,435.83397683397686,80.48391248391249
2208,19947,446.56553846153844,100.37630769230769
2208,20133,167.84152604548788,301.18130961115185
2210,20314,265.0108445612882,10.279000985869208
2210,19913,435.1457116507839,81.10636335690133
2210,20210,446.3608562691131,100.31039755351682
2210,20274,166.69959809327975,303.7262360968315
2211,20314,265.09331955922863,10.22245179063361
2211,20316,435.74908558888075,80.72092172640819
2211,19947,446.8494117647059,100.09109243697479
2211,20274,164.40016544307724,305.13638713680075
2212,19913,435.05732484076435,81.7452229299363
2212,19947,447.2089895013123,100.0764435695538
2212,20274,167.05583605583607,306.95604395604397
2213,19913,434.83984246800134,81.8470626846078
2213,19947,447.1317677756034,100.01924331376387
2213,20274,165.67946350471377,304.8421615317329
2213,20314,265.13009922822494,10.742741639103272
2213,20316,435.15557795698925,80.96337365591398
2213,20210,446.2509025270758,100.47436823104692
2215,19913,434.3128926114269,82.0478612025127
2215,20210,446.33355503824407,100.40305952776853
2216,20314,264.98343232260083,10.1844326351985
2216,19913,434.0649752475247,82.5993193069307
2216,19947,452.4042427813789,86.88273423688862
2216,20274,162.54527182235836,299.6843415007657
2216,20316,435.6586332122813,81.16342027071641
2216,20210,452.1785464709993,86.88853948287911
2218,20316,434.8812297734628,81.67443365695793
2218,20210,447.2144561882032,99.98602113876576
2219,20316,435.59912055698055,81.33895199706852
2219,20210,446.3304882212359,100.36940935472857
2220,20314,264.76586787564764,9.189443005181346
2220,20316,434.80094339622644,81.80817610062893
2220,20210,446.16696113074204,100.68875147232038
2221,20314,264.83700270374663,10.006566241792198
2221,20316,434.2155361050328,82.42596644784828
2221,20210,446.84509527170076,100.31157374735356
2223,20210,446.97156084656086,100.18088624338624
2224,20316,434.164972899729,82.81233062330624
2224,20314,264.5654054054054,9.016576576576576
2224,20210,446.46985583224114,100.29423328964613
2226,20316,434.97070866141735,81.87685039370079
2226,20210,446.28927266688805,100.36532713384258
2227,20316,434.9613146182814,81.70044505306402
2227,20210,445.88423894701316,100.65811677354033
2228,20314,264.75203684024086,9.910379029401346
2228,20316,434.9570668693009,81.8290273556231
2228,20210,446.33546218487396,100.61075630252101
2229,20498,446.39472010178116,100.38486005089058
2229,20314,265.09078726968175,10.21608040201005
2229,20316,434.79629027009435,81.62837617962903
2229,20210,446.4497637795276,100.5111811023622
2229,20501,155.95733437714063,298.7476269693708
2231,20314,264.93767605633803,10.095774647887325
2231,20316,435.230109739369,81.15123456790124
2231,20210,447.0914634146341,100.18838254172016
2231,20501,154.98800436205016,298.5882224645583
2232,20498,446.81870634679626,100.00334041907075
2232,20314,264.72008397480755,9.999300209937019
2232,20316,435.95228561895226,80.82215548882216
2232,20210,446.99764705882353,100.16672268907563
2232,20501,148.41790884718498,300.90048257372655
2234,20316,435.59298426618517,81.22388444673717
2234,20498,452.3380540257015,87.02648832939943
2234,20501,146.86268056317425,303.404552934723
2235,20316,435.5033775914279,81.11250873515024
2235,20210,446.46960997822214,100.40130667194614
2235,20501,143.8111282843895,306.5698608964451
2236,20314,264.98557306973015,10.006679134384184
2236,20316,435.59615877080665,81.19923175416133
2236,20210,446.4134438305709,100.69383057090239
2236,20501,144.72645820267002,307.6572887734074
2237,20314,264.7995368838902,9.315580549123387
2237,20316,434.2767157630837,82.59949858978376
2237,20498,452.52402110524855,87.72285476256596
2237,20501,143.90731853629273,309.3385322935413
2238,20314,269.79811525915187,20.180862631388184
2238,20316,434.8894456623865,82.01221421860319
2238,20210,446.2654892066162,100.3717409587889
2238,20501,145.5500728711222,309.7231938371851
2239,20314,265.1764187003822,10.436342252278742
2239,20316,434.1873895109016,82.8043606364172
2239,20210,446.20116618075804,100.61836734693878
2239,20501,144.02485109878825,310.6181967549805
2240,20314,265.12809055704497,10.160262138814417
2240,20316,435.0882429275889,81.2688813911238
2240,20210,446.0724421209858,100.69280557630073
2240,20501,145.69651832221513,309.20725577995063
2240,20498,446.3763543658381,100.27214786488209
2242,20314,264.93417023882427,10.262706674831598
2242,20316,434.8853036080962,81.70431211498973
2242,20210,446.23770491803276,100.7015262860373
2243,20316,435.72164179104476,80.88308457711443
2243,20210,446.22061229259174,100.65225519981304
2243,20314,265.1272171253823,10.23822629969419
2243,20498,446.44554455445547,100.29561527581329
2243,20501,146.442417331813,311.50627137970355
2245,20314,264.8403068340307,10.212691771269178
2245,20316,435.1187817258883,81.46429780033841
2245,20498,446.80984615384614,100.21292307692308
2245,20501,146.41305739278857,310.2560273095797
2246,20314,264.7745289148798,9.12962962962963
2246,20316,434.22917284316634,82.61369700563297
2246,20210,446.34595070422534,100.41666666666667
2246,20501,146.56758481335743,309.96352228012336
2247,20314,264.4794270039622,9.160012191405059
2247,20316,434.83848190644306,81.8699617534569
2247,20498,452.5369774919614,86.89549839228296
2247,20501,146.3219478871865,306.18093100419634
2248,20314,264.62257247396565,9.265690965381367
2248,20690,436.0768156424581,80.37709497206704
2248,20498,452.5240535155138,87.10446911471676
2248,20501,146.28345035105315,302.879037111334
2248,20686,264.6271336080047,10.142731018246028
2248,20316,434.75409365124966,81.89112324044815
2248,20210,446.3418104753255,100.75083257644566
2250,20686,265.04869800473455,9.990869124112276
2250,20316,434.2717003567182,82.50326991676576
2250,20498,452.41355721393035,87.1669776119403
2251,20686,264.8260278627251,9.911314984709481
2251,20316,435.14354838709676,81.74548387096775
2251,20210,447.048054245283,100.14239386792453
2251,20690,435.07837271911455,81.32665270714926
2251,20498,446.94656037791555,99.9861234130499
2251,20501,148.21598401598402,299.04135864135867
2253,20686,265.3157236636449,10.323538605814317
2253,20316,434.27454110135676,81.93987762702847
2253,20498,446.43479523671215,100.3944234679059
2253,20501,147.82748961653627,295.88515406162463
2254,20690,435.6439710081265,80.3626180540303
2254,20498,445.97736720554275,100.76443418013857
2254,20501,147.71456018711888,294.9120374237741
2255,20686,265.07037148897615,10.167019027484145
2255,20316,434.88,81.7122962962963
2255,20498,446.119852489244,100.71819299323909
2255,20501,145.117281626506,290.9186746987952
2256,20316,434.294586424842,82.07969222313822
2256,20498,446.3823613086771,100.7977240398293
2256,20501,145.60608908099982,289.79486938545386
2256,20686,264.97455039022736,10.158126908720732
2256,20690,435.11062979007,81.84171942685771
2256,20784,147.16453439597316,286.6875
2258,20686,264.9470005824112,9.999126383226557
2258,20690,435.0185356811863,81.81031819586036
2258,20784,148.74099762470308,285.1698812351544
2259,20686,270.4549624687239,21.017514595496248
2259,20690,435.8939024390244,81.04939024390244
2259,20501,149.36848805327065,285.30003916960436
2259,20800,279.08904777380565,7.006174845628859
2259,20316,434.1760212553969,82.72035868482232
2259,20498,447.133254015467,100.04223676383106
2259,20784,146.9759048497898,283.18250794627295
2261,20690,435.89620535714283,80.83063616071429
2261,20498,446.31585185185185,100.29955555555556
2261,20784,144.19106302916273,283.12944496707433
2262,20686,265.03026481715006,10.326923076923077
2262,20800,282.8067449791588,13.741189844638122
2262,20316,434.2777423469388,82.19132653061224
2262,20498,446.79963514746123,100.46153846153847
2262,20784,141.04775488642366,282.71146328578976
2263,20686,265.24196058091286,10.114107883817427
2263,20316,434.73069128574645,81.70344517000676
2263,20498,447.824650265316,99.98842257597684
2263,20784,142.495598135681,281.79216295529085
2264,20686,265.18663594470047,9.983212639894667
2264,20800,282.0620320855615,12.789304812834224
2264,20690,435.5029348161878,81.11028730305839
2264,20498,446.1318024536018,100.66719094054734
2264,20784,138.87196110210698,278.27055645596977
2265,20686,264.9178350179328,9.251059667427453
2265,20800,282.07709677419354,12.61483870967742
2265,20316,434.2776258205689,81.99234135667396
2265,20498,447.0258980785297,100.39626844890003
2265,20784,140.27006022925977,276.03506897221683
2266,20800,281.7792156862745,12.68392156862745
2266,20316,434.200503054258,82.2899748472871
2266,20498,446.4713493530499,100.3441774491682
2266,20784,142.14043048283887,273.85410122164046
2267,20686,264.6314003701419,9.305983960518198
2267,20800,281.6223277909739,11.645062775704105
2267,20690,434.8436944937833,81.75843694493783
2267,20498,447.107704829083,100.17037438958221
2267,20784,141.90976210008205,271.06983182936835
2267,20316,434.32990684227434,82.14198522325731
2267,20873,140.5212690714358,268.54157825603716
2269,20686,265.0502204801568,9.970602645761883
2269,20316,433.8441527446301,82.91670644391408
2269,20498,446.57494819249365,100.38245452452222
2269,20873,141.06666666666666,267.47110563090837
2270,20686,265.04801271860094,10.028298887122418
2270,20800,282.715174559281,13.520566885585897
2270,20316,433.94162129461586,82.76497277676951
2270,20498,447.0139392249791,100.02843601895735
2270,20873,143.36361875242153,266.64664858581943
2271,20686,264.93273542600895,10.12406576980568
2271,20800,282.7253146853147,13.733426573426573
2271,20690,435.2071496212121,81.27533143939394
2271,20498,446.4574248336011,100.17764516869406
2271,20873,140.13359295631562,265.154673213681
2272,20800,282.9300382875044,13.877828054298643
2272,20690,435.7903225806452,80.94026284348865
2272,20498,446.4983277591973,100.45568561872909
2272,20873,139.23031476011002,262.5273505144138
2273,20800,282.7653733528551,13.816617862371888
2273,20316,434.83857186451024,81.85901739395788
2273,20498,452.4385043263288,87.06211372064277
2273,20873,139.5777707476537,261.6393546346093
2274,20316,434.94906387665196,81.68805066079295
2274,20498,452.5138371474188,86.89888238424695
2274,20873,138.8701101789144,259.7603355908218
2275,20800,282.60484759456483,13.600073448402497
2275,20690,435.724200913242,81.01582952815829
2275,20929,446.1714121368996,100.62237561115904
2275,20873,139.75759054964365,259.9215073708874
2275,20316,434.8590937306021,81.83550589695841
2275,20498,452.4990774907749,87.75061500615006
2277,20316,434.8119570771589,81.94200306591722
2277,20929,446.4264884568651,100.44811664641556
2278,20800,280.86225806451614,10.582258064516129
2278,20316,434.7503984698757,81.90404845393688
2278,20929,446.3342136150235,100.67605633802818
2279,20690,435.24181427804615,81.33789586688137
2279,20929,446.39978706414695,100.32525951557093
2279,20873,137.02028579994004,260.8198261217148
2280,20316,434.3395325458658,82.53782357376225
2280,20929,446.3070478068014,100.69517003449975
2280,20873,136.19604793705975,258.363187265575
2281,20929,446.2016129032258,100.3441935483871
2281,20873,135.1750383856109,258.8466769028296
2282,20690,435.28137310073157,81.32498593134497
2282,20929,446.2091286307054,100.40414937759336
2282,20873,134.4179985747735,260.8782449353558
2283,20690,434.9309218789249,81.80306455664406
2283,20929,446.2268481451828,100.24739791833467
2283,20873,132.44737098819627,262.75573114818064
2284,21015,264.91977566447207,10.080955864423311
2284,20690,435.77403846153845,81.08068561872909
2284,20929,446.020878174774,100.87214808437365
2284,20873,131.92574623797384,259.90765562042594
2285,21015,265.4039838157485,10.349517584811704
2285,20690,434.7864487213288,81.90139731083575
2285,20929,445.41233964569335,100.8888210140501
2285,20873,129.72858049502855,257.8413370002115
2286,20873,128.85539308773264,257.33469426509686
2286,21015,265.1463714637146,10.22539975399754
2286,20690,434.76369409896796,81.83461233130458
2286,20929,446.22151224707136,100.37779552715655
2286,21050,126.93078906652914,255.8105208870552
2288,21015,264.9967266775777,9.896617566830333
2288,20690,434.8848407643312,81.92152866242039
2288,20929,446.1671401515151,100.69602272727273
2288,21050,123.12629972336163,256.2392444910808
2289,21015,265.06333630686885,10.113960749330953
2289,20690,435.0962199312715,81.57839347079037
2289,21050,120.79972324723248,254.1269372693727
2290,20690,434.6692493946731,81.93268765133172
2290,20929,447.1412865497076,100.07321637426901
2290,21050,117.9319131992833,252.22068484969142
2291,21015,264.9400638663719,9.77081798084009
2291,20929,446.57004830917873,100.24661835748792
2291,21050,117.22654127481714,253.41065830721004
2292,21015,264.9790157381964,10.202348238820885
2292,20690,434.71513624914127,81.83146324708038
2292,21050,115.43173943173943,253.24532224532226
2293,20690,434.80362860192105,81.91008537886873
2293,20929,446.923000496771,100.13288623944362
2293,21050,114.48336404031646,251.2195729923052
2294,21015,264.88758992805754,10.102742805755396
2294,20690,434.9268582284493,81.77653763951555
2294,20929,446.3722781549988,100.25614610161554
2294,21125,264.96615231458435,10.055998008959682
2294,21050,113.03314917127072,250.71270718232043
2296,21015,264.80297743661316,10.304954640614095
2296,20690,434.9367088607595,81.78183172002979
2296,20929,446.5251238499646,100.3857041755131
2296,21050,115.02954614681694,249.4074525332521
2297,21125,265.292,10.3055
2297,20690,434.9216894977169,81.76095890410959
2297,21050,118.5570252792475,248.92053693905547
2298,21015,264.7067783701447,9.298806803757298
2298,20690,434.23467824310524,82.12129724208376
2298,20929,445.36627450980393,100.75895424836601
2298,21050,120.56644165863067,246.81542912246866
2299,21015,264.7585236158899,9.274632467938693
2299,20690,434.1218040792876,82.69864981327206
2299,20929,447.1352089593007,99.92952745151598
2299,21050,122.0820133388912,245.5303251354731
2300,21125,265.01062045835664,10.060089435438792
2300,20690,434.8550979407333,81.90883977900552
2300,20929,446.90312891113894,100.24205256570713
2300,21050,124.23746057584698,244.98545121579002
2301,21015,264.5346326046879,9.258098498814853
2301,20690,435.1012450082218,81.31219168428471
2301,21050,124.27001039501039,244.1015246015246
2302,21125,264.981240063593,10.113195548489667
2302,20690,435.06052418265335,81.1315860578222
2302,20929,446.28474191718664,100.31990924560408
2302,21050,122.44572116436856,243.25005471656817
2302,21015,264.79732165851146,9.213494720576874
2302,21209,434.75880322209434,81.780667433832
2302,21215,119.79235668789809,242.03676069153775
2304,21125,269.5326786318998,20.130037250253977
2304,21209,434.76220806794055,81.98566878980891
2304,20929,446.4411841760545,100.21744825779408
2304,21215,118.145013905443,241.02026221692492
2305,21125,282.575282631038,13.52929085303186
2305,21209,434.8431324110672,81.78384387351778
2305,21215,118.41544775334106,239.1289066610544
2306,21015,264.9580352885074,9.927515498330948
2306,21125,282.063259737038,12.714710989828827
2306,21209,434.68087971274684,81.75
2306,20929,446.03169014084506,100.66032863849765
2306,21215,119.91863033873344,238.05265095729013
2307,21015,264.6221605249874,9.379101463907118
2307,21209,435.731377492551,81.02589961035984
2307,20929,446.29829545454544,100.42897727272727
2307,21215,122.1830850552619,239.27938491110044
2308,21015,264.78904333605885,9.941946034341782
2308,21125,281.928233151184,12.501639344262294
2308,21209,435.6063012295082,80.81429303278688
2308,20929,446.0664426059979,100.66365046535677
2308,21215,120.5801959773079,240.97318205260444
2309,21015,265.05721393034827,10.08084577114428
2309,21125,282.2089861070056,13.511676027194797
2309,21209,434.8350930115636,81.88662644544998
2309,20929,446.94125809435707,100.07308048103607
2309,21215,125.48161263960773,238.08844093344229
2310,21015,264.7435655253837,10.111924439197168
2310,21125,282.5627460629921,13.86884842519685
2310,21209,434.9349510603589,81.18637846655791
2310,20929,452.58496071829404,86.69113355780023
2310,21215,127.22784708249497,237.66076458752514
2311,21015,264.89067325509575,9.820259419394688
2311,21209,435.45717806531115,81.00492914356131
2311,20929,446.98974358974357,100.27028657616893
2311,21215,129.42326418289585,239.70935647756139
2312,21015,264.9990212071778,10.125938009787928
2312,21125,282.61346153846154,13.402692307692309
2312,20929,452.2924782738987,86.91519328738387
2312,21215,128.82645470294509,239.26230510547234
2313,21015,264.9398764258555,9.811074144486692
2313,21209,434.2113609467456,82.44236686390532
2313,20929,446.5442000862441,100.3794739111686
2313,21215,127.36739307351479,236.99448413057237
2314,21015,269.9103419516264,19.899499582985822
2314,21209,434.84465719579987,81.73069796170475
2314,20929,446.03225806451616,100.6217008797654
2314,21215,129.54674543946933,240.963412106136
2315,21125,279.1183550651956,6.9157472417251755
2315,21209,434.8096172718351,81.70068694798823
2315,20929,446.27991113932086,100.35449063789274
2315,21215,126.99922856513115,239.81639850121226
2316,21209,434.7111942292279,81.89820999198504
2316,20929,446.5476667620956,100.40738620097338
2316,21215,126.19445247038428,238.9712992391409
2317,21015,264.83986928104576,10.122171945701357
2317,21209,434.83729087965463,81.74230976794388
2317,20929,447.3495170973636,99.86713651788045
2317,21215,127.75913520097443,237.85363377994315
2318,21015,265.65464846767964,11.154004635591038
2318,21125,282.5391126678342,13.458552247518973
2318,20929,446.4854171950292,100.24676642150646
2318,21215,125.92993103448276,238.50905747126436
2319,21015,264.823158498137,9.364860991688163
2319,21209,434.8920825712046,81.65168539325843
2319,20929,446.3897209985316,100.17650513950073
2319,21215,123.64434389140271,239.6960281548517
2320,21015,264.82590412111017,9.36305018222596
2320,20929,452.58571833380563,87.00821762538963
2320,21215,124.09039079506583,240.91188970664456
2321,21209,434.86641830761045,81.71341138903672
2321,21387,445.99351175993513,100.85239253852393
2321,21215,125.15351362219765,237.32753594048458
2321,21125,279.09074778200255,7.038529784537389
2321,20929,452.417677238806,87.07042910447761
2323,21125,283.0029920212766,13.632978723404255
2323,21209,435.73149412728765,80.90275880906856
2323,20929,452.53928128872366,87.43172242874846
2324,21015,265.0935570987654,10.29050925925926
2324,21125,282.71968772871435,13.545254940229324
2324,21387,446.56427097016325,100.86995683993244
2325,21125,281.9577049180328,12.770163934426229
2325,20929,452.4485639686684,87.25039164490862
2326,21015,265.0527049637479,10.058003346346904
2326,21387,447.125,100.2711693548387
2327,21387,446.4920738327904,100.1472312703583
2328,21015,265.14739027283514,9.988730723606167
2328,21387,447.0108292960958,100.22399544029638
2329,21464,434.418915308576,82.43921987710392
2329,20929,447.1559152040119,100.1162525643948
2329,21466,124.77688246735204,229.35278318051311
2329,21015,264.72970639032815,8.884571099597007
2329,21125,281.88402625820567,12.74523288527665
2329,21387,446.9861635220126,100.30616352201258
2331,21387,446.5182317682318,100.46303696303696
2331,21466,124.4548847000287,227.88699645966892
2332,21125,282.06703264952324,13.466050274487142
2332,21387,446.59823346860827,100.80663642874194
2332,21466,123.25077309625048,227.82412060301507
2333,21464,434.8967112024666,81.9653134635149
2333,21387,446.4569183983781,100.27901672579827
2333,21466,124.06239768897449,230.1722676937891
2334,21464,434.79618623080734,82.06909361069836
2334,21387,446.3808064135817,100.37491157745815
2334,21466,123.17424957523126,229.42684538417973
2335,21464,434.88817141179925,81.83651306134429
2335,21387,452.45298131118363,87.71403144467517
2335,21466,120.71942042008311,227.51645512748513
2336,21522,265.09244372990355,10.366291532690248
2336,21464,434.84186906019005,81.90337909186906
2336,21387,446.3563958165728,100.28023598820059
2336,21466,119.12606816125465,226.3164773298482
2337,21522,264.5480043149946,9.119741100323624
2337,21464,433.75565410199556,82.73274205469328
2337,21387,446.4362405783726,100.32548838640209
2337,21466,120.12023621506557,222.66634621987228
2338,21522,264.7034395973154,9.377726510067113
2338,21539,282.80968237704917,13.774077868852459
2338,21464,435.8117624298704,80.69626620236022
2338,21387,452.4977730646872,87.08335100742312
2338,21466,121.80389728346131,217.9793576087854
2339,21522,264.95048004042445,10.047751389590703
2339,21464,434.6016884113584,82.02967510872345
2339,21387,446.1971307120085,100.3759298618491
2339,21466,121.6387491368255,214.05563776265168
2340,21522,264.62330153223473,8.53368025440879
2340,21539,282.0966719492869,12.581299524564184
2340,21464,434.7227003765465,81.77353415814954
2340,21387,446.99800796812747,100.3152390438247
2340,21466,120.15877292983728,212.15245103119494
2341,21539,282.2890120036935,13.743921206525084
2341,21464,434.0265780730897,82.85963455149502
2341,21387,452.48271346254586,87.03195390256678
2341,21466,118.27246195538879,210.03908692933084
2342,21539,282.01486325802614,12.777348394768133
2342,21464,434.15670161518847,82.63332388778691
2342,21387,452.3622216259726,86.90609068956265
2342,21466,117.28513174404014,210.70713090757005
2343,21522,270.6553582752061,20.91312618896639
2343,21464,434.8961504028648,81.8104297224709
2343,21387,446.3348193336462,100.26583763491318
2343,21466,119.83705019991115,210.92367836517104
2344,21522,270.45807704758823,20.780835221754614
2344,21539,286.74591503267976,18.55392156862745
2344,21464,434.8472553699284,81.9835322195704
2344,21387,446.98808159523264,99.78867751547101
2344,21466,119.70096777057623,207.2540175796857
2345,21522,264.9569920844327,10.230079155672822
2345,21464,434.74460242232755,81.78620326487625
2345,21387,446.5621101871102,100.22115384615384
2345,21466,120.49495045731707,205.3607088414634
2346,21522,264.7547342700061,9.303298717165546
2346,21539,282.6376421304608,13.62327947336924
2346,21464,434.73931287699975,81.95698924731182
2346,21387,452.3456980937661,87.00669757856775
2346,21466,117.64823622671423,205.12584225128816
2347,21522,264.5985985985986,9.282032032032031
2347,21464,435.02106064450646,81.63943161634103
2347,21387,446.08152173913044,100.6328502415459
2347,21466,118.2465193262584,207.2204264433843
2348,21522,270.5100430416069,20.892754662840744
2348,21464,434.20448946071724,82.14125376402957
2348,21466,118.65018140156579,208.723505823945
2349,21522,264.9758129535071,10.18704649287826
2349,21539,282.5892700087951,13.814717091761946
2349,21464,433.99925112331505,82.64303544682976
2349,21387,446.35410334346506,100.33358662613982
2349,21466,115.60173334677013,209.87413080721555
2350,21522,265.1666666666667,10.357549857549857
2350,21466,112.43236887843779,209.2104079337491
2351,21464,434.9754039064384,81.25536532433084
2351,21387,446.40189306728064,100.34356612944487
2351,21466,110.96767563527654,209.13181988041853
2352,21522,264.7988133764833,9.347087378640776
2352,21464,433.96035353535353,82.86792929292929
2352,21466,112.2391326172071,207.3549844393133
2353,21522,264.65095338983053,9.096663135593221
2353,21539,282.9080832657475,13.543930792105975
2353,21464,434.1247544204322,82.7573673870334
2353,21387,447.0890426244142,100.29256862307521
2353,21466,113.67131048574348,206.799758521408
2354,21522,265.0395495742928,10.090634441087612
2354,21464,434.5273727647868,82.45584594222834
2354,21387,445.92739018087855,100.62093023255814
2354,21466,112.04969467256265,207.47115182143608
2355,21522,264.9435106089832,9.297051529346927
2355,21539,282.1567335243553,12.725787965616046
2355,21464,434.89696665831036,81.93080972674856
2355,21387,446.3071535767884,100.45322661330665
2355,21466,112.40072529465095,205.1703435076055
2356,21522,264.68491620111735,9.214525139664804
2356,21539,282.9929396662388,13.612002567394095
2356,21387,446.3769152196119,100.38636363636364
2356,21466,113.31001442406759,202.66639192252214
2356,21464,434.5562649640862,82.56770417664272
2358,21539,282.73819334389856,13.658003169572108
2358,21464,435.0899204244032,81.22785145888594
2358,21387,446.4170424875386,100.66983147400902
2358,21466,114.07993251080882,200.4617737003058
2359,21522,264.8898507462687,10.073432835820896
2359,21539,282.77880330999363,13.668045830681095
2359,21464,435.45512820512823,81.54375696767
2359,21466,116.04868299682279,198.86286768473917
2360,21539,282.26942013129104,12.64387308533917
2360,21464,435.4476338246703,81.63873803982415
2360,21387,446.2257330637007,100.17846309403438
2360,21466,115.70981857963352,194.43312972923695
2361,21522,265.14636118598384,10.196495956873315
2361,21539,281.8540205072855,11.736373448461954
2361,21464,435.5260389268806,81.09284587059443
2361,21387,445.353488372093,100.8358413132695
2361,21466,115.28559633027523,194.5319266055046
2362,21464,433.8088746324512,82.6404704624432
2362,21387,446.1909991963568,100.41387623894991
2362,21466,115.68414695520886,194.14906894816306
2363,21464,434.9105907397552,81.19185737094199
2363,21387,446.40451248992747,100.77571850658072
2363,21466,115.5844094189138,192.4142612988986
2364,21522,270.1553488372093,20.748527131782946
2364,21464,435.4308636149127,81.22298253893346
2364,21387,447.033851554664,100.12637913741224
2364,21466,116.79937872120114,190.0522909655708
2365,21522,264.7553047404063,9.196162528216703
2365,21464,434.6906686260103,81.87411217242224
2365,21387,446.5226786986464,100.34338636903348
2365,21466,115.95777496839443,185.705604719764
2366,21522,264.6338347998865,9.35310814646608
2366,21464,434.86706586826347,81.79610778443114
2366,21387,446.3697380041213,100.18751839858699
2366,21466,116.18192499755214,184.88916087339666
2367,21522,265.0887573964497,10.047025848645282
2367,21464,435.3350548741123,81.2724338282763
2367,21387,446.2035175879397,100.7195351758794
2367,21466,119.17887167021169,188.14413045680138
2368,21522,264.98833282161496,10.080749155664723
2368,21834,282.89248092989465,13.656738103886669
2368,21464,434.86136071887034,81.79942233632863
2368,21387,446.3552948255114,100.6988567990373
2368,21466,117.52694674305114,190.81434330575004
2369,21464,435.4789182902006,81.50305321314336
2369,21387,452.40784671532845,87.19738442822384
2369,21466,117.7202416918429,192.28690835850958
2370,21834,282.7474008471313,13.590681555641124
2370,21464,434.90368980612885,81.96841776110068
2370,21387,452.4136062612884,86.92956050571945
2370,21466,118.78958921291941,192.10034493571652
2371,21464,434.70746527777777,81.89120370370371
2371,21387,446.18764227642276,100.10048780487804
2371,21466,121.50876831029503,190.9253146276047
2372,21834,282.5505394662124,13.942078364565589
2372,21464,434.55940473286165,82.01634545010978
2372,21387,446.3271978687333,100.36812787599904
2372,21466,122.66362505184571,189.03060970551638
2373,21903,264.8655967903711,10.075225677031092
2373,21464,435.74916286149164,81.12572298325723
2373,21387,446.33025546321943,100.29485995690982
2373,21466,121.48220675944334,184.936282306163
2374,21834,282.7037037037037,13.847222222222221
2374,21464,435.6078028747433,81.02816075095336
2374,21387,446.4414333032219,100.3992773261066
2374,21466,120.03543928923987,180.81253701875616
2375,21903,264.8766332421756,9.265572774232755
2375,21464,435.6225504118148,81.12042033513207
2375,21387,446.9735570811086,100.25985252987542
2375,21466,123.40795769327626,183.04323008478133
2376,21903,264.8691687127324,10.145913714486145
2376,21464,434.82224428997023,81.79642502482622
2376,21387,446.99305785123966,100.35338842975207
2376,21466,125.85819307409557,184.53356548655447
2377,21834,279.1962290502793,7.078561452513966
2377,21464,435.33256427158864,81.13645352669742
2377,21387,446.28491446345254,100.31010886469673
2377,21466,124.32181599035758,184.47740056247488
2378,21903,264.80932074322266,10.229363387145902
2378,21387,446.2586100861009,100.210024600246
2378,21466,121.86464282136059,184.22021841498847
2379,21903,264.9408553230209,10.13315134971186
2379,21834,281.84098697738176,12.42323509252913
2379,21464,436.7870834562076,80.0050132704217
2379,21387,446.2373300370828,100.20117428924598
2379,21466,122.21482943332394,181.15806785076592
2380,21903,269.7715173025732,20.164596273291927
2380,21464,435.97456765005086,80.80027127839946
2380,21387,446.79087994299965,100.27716423227645
2380,21466,125.05156202608433,179.78151855221918
2381,21903,264.57327285415215,9.22993719469644
2381,21464,435.82553897180765,80.8106135986733
2381,21387,447.02251823660004,99.8931176657152
2381,21466,126.41166666666666,178.03127450980392
2382,21464,435.77713178294573,80.94638242894057
2382,21387,446.231,100.39633333333333
2382,21466,128.52646456769665,176.2295545374793
2383,21834,282.6290924160796,13.014919187733113
2383,21464,435.68422830124956,81.13677811550151
2383,21387,446.3788407821229,100.26222067039106
2383,21466,129.24147271268058,174.6256019261637
2384,21903,265.119587628866,10.32783505154639
2384,21834,282.83639774859284,13.688555347091931
2384,21464,435.73562458691345,81.17746199603437
2384,21387,446.2394971882236,100.7820046311611
2384,21466,128.7622410995514,173.8953899016894
2385,21903,264.9272284122563,9.999303621169917
2385,21834,282.7422334172964,13.696473551637279
2385,21464,434.85777777777776,81.93746031746032
2385,21387,452.56375404530746,87.26084142394822
2385,21466,125.0871996076508,172.50220696419814
2386,21903,264.89327073552425,10.198748043818465
2386,21464,435.6605534105534,81.01866151866152
2386,21387,452.2767175572519,86.58969465648855
2386,21466,126.70802139037433,171.30160427807488
2387,21464,435.7169073405536,81.09326113116727
2387,21387,447.1220715166461,100.1387176325524
2387,21466,129.15504645079824,170.15811310543882
2388,21903,264.9226127085552,10.159389421370253
2388,21464,435.69074647402823,80.9858961128311
2388,21387,446.3643863870746,100.39738741835683
2388,21466,133.4471203211052,167.64575749089892
2389,21834,282.636939791761,13.701674966047985
2389,21464,435.7991940899933,80.76796507723304
2389,21466,135.25543983633997,167.73349451366934
2390,21834,283.0744364100383,14.503190131858783
2390,21464,434.8209413369714,81.91609822646657
2390,21387,446.5967365967366,100.30969030969031
2390,21466,133.21966317705963,167.1858898497952
2391,21903,270.36862184072487,20.926561754887935
2391,21464,434.85099962278383,81.86080724254998
2391,21387,446.32202784719743,100.37343805783648
2391,21466,131.58280507131536,165.32636687797148
2392,21834,281.9007919966653,12.677782409337224
2392,21464,435.7579435915744,81.19742948946805
2392,21387,446.1318316100443,100.70901033973412
2392,21466,131.95724023961992,166.5862425118777
2393,21903,264.94695681740905,10.171030261815709
2393,21464,435.0565137614679,81.80550458715597
2393,21387,447.1007218975593,100.1258164317635
2393,21466,130.05112072355485,168.56655524970506
2394,21834,282.78052738336714,13.438539553752536
2394,21464,434.7967698519515,81.94313593539704
2394,21387,446.8566889100731,100.08357165554496
2394,21466,129.0941286989197,170.42301550023484
2395,21464,434.8980852378011,81.81346510191476
2395,21387,452.2567026194145,87.11309707241911
2395,21466,125.76704338315713,170.9595333576376
2396,21903,265.6667817679558,11.14917127071823
2396,21464,434.9026936026936,81.78316498316498
2396,21387,446.16276703967446,100.35774838928451
2396,21466,125.18975313479623,173.50215517241378
2397,21903,264.93489148580966,10.291819699499165
2397,21464,434.38638399522245,81.88653329352046
2397,21466,124.89633548892809,175.0097981579463
2398,21903,264.61639252857543,10.143574017284639
2398,21464,435.41572724773164,81.53808083585372
2398,21387,446.65642303433003,100.25526024363234
2398,21466,122.54010161495191,177.89629831246597
2399,21464,435.17857142857144,81.27966101694915
2399,21387,446.58514650420653,100.13431969828837
2399,21466,123.27041791860148,177.1746335245379
2400,21903,264.7442861874793,10.000662471016893
2400,21464,434.20273812991553,81.98310515584038
2400,21387,446.5397913561848,100.28077496274217
2400,21466,122.89959473150962,179.79878419452888
2401,21903,264.95749440715883,10.37621178225205
2401,21464,434.8063227953411,81.93344425956738
2401,21387,447.01310615989513,100.03636959370904
2401,21466,122.27487073422958,179.3477766287487
2402,21903,264.9629375428964,10.185998627316405
2402,21464,434.8153994845361,81.8894974226804
2402,21387,446.36375574523964,100.44320420223244
2402,21466,123.0201019524863,178.18043666442242
2403,21903,264.88494453248813,10.147385103011093
2403,21464,434.82578077158604,81.66350275566442
2403,21387,446.33255542590433,100.3879813302217
2403,21466,123.024317525389,176.84757290599086
2404,21903,264.860677466863,10.294845360824741
2404,21464,434.98476490675074,81.72786971368532
2404,21387,446.17195767195767,100.59497354497354
2404,21466,122.3696607488135,173.03981367551415
2405,21903,264.8452348628835,10.421667119196307
2405,21464,435.79567779960706,81.01150715689026
2405,21387,447.15707400056704,99.97760136092997
2405,21466,125.19426751592357,171.76906524358753
2406,21464,434.8200423429781,81.93824982357093
2406,21387,446.54009936124913,100.38928317955997
2406,21466,128.2979170647812,168.23886871775272
2407,21903,264.14852225963335,9.110736999625889
2407,21464,434.92081101759754,81.86419280795715
2407,21387,446.4725779967159,100.33858784893268
2407,21466,131.2187040486227,167.74316243505538
2408,21903,264.82602444284686,9.240115025161753
2408,21464,435.8083708059495,80.97751643030094
2408,21387,446.90361445783134,100.29852744310575
2408,21466,132.47818741925866,166.62128589883733
2409,21903,264.4629344816979,9.320209166410336
2409,21464,434.8111888111888,81.94813519813519
2409,21387,445.9978419206906,100.70218505530079
2409,21466,129.03899677647613,167.33579683937415
2410,21464,433.97662061636555,82.74070138150903
2410,21387,446.45742904841404,100.25409015025042
2410,21466,127.60440424695241,164.30357845064884
2411,21464,434.1891371340524,82.5808936825886
2411,21387,447.14014175257734,100.03221649484536
2411,21466,129.20744733952282,164.11460517120895
2412,21903,264.944099378882,10.269798136645964
2412,21464,433.8808440215143,82.77451386015721
2412,21387,446.1815597075548,100.72502030869212
2412,21466,130.25300596140244,164.4613519248257
2413,21903,264.8082925692989,10.072443512695084
2413,21466,131.57507700205338,163.34169661190964
2414,21464,434.70455196106496,81.81505868880619
2414,21387,446.2531476024645,100.71309938387355
2414,21466,132.5098700860469,159.58208199763794
2415,21464,434.8888888888889,81.55207244862417
2415,21387,447.12703703703704,99.92407407407407
2415,21466,129.9738168165201,163.4719889338998
2416,21903,264.9468128298823,10.163215590742997
2416,21466,129.04445113385512,162.74974914710015
2417,21903,264.8891454965358,9.983833718244803
2417,21464,433.3766568483063,83.05265095729013
2417,21387,447.0976262119692,100.37378803075894
2417,21466,128.51714400968132,159.41075030254135
2418,21903,265.02072741493936,10.165428236214314
2418,21464,434.71717517997945,81.82927665409667
2418,21387,446.40019730351855,100.15126603091089
2418,21466,128.47387806532907,159.27866627895708
2419,21903,269.4836179049377,19.804799261652054
2419,21464,434.89517291066284,81.81304034582132
2419,21466,128.1604473918638,159.05820053449472
2420,21464,434.81594873620503,81.8369526521894
2420,21387,446.328088382993,100.39437562772012
2420,21466,130.07582724731765,159.27914525290777
2421,21903,269.8628062360802,20.14922048997773
2421,21464,434.7525411847178,81.68804766912022
2421,21387,446.51497418244406,100.15731497418244
2421,21466,133.0959897219418,157.1233366981738
2422,21903,264.23971841422747,8.008521674694332
2422,21464,434.75448275862067,81.95379310344828
2422,21466,132.9935378252628,154.61588833362055
2423,21903,264.77805846264886,9.4009382894262
2423,21464,434.85373900293257,81.90285923753666
2423,21387,446.53303637713435,100.21603563474387
2423,21466,130.5234670704012,156.095287660863
2424,21903,264.7885251930857,9.399779330636264
2424,21464,434.6693961105425,82.05458887751621
2424,21387,446.94632065410593,100.16068254532527
2424,21466,130.4575050417747,157.5783155670796
2425,21464,434.81002824858757,81.96963276836158
2425,21387,446.2488413547237,100.4235294117647
2425,21466,129.68651949271958,155.32193518083608
2426,21903,265.27135135135137,10.16108108108108
2426,21464,433.86456859971713,82.72065063649222
2426,21387,446.4438221911096,100.41617080854043
2426,21466,132.43025004700132,152.4531866892273
2427,21903,264.704298915227,9.418240257131378
2427,21464,435.67493995196156,81.17133706965572
2427,21387,446.5782577903683,100.34737960339943
2427,21466,131.71003544114905,153.51240440216378
2428,21903,264.70141663639663,9.309480566654559
2428,21464,434.71374700034283,81.94172094617758
2428,21387,446.1210230817218,100.82220835932627
2428,21466,130.43063367079114,151.70763029621298
2429,21903,264.0460844344183,9.035771833709314
2429,21464,433.95615731785944,82.87814313346229
2429,21387,446.44179734620025,100.33443908323281
2429,21466,129.82757111597374,153.101181619256
2430,21903,269.67979127134726,20.259013282732447
2430,21387,446.575,100.05492957746479
2430,21466,130.84106386894902,152.49144119271122
2431,21464,434.76487152411124,81.73460049278422
2431,21387,446.5505469008949,100.34438183626119
2431,21466,130.5033125300048,153.75237638022082
2432,21903,265.05143078112917,10.264501160092808
2432,21464,435.49980791394546,81.15290049942374
2432,21387,446.2336192109777,99.88747855917667
2432,21466,130.13355530891602,150.6286533481317
2433,21903,265.1268115942029,10.242351046698872
2433,21464,435.6543525969276,81.19385515727872
2433,21387,447.1491712707182,100.22872928176795
2433,21466,132.23850161696012,154.96469637082285
2434,21903,265.56822729091635,11.225690276110445
2434,21464,435.01329885482085,81.12892500923532
2434,21387,446.18440726237094,100.85724457102171
2434,21466,130.4775336500396,155.51623119556612
2435,21903,264.8878159613746,9.915932973587049
2435,21464,435.2159563409563,81.22089397089397
2435,21387,446.3465536105033,100.30826039387308
2435,21466,128.9168970814132,156.48256528417818
2436,21464,434.9523973784064,81.68851328044153
2436,21387,446.3569165786695,100.23020063357973
2436,21466,126.634219359521,160.0211376213372
2437,21903,264.79385494819576,10.34119328331547
2437,21464,434.1934566145093,82.61379800853484
2437,21387,446.22449739389424,100.3246463142219
2437,21466,125.84434102386375,162.17942370531736
2438,21903,264.8865715331138,9.983900475667763
2438,21464,434.1718636693256,82.50471356055112
2438,21387,446.2126573664512,100.31983667914257
2438,21466,124.89249899719213,163.47031688728438
2439,21903,265.24468085106383,10.17629179331307
2439,21464,434.3162550681902,82.56984887578326
2439,21387,452.41551459293396,87.04377880184332
2439,21466,123.1559633027523,162.74621061029117
2440,21903,264.55889301383735,9.309483631454608
2440,21464,435.5104266923324,81.03111966634584
2440,21387,446.3369297163995,100.29747225647348
2440,21466,121.78045339102624,161.92267895776502
2441,21464,435.0103675777568,81.73044297832234
2441,21387,447.040264595916,100.13747483462755
2441,21466,118.82836309245583,165.90623539310087
2442,21464,435.1131386861314,81.74618447246185
2442,21387,446.539314516129,100.37399193548387
2442,21466,118.91266164833044,164.18780158270604
2443,21903,264.9609601688209,10.131891321551041
2443,21464,434.10897875257024,82.4838930774503
2443,21387,452.4361193350034,87.30198132543839
2443,21466,118.22589147286821,166.0493023255814
2444,21903,264.9344687152906,10.37319511292114
2444,21464,434.18680950786745,81.90826916638768
2444,21387,446.9159635504556,99.91258859264259
2444,21466,120.03728986245542,168.2948548140601
2445,21903,269.85635864592865,19.65004574565416
2445,21464,434.72900536033353,81.86450268016677
2445,21387,446.51717305151914,100.42305151915455
2445,21466,119.55822222222223,168.69491358024692
2446,21903,269.0640879787637,19.411073189230187
2446,21464,434.7975138121547,81.3450276243094
2446,21387,452.37668030391586,87.07364114552892
2446,21466,123.1346913688647,168.59935025024146
2447,21903,264.9618406285073,10.065095398428731
2447,21464,435.83296296296294,80.97962962962963
2447,21387,446.91539708265805,99.92771474878444
2447,21466,122.79438826637515,165.71649813245878
2448,21903,264.8500510030602,10.106426385583134
2448,21464,434.79376657824935,81.690649867374
2448,21387,446.4991927671941,100.01162415240556
2448,21466,123.04563024417837,167.70151786556048
2449,21903,265.0850591715976,10.132396449704142
2449,21387,447.0591608813764,100.28041050407485
2449,21466,123.44541605301914,168.10686671575846
2450,21464,435.186642599278,81.36462093862816
2450,21387,446.52205375603035,100.73569951757409
2450,21466,126.48551369524374,170.5865717393454
2451,21903,265.22593997930323,10.09486029665402
2451,21464,434.8454724409449,82.06266404199475
2451,21387,452.392429022082,87.01703470031546
2451,21466,124.56018073447414,173.00221111324745
2452,21464,435.46124166958964,80.9919326552087
2452,21387,446.5609337452798,100.33573635427395
2452,21466,124.5473954729663,173.1851339329841
2453,21903,265.0299823633157,9.767195767195767
2453,21464,435.2310286677909,81.21450252951097
2453,21387,452.2835767723548,87.12682579266121
2453,21466,123.15088439362846,171.87892113749635
2454,21464,434.82874387023764,81.79781214635986
2454,21387,446.4508960573477,100.44193548387096
2454,21466,123.93459481694777,170.9299670917318
2455,21903,265.12920544022904,10.054760200429492
2455,21464,434.9298245614035,81.7485380116959
2455,21387,452.2575962187711,87.13031735313977
2455,21466,122.64638576098801,170.31011623683256
2456,21903,265.3529411764706,10.150405072208525
2456,21464,434.9256689791873,81.76874793524942
2456,21387,452.3586675291074,86.89521345407503
2456,21466,121.89571712205729,170.66219154769783
2457,21903,264.8668977469671,10.045407279029462
2457,21464,434.71698698078114,82.07284562926225
2457,21387,452.32397547595997,87.61987737979993
2457,21466,119.06822926551527,167.80575061681535
2458,21903,265.12271186440677,10.13050847457627
2458,21464,435.07236450268016,81.28260869565217
2458,21387,446.4450261780105,100.250692947336
2458,21466,121.29756744803184,165.34188412206987
2459,21903,265.07892628205127,9.983573717948719
2459,21464,434.10888252149,81.98853868194843
2459,21387,452.45656934306567,87.12226277372262
2459,21466,120.90712228071918,163.07092480381445
2460,21903,264.5326970661011,9.373276776246023
2460,21464,434.2940454266421,82.07458563535911
2460,21387,447.102,100.144
2460,21466,120.97273327672421,164.44730634965563
2461,21903,264.27101073676414,8.101443909663088
2461,21464,435.6439072198628,81.07154524665143
2461,21387,452.3992315752707,87.27803003842124
2461,21466,119.79749222211747,164.77967380032055
2462,21903,264.85709143268537,10.170626349892007
2462,21387,446.324256538875,100.37370118237192
2462,21466,118.75398455069913,163.86359636256967
2463,21903,264.8800432276657,9.369956772334294
2463,21464,434.69169435215946,81.9797342192691
2463,21387,446.2870651806822,100.70077676460656
2463,21466,117.82937603533959,166.0171176145776
2464,21903,265.02564979480167,9.987004103967168
2464,21464,435.1294921294921,81.32313632313632
2464,21387,447.07868649318465,100.20136307311029
2464,21466,118.6451009723261,167.45409498878087
2465,21464,434.91936549900856,81.81758096497026
2465,21387,446.42820181112546,100.20536869340233
2465,21466,118.05584575933138,166.40925064108652
2466,21903,264.92703150912104,10.181094527363184
2466,21464,434.98975672215107,81.80153649167734
2466,21387,446.48449493398834,100.44089653054958
2466,21466,117.1415189640922,166.12131508862154
2467,21903,270.0760162601626,20.1
2467,21464,435.6543450064851,81.01783398184176
2467,21387,446.55022761760245,100.26130500758725
2467,21466,118.339163080304,163.88737295119495
2468,21387,445.46239289114567,100.56585211044113
2468,21466,118.46418312387792,164.45062836624777
2469,21464,434.8922708618331,81.90184678522571
2469,21387,446.28762777581954,100.68946069792034
2469,21466,116.22812322812322,164.7044982044982
2470,21903,264.4604930467762,9.220922882427306
2470,21464,434.4343863912515,81.86391251518833
2470,21387,446.20685434516525,100.3470012239902
2470,21466,118.12268952585052,164.8876685418341
2471,21903,264.7503703703704,10.04111111111111
2471,21464,435.1972907259465,81.19555401180966
2471,21387,452.53917846047636,86.93476009665171
2471,21466,119.35724489795919,166.86663265306123
2472,21464,435.5609250949258,80.95995857783915
2472,22650,445.93386983904827,100.6738978306508
2472,21466,118.50611510791367,166.01897482014388
2473,21903,264.9949139280125,10.312597809076681
2473,21464,436.4249027237354,80.50505836575876
2473,21387,452.3144876325088,87.71908127208481
2473,21466,114.7377420683972,164.2909971157808
2474,21464,435.81349015842534,80.97215554488719
2474,21387,452.4845536365848,87.88494283629288
2474,21466,114.23846343670313,165.58789174960927
2475,21903,265.1364902506964,10.133306804615998
2475,21464,434.0361730899256,82.66125760649088
2475,21387,452.31829573934834,87.14464733261725
2475,21466,111.74664027502865,168.122512761746
2476,21464,434.2404521845402,82.1833180568286
2476,22650,446.4359613586787,100.27204736678092
2476,21466,111.66065509845974,170.8591343341782
2477,21903,264.94944,9.99296
2477,21464,434.1198073449729,82.67278747742324
2477,22650,446.4666455896301,100.39962061334177
2477,21466,115.42836257309942,173.16072733918128
2478,21903,264.9908611599297,10.24323374340949
2478,21464,434.2839179351423,82.10688285903375
2478,22650,446.3494855625622,100.46797212080982
2478,21466,117.47433859960736,173.0702065999813
2479,21903,265.43291666666664,10.364583333333332
2479,21464,435.59144385026735,80.96149732620322
2479,22650,446.5171196611366,100.36604306388988
2479,21466,118.0587912087912,175.0654945054945
2480,21903,264.7959967096244,9.199616122840691
2480,21464,433.9623767514271,82.72184743124026
2480,22650,446.11478873239435,100.60845070422535
2480,21466,118.22527730042181,171.5042180909233
2481,21464,434.7679383969199,81.91319565978299
2481,22650,446.1654109589041,100.3513698630137
2481,21466,117.51138024639799,168.45218208394238
2482,21903,265.12030831099196,10.615616621983914
2482,21464,433.98269785325215,82.81159884652355
2482,22650,446.15131226566683,100.41349758971612
2482,21466,114.1662421630094,170.92564655172413
2483,21903,264.8765841882921,9.857272178636089
2483,21464,434.2214532871972,82.48002516514627
2483,22650,447.11581535099697,99.93417099153237
2483,21466,109.79498566009806,169.93385142011286
2484,21464,434.75426058273774,81.91863661352392
2484,22650,446.18055555555554,100.35345804988663
2484,21466,107.15760869565217,166.6238354037267
2485,21903,269.7875,20.436363636363637
2485,22650,446.9901403109594,100.33503981797497
2485,21466,104.81070174127494,165.75128914131977
2486,21903,264.86642699115043,10.222068584070797
2486,21464,434.90346475507766,81.6984468339307
2486,22650,452.50941028858216,87.82233375156838
2486,21466,102.15029828154216,166.94061080936694
2487,21903,264.35760760760763,9.075825825825826
2487,21464,434.99125,81.78525
2487,22650,447.29639551875306,100.10375060886507
2487,21466,100.83434998093786,168.58368280594738
2488,21903,264.8045407098121,9.284968684759917
2488,21464,434.995250816266,81.65598100326507
2488,22650,446.4006144393241,100.28725038402457
2488,21466,98.76437144662034,168.4647294167193
2489,21464,435.7436514300989,80.90617481956696
2489,22650,447.0156706507304,100.16733067729083
2489,21466,99.08439415370108,168.18236680810938
2490,21903,264.837852494577,10.260845986984815
2490,22802,282.6670976082741,13.500646412411118
2490,21464,434.80682895984825,81.91084413531458
2490,22650,445.31154422788603,100.91064467766117
2490,21466,98.64792102901585,168.93319373815933
2491,21903,265.24741641337386,10.38632218844985
2491,22802,282.2274199352285,13.570708888089241
2491,21464,434.85485714285716,81.862
2491,22650,452.9968607305936,88.03025114155251
2491,21466,101.37856568903175,169.88238248292487
2492,21903,264.8991442542787,9.937958435207824
2492,21464,434.9743119266055,81.26290956749672
2492,22650,446.3187001140251,100.40963511972635
2492,21466,101.57407578132202,172.13340094035217
2493,21903,265.2237526782981,10.38200183654729
2493,22802,282.04213091922,12.486768802228411
2493,21464,435.47439435755905,81.40447715424716
2493,22650,445.44010332579916,100.92670326122054
2493,21466,101.85289809583595,170.79786566227244
2494,21903,264.7872611464968,9.755732484076432
2494,21464,435.59466019417476,81.16777912621359
2494,22650,446.2183214481624,100.71338453099287
2494,21466,103.79901074859697,172.78217445068012
2495,21464,434.8510575793184,81.93419506462985
2495,22650,446.3546078992559,100.3457355466514
2495,21466,105.15853774935573,171.8511024148134
2496,21903,264.963358338142,9.859492210040393
2496,21464,434.7863447559709,81.8481308411215
2496,22650,446.2790645378907,100.42568023386553
2496,21466,102.26391848077813,174.21083835108846
2497,21903,264.915731874145,10.819972640218879
2497,22802,282.6626044568245,13.428621169916434
2497,21464,434.96870205584537,81.78306228904572
2497,22650,446.4270804723977,100.21367756110959
2497,21466,101.06426437999808,176.15309760092495
2498,21903,264.9722877358491,10.002358490566039
2498,22802,282.08193548387095,12.569032258064517
2498,21464,435.8573046432616,80.93714609286523
2498,22650,446.93717124488603,100.16832261835184
2498,21466,100.98192284386992,178.92001615835184
2499,22802,281.8382749326146,11.679544773884396
2499,21464,434.9640251572327,81.70993710691823
2499,22650,446.38071853192037,100.5929180666839
2499,21466,102.93349973257266,177.53467641290783
2500,21903,270.67485822306236,20.854442344045367
2500,21464,433.93837893121963,82.58731782152903
2500,22650,446.51607801792306,100.69504480759093
2500,21466,104.2015503875969,179.85502030269473
2501,21903,264.5934210526316,9.228421052631578
2501,22802,282.1542476080023,13.408814149028704
2501,21464,434.71320860094943,81.92739458251884
2501,22650,446.56946876824287,100.35201401050789
2501,21466,102.73468417047184,177.83723363774735
2502,21464,434.66328437917224,81.7615487316422
2502,22650,446.94248653940286,100.33137542829172
2502,21466,102.6604858149453,175.33654737622845
2503,21903,264.6544235068668,9.275311402107953
2503,22802,282.88446601941746,13.776375404530745
2503,21464,434.91167282022155,81.58335700085203
2503,22650,446.34613163972284,100.27973441108546
2503,21466,103.42142418661756,174.15786781256395
2504,21903,265.0686504829026,10.016183764030279
2504,21464,434.01701222753854,82.6398192450824
2504,22650,452.34107708553324,87.76267159450897
2504,21466,105.0655219159512,175.8262087663805
2505,21903,269.85981012658226,19.825949367088608
2505,21464,434.53614144565785,82.49713988559543
2505,22650,446.23214736310877,100.3075952561191
2505,21466,103.476051720998,174.68594063012202
2506,21903,270.01888,19.85504
2506,21464,435.44645628556646,81.44904293843766
2506,22650,446.2840048840049,100.8090354090354
2506,21466,105.91373772597963,177.04331467376343
2507,21903,265.4256064690027,11.019407008086255
2507,22802,281.68512851897185,11.590575275397796
2507,21464,434.95424107142856,81.74302455357143
2507,21466,107.72475113559486,180.6288779356335
2508,21903,264.75659229208924,9.323275862068964
2508,22802,283.05474452554745,13.798053527980535
2508,21464,434.8726919339164,81.89115646258503
2508,22650,446.5702321129457,100.36468054558507
2508,21466,105.26622902990518,181.93572210065645
2509,21903,264.76633165829145,9.341708542713569
2509,21464,435.6990740740741,81.22350823045268
2509,22650,447.1413496932515,100.04294478527608
2509,21466,104.95461157986617,181.52594316749102
2510,21903,264.665489070435,9.313755795981454
2510,21464,435.60790530543227,81.26210103572184
2510,22650,446.4130571249215,100.36032642812305
2510,21466,103.59012658227849,181.75147679324894
2511,21903,264.6063968668407,9.895343777197564
2511,21464,435.7962175945601,80.90862728431789
2511,22650,447.15754422476584,100.13985431841832
2511,21466,101.57118957471164,183.57462358017082
2512,22802,282.27266982622433,13.533017377567141
2512,21464,435.7049046321526,80.85122615803814
2512,22650,446.949733434882,100.17847169332317
2512,21466,98.00140982539855,184.68723565773777
2513,21464,435.4254130223518,81.18148688046648
2513,22650,446.1971969510696,100.75264322596509
2513,21466,96.9785061272126,183.2624003112235
2514,21903,264.7611607142857,9.955109126984127
2514,22802,282.05221518987344,12.605485232067512
2514,21464,433.96825781439304,82.41773685485825
2514,22650,446.55475880052154,100.27944372012169
2514,21466,95.21308351857732,183.1345400656293
2515,21464,434.0416200074655,82.65024262784621
2515,22650,447.09946544482625,100.13936617029401
2515,21466,92.14357106555988,179.9044553616805
2516,21464,434.25722595891654,82.01181603344847
2516,22650,446.158841778697,100.79503619441572
2516,21466,89.21775997018263,179.53289228475586
2517,21903,264.09307003108427,7.970744194551107
2517,21464,435.8376195186284,80.99373557533795
2517,21466,88.60180575478863,176.46148004387814
2518,21464,435.0909273384183,81.59895624247291
2518,22650,446.15037910699243,100.71314237573715
2518,21466,89.43205763169743,173.10914002701486
2519,21903,265.23084200567644,10.169725638599811
2519,21464,434.99010477299186,81.82925882809468
2519,22650,446.17528735632186,100.66020114942529
2519,21466,89.18476445038424,174.32475776812564
2520,21903,265.0546059933407,10.02330743618202
2520,21464,434.8980175761292,81.91375434293889
2520,21466,89.83484848484848,175.31310160427807
2521,21464,433.8924595673178,82.88132745221593
2521,22650,446.3288563288563,100.81929181929182
2521,21466,91.30284096456117,175.96436590842526
2522,21903,264.93142857142857,9.866153846153846
2522,21464,434.2345591702027,82.26261197548327
2522,22650,447.1176009408075,99.97608780870247
2522,21466,93.29163461538461,177.2841346153846
2523,21464,433.9206313416009,82.84689966178128
2523,22650,446.95409576573013,100.29343094578552
2523,21466,91.75644966005402,179.24103567104405
2524,21464,434.7899978350292,81.97943277765751
2524,22650,446.5699871583196,100.3641533663548
2524,21466,91.55869283466025,179.93899277911498
2525,21464,434.0573139435415,82.61056458511548
2525,22650,452.9410484668645,87.1944609297725
2525,21466,92.91889409387343,178.34527418021494
2526,21903,264.8714197403668,10.137852874510612
2526,21464,434.0101159114858,82.70200210748156
2526,22650,446.42492012779553,100.23078368727683
2526,21466,89.77758383096004,179.02177308222323
2527,21903,265.0585945502971,10.317557877484122
2527,21464,434.7703109327984,81.78234704112337
2527,22650,445.9158369340597,100.67837685515687
2527,21466,92.86662141523841,176.1475479382318
2528,21464,434.8167964781578,81.57924144937351
2528,22650,446.3028897609704,100.61523367820193
2528,21466,92.63743180864456,178.27981535879144
2529,21903,265.33859948761744,11.037147736976943
2529,21464,434.90180986061995,81.77199916788018
2529,22650,446.41752277573175,100.28784648187633
2529,21466,93.65178493876488,179.04742465039521
2530,21464,435.1010861948143,81.22950245269797
2530,22650,447.06567303213785,100.1877037727061
2530,21466,92.98703181020673,178.21046609199786
2531,21903,265.63340724316333,10.429662478442967
2531,21464,435.0350795135641,81.30636108512628
2531,22650,445.9673717371737,100.91404140414042
2531,21466,92.19911460895229,177.8237088047221
2532,21903,264.8523381294964,10.032194244604316
2532,21464,434.23664870161684,81.84305079209538
2532,22650,446.16196602342075,100.67887184562098
2532,21466,93.44125846276384,177.54066109119873
2533,21903,264.89611821790913,10.164755183061313
2533,22650,445.9092577487765,100.64294453507341
2533,21466,93.72748035812168,179.5995797551617
2534,21903,264.91204506065856,10.117562102830734
2534,21464,434.6574709215628,81.95168505815687
2534,21466,93.45929191348671,176.87105661936906
2535,21903,264.54495524816923,9.282953620829943
2535,21464,434.8707375099128,81.90404440919905
2535,22650,446.20731937370306,100.64082248632333
2535,21466,91.84310329898693,172.20824313793403
2536,21903,264.84262368479966,10.167674054175063
2536,21464,435.1505303543218,81.24486571879937
2536,22650,446.11306532663315,100.3396147403685
2536,21466,93.85129419725935,171.2239891727288
2537,21464,434.8410346559518,81.9984932194877
2537,22650,446.8931500241196,100.28099372889533
2537,21466,94.59175092601862,170.92551806987686
2538,21903,265.7478662053056,11.15432525951557
2538,21464,434.68401572981725,81.80360860513532
2538,22650,446.1758871500992,100.35441921974873
2538,21466,94.98530713400602,171.2815542573907
2539,21903,265.1607101683191,10.120820843901313
2539,21464,434.76279179438814,81.90002357934449
2539,21466,94.4665058452403,171.12933753943219
2540,21903,264.96588868940756,10.248154797526432
2540,21464,434.73903050564144,82.03781863769328
2540,22650,446.5909364347303,100.33426909965911
2540,21466,94.11123605224462,170.76515872329384
2541,21903,264.70129212059794,9.383582467696986
2541,21464,435.5181714285714,81.34125714285715
2541,22650,447.1141451414514,100.08708487084871
2541,21466,94.20311479996269,170.88221579781776
2542,21903,264.64814814814815,9.088081671415004
2542,21464,434.5594484629295,81.91546112115732
2542,22650,446.0602437880919,100.68729488982653
2542,21466,95.5802798134577,171.08137432188065
2543,21903,264.81993924330294,9.750069041701188
2543,21464,434.8200737618546,82.00605900948366
2543,21466,96.85896381578948,172.14514802631578
2544,21903,264.8983379501385,9.944598337950138
2544,21464,434.63920039005365,81.93515358361775
2544,22650,446.24422442244224,100.43092880716642
2544,21466,95.43793911007026,172.5197998722589
2545,21903,265.165604054275,10.07127676965833
2545,22650,446.4030619755631,100.35727955248049
2545,21466,94.94479234146692,174.39998560426113
2546,21903,264.90896118721463,9.881849315068493
2546,21464,434.2975113122172,82.79468325791855
2546,22650,446.2247882986913,100.5275853220426
2546,21466,96.40874422601783,173.16521645719197
2547,21903,270.66195426195424,21.103950103950105
2547,21464,434.7369106538161,81.97864027090388
2547,22650,446.2749252920402,100.43901113827764
2547,21466,97.86269586179188,173.38931297709922
2548,21903,264.97873608903024,9.922893481717011
2548,21464,434.8003203416978,81.9147535148603
2548,22650,446.96346386758177,99.99091643116674
2548,21466,96.64584980237154,172.1886166007905
2549,21903,264.6841466375334,9.22869628550619
2549,21464,434.8597114317425,81.76648168701443
2549,22650,446.3400601116359,100.67260626878489
2549,21466,96.14924980257963,167.5430376414846
2550,21903,264.7299578059072,10.115893108298172
2550,21464,434.7835509138381,81.82637075718016
2550,22650,445.407887628309,101.09400324149108
2550,21466,93.58941515241783,167.2826928805481
2551,21464,434.8111332007952,81.91394490201647
2551,22650,445.3514912496919,100.90978555582943
2551,21466,94.24759397130924,166.75122571272925
2552,21464,435.0187125748503,81.67689620758483
2552,22650,446.19343326195576,100.76968831786819
2552,21466,93.97052370504626,165.38061623581035
2553,21464,434.82075736325385,81.84207573632538
2553,22650,446.2074438970991,100.62534209085933
2553,21466,93.318584972984,168.35712101131614
2554,21464,434.8476890756302,81.96376050420169
2554,22650,446.19427511264246,100.62549695202756
2554,21466,96.27804827514763,167.54138609758624
2555,23479,264.7240695881964,9.354547456507376
2555,21464,434.81940809341654,81.61767666599557
2555,22650,446.0345814977974,100.61431718061674
2555,21466,97.61257750221435,170.42471213463241
2556,23479,264.9932333039129,10.21300382465431
2556,21464,434.85138004246284,81.80122080679405
2556,22650,446.2425352112676,100.3456338028169
2556,21466,100.26061391269683,172.08451265696633
2557,23479,264.6319476879963,9.331153666510975
2557,21464,434.82861862481934,81.523435886847
2557,22650,445.3998174349612,100.55864901871291
2557,21466,102.94047915112327,168.96601177153278
2558,23479,269.7778691896339,20.62937062937063
2558,21464,434.0901393062005,82.70308658836383
2558,22650,445.5531038540747,100.53839364518976
2558,21466,103.73982375157365,168.4050566512799
2559,23479,264.83183337618925,10.215222422216508
2559,21464,434.0787949015064,82.21436848203939
2559,22650,446.3050292397661,100.42479532163743
2559,21466,102.52902185596561,166.09208169115013
2560,23479,265.63815614175326,11.075672795097255
2560,21464,434.75495108565974,81.80983058935814
2560,22650,446.43394051187454,100.43832142033664
2560,21466,102.0231830726771,165.4641214351426
2561,23479,269.93895553987295,19.98800282286521
2561,21464,434.2434933487565,82.17524580682475
2561,22650,446.57169811320756,100.4644204851752
2561,21466,102.44545984833755,169.94011277464514
2562,23479,264.9270581925449,10.124161973719495
2562,21464,435.8059416734805,80.98419187789588
2562,22650,446.99665809768635,100.23778920308483
2562,21466,103.34781070322866,169.9812472357364
2563,23479,265.1239371296058,10.308940994589022
2563,21464,434.71717451523546,82.14570637119114
2563,22650,446.47166276346604,100.38524590163934
2563,21466,100.8596096096096,168.64893018018017
2564,23479,264.6686443191931,10.279145654108573
2564,21464,434.9933574879227,81.91032608695652
2564,22650,446.4004024144869,100.47254958321356
2564,21466,98.78735632183908,167.4377052545156
2565,23479,264.84328567423603,9.340342024109896
2565,21464,435.56025538707104,81.31524341580207
2565,22650,446.416138804737,100.40567336821812
2565,21466,96.99838644614763,166.34177087535298
2566,21464,434.88832788832786,81.85981585981585
2566,22650,447.15419929786657,100.04401836348906
2566,21466,96.0166561910748,165.21234024722398
2567,23479,264.79194630872485,9.357583892617448
2567,21464,434.97770880361173,81.8323927765237
2567,22650,447.1191522357198,100.06590850348927
2567,21466,95.07228457295035,163.48620886437132
2568,23479,264.829475924448,10.027932960893855
2568,21464,434.72004780400357,81.68060950104571
2568,22650,446.92620599739246,100.07457627118644
2568,21466,94.84820291842131,161.55254137694644
2569,23479,264.8723208112468,10.227471767688407
2569,21464,434.71435142594294,81.53334866605336
2569,22650,447.21953385127637,100.12341842397336
2569,21466,94.93432272876353,160.38889799934404
2570,23479,265.0729743331656,10.354554604932058
2570,21464,434.9055772994129,81.96991193737769
2570,22650,446.3921244989389,100.3461447771752
2570,21466,92.85872269836881,160.0710533591374
2571,23479,264.25082399472643,8.102834541858932
2571,21464,434.1233425840271,82.74622263336417
2571,22650,446.12009373169303,100.4502050380785
2571,21466,90.96420310606895,155.77354334177772
2572,23479,264.32703862660946,9.139055793991417
2572,21464,434.32521645021643,82.8771645021645
2572,22650,446.26888464685027,100.39814562312517
2572,21466,90.64042352447845,155.56945172449943
2573,23479,264.8206686930091,10.232384636639956
2573,21464,434.7612320518759,81.82098193608152
2573,22650,446.4549642939415,100.2480995162405
2573,21466,90.87544696066746,156.35349622566548
2574,21464,434.72202369757383,81.76415271769795
2574,22650,446.9800149420994,99.97964138961524
2574,21466,92.7034091803795,156.270608613495
2575,23479,270.22229869236065,20.92911218169305
2575,21464,434.95684803001876,81.88273921200751
2575,22650,446.8092718568909,100.24464600655077
2575,21466,93.77895126922364,156.45905132481008
2576,23479,269.4555360281195,19.37117750439367
2576,22650,446.26511249661155,100.1398753049607
2576,21466,92.2561915527695,159.611447949851
2577,23479,265.48786589942455,10.431573680260195
2577,21464,434.40381851775817,81.92855676452474
2577,22650,446.271832460733,100.20921465968587
2577,21466,90.0426094890511,161.52043795620438
2578,23479,264.9093073593074,9.145238095238096
2578,21464,435.1426488962932,81.24427321949187
2578,22650,446.99067164179104,100.07939469320067
2578,21466,87.40489759572573,163.53837934105076
2579,21464,434.7513379204893,81.70240825688073
2579,22650,446.2662395050817,100.43990278391516
2579,21466,88.64733362714853,163.32366681357425
2580,21464,435.7760603204524,80.9334590009425
2580,22650,446.72405580129293,100.15158217080639
2580,21466,85.32971723279388,164.18913391428063
2581,23479,264.8500208594076,10.209637046307884
2581,21464,435.0992600613608,81.72351561090056
2581,22650,445.2817970892217,100.77515292132462
2581,21466,85.50575855497556,162.31933051619853
2582,23479,264.7099061999542,9.341111873713109
2582,21464,435.6648546442921,80.96643819428031
2582,22650,446.0720356991075,100.59796005099872
2582,21466,85.40646910348696,160.814246985136
2583,23479,264.5976086956522,9.165652173913044
2583,21464,435.0867316490949,81.55142231947484
2583,22650,446.332660068673,100.65400929105232
2583,21466,85.5395791142027,160.20762525314782
2584,23479,264.61021784232366,9.077022821576763
2584,21464,435.7963125548727,80.86918349429324
2584,22650,446.9800351031154,100.20864414216761
2584,21466,87.938882532418,160.61575133485889
2585,23479,264.4751823100447,8.87861679604799
2585,21464,434.83738026286477,82.02918244597906
2585,22650,446.2035722463934,100.22876116326998
2585,21466,87.59811703895144,161.8850839948311
2586,23479,265.1499537892791,10.161968576709796
2586,22650,446.58694649446494,100.27075645756457
2586,21466,87.04341694368892,161.7991336758336
2587,23479,264.87044917257685,9.95886524822695
2587,21464,435.5908691834943,81.0941615452151
2587,22650,452.26000889679716,87.25489323843416
2587,21466,88.18965018791559,161.5181651729787
2588,23479,265.08597396217147,10.150331613854089
2588,21464,434.8290531776913,81.95642023346304
2588,22650,446.43452238448646,100.43236772803448
2588,21466,90.3147856679937,158.05379131561892
2589,23479,264.9401953776507,9.989039790326423
2589,21464,434.4650630011455,82.5553264604811
2589,22650,446.2072300253281,100.1441399953949
2589,21466,91.2547289846467,157.5317669013487
2590,23479,265.2019812878371,10.091634562465604
2590,21464,433.84742740703007,82.78171166581762
2590,22650,446.98232848232846,99.9106029106029
2590,21466,90.56294607454402,157.35269627279936
2591,23479,264.96257142857144,9.93057142857143
2591,21464,434.64251718667373,82.09439450026441
2591,22650,446.248167539267,100.25026178010471
2591,21466,92.51527955193083,157.86479316104942
2592,23479,264.9036458333333,9.958912037037038
2592,21464,434.84945953071446,81.76008436593725
2592,22650,446.3303295571576,100.21395468589084
2592,21466,92.10976847154322,156.85683977492852
2593,23479,264.8467741935484,9.687247983870968
2593,21464,434.75171781951445,81.95029775538251
2593,22650,452.37703703703704,86.75407407407407
2593,21466,92.99088755239657,157.04428649535265
2594,23479,264.7869961753457,9.26978523095028
2594,21464,435.7035626869731,81.08050040794126
2594,22650,446.2230406599882,100.38715380082499
2594,21466,94.6681330472103,157.60654506437768
2595,23479,264.8863384955752,9.902654867256636
2595,21464,434.82513925890044,81.65705982077985
2595,22650,446.38371526084836,100.38200877620673
2595,21466,95.24450784593438,158.81797432239657
2596,23479,264.80618279569893,9.33494623655914
2596,21464,433.24036979969185,83.50385208012327
2596,22650,446.5047545618093,100.40863531225907
2596,21466,94.74416332910032,156.73302725407834
2597,23479,264.9267306720566,10.171045982819606
2597,21464,434.76616915422886,81.84676616915422
2597,22650,446.9518102372035,100.1665418227216
2597,21466,94.16782168945495,158.47274770556285
2598,23479,264.7163179916318,9.368479776847977
2598,21464,434.0986788891885,82.80695605284443
2598,22650,452.31427015250546,87.72903050108933
2598,21466,92.52676221117285,159.24549088427415
2599,23479,264.967106967107,10.081326081326083
2599,21464,434.7017287557828,81.93864134404674
2599,22650,447.22919150965896,100.10088242308609
2599,21466,94.55814371796025,160.76535659681625
2600,23479,264.9082234072411,10.04350266629245
2600,21464,434.6035771489589,81.87426588360918
2600,22650,446.1089983931441,100.7643277986074
2600,21466,95.15863910592424,158.6633369597468
2601,23479,265.10475,10.1555
2601,21464,435.6519865964576,81.10244135950215
2601,22650,447.16993166287017,100.09316628701595
2601,21466,90.90284601835543,160.9957356076759
2602,23479,265.02067247820673,10.188542963885428
2602,23897,281.71874255775185,12.070254822576803
2602,21464,435.6154024588263,81.0011598237068
2602,22650,447.1150481189851,100.1920384951881
2602,21466,88.70925150245857,161.76297577854672
2603,23897,282.37667887667885,13.40140415140415
2603,21464,434.83166045311157,81.86607398910238
2603,22650,446.0747971602434,100.70461460446248
2603,21466,90.44711849773365,161.94819771206562
2604,23479,265.1328842620943,10.114206981016533
2604,21464,434.9501187648456,81.86883082607548
2604,22650,447.1370198855898,100.2465268319259
2604,21466,88.72429710449013,162.55633655056653
2605,23897,281.7845057880677,12.883051350549124
2605,21464,434.77839941620044,81.72366820724885
2605,22650,446.5920686456401,100.34276437847866
2605,21466,88.56687220922815,163.13012970444396
2606,23479,264.67281834959135,9.472976535723703
2606,23897,282.00735764555344,12.964491362763916
2606,21464,433.94119241192413,82.76260162601626
2606,22650,446.39700567888485,100.40320082601961
2606,21466,87.01055609968441,160.77364239851997
2607,23897,281.7352292228487,11.955871537141455
2607,21464,435.7638392857143,80.97946428571429
2607,22650,446.17898832684824,100.23643854428931
2607,21466,84.88978706624606,160.58773659305993
2608,23479,264.53747555941777,9.344340647403868
2608,23897,282.4621212121212,13.475028058361392
2608,21464,434.8561449465182,81.88343156516045
2608,22650,446.9817456986991,100.2608057070919
2608,21466,82.54992921703148,162.791680278776
2609,23479,269.8740469655383,20.007014333638303
2609,21464,435.7633245958934,80.91601135867191
2609,22650,446.45900934780275,100.43021381755668
2609,21466,78.56769972451791,164.92444903581267
2610,23479,264.5983531564501,9.298627630375115
2610,23897,281.72343177408925,12.479844794136667
2610,21464,435.58957887223414,80.98447537473234
2610,22650,446.2623415925856,100.36447891053527
2610,21466,76.78591403417919,166.96053858104608
2611,23479,269.84515522107245,19.80997177798683
2611,21464,435.80683947532793,80.78669581511555
2611,22650,447.12258643915584,100.11240832210747
2611,21466,76.7602143924084,166.7583692118443
2612,23897,282.0969613681478,12.673843334860283
2612,21464,435.5121195039459,81.17150507328073
2612,22650,446.9947429157584,100.16130273111938
2612,21466,78.57038911736792,166.1784245491933
2613,23479,269.88802141423156,19.793441891590454
2613,21464,434.1376811594203,82.45945479641132
2613,22650,447.21986693485997,100.28872040847904
2613,21466,79.94391756337771,161.91090643808135
2614,23479,269.59461715001044,19.493427915710413
2614,21464,434.8561173533084,81.52215980024968
2614,22650,447.2498095963442,99.93221629855293
2614,21466,79.4593080138753,161.67384150137863
2615,21464,434.26327140013274,82.20471134704711
2615,22650,452.2938775510204,87.2141156462585
2615,21466,77.7163080407701,163.20545488863723
2616,23479,265.1944045911047,10.193830703012912
2616,23897,281.3740024183797,10.844981862152359
2616,22650,447.1260147825033,99.9041560644614
2616,21466,76.240304458137,159.3141718013773
2617,23479,264.123861047836,8.510392938496583
2617,23897,282.0035016049022,12.501896702655383
2617,21464,435.0515089959373,81.56326175275682
2617,22650,446.59871901977164,100.32191590086327
2617,21466,76.75193861066236,153.3023424878837
2618,23479,264.91834717279556,10.211348359035192
2618,21464,434.8661648613916,81.79842114925647
2618,22650,446.4352778736624,100.32481877804625
2618,21466,75.24213006597549,153.20216776625824
2619,23479,264.99247851002866,10.137356733524356
2619,22650,446.4904623836411,100.20494430032046
2619,21466,74.98283518360375,154.20742954739538
2620,23479,265.13398154251814,10.562458800263677
2620,23897,281.91072075335023,12.70047084389714
2620,21464,435.0759222661397,81.2256258234519
2620,22650,446.2839709762533,100.60554089709763
2620,21466,72.50026023594725,152.73291117279666
2621,23479,265.17534246575343,11.047749510763209
2621,23897,282.60594955809444,13.864194869583962
2621,21464,435.60104205433566,80.92817268328992
2621,22650,446.5289334341906,100.41017397881997
2621,21466,70.81926015279453,153.61690792119018
2622,23479,265.26555409164104,10.310642658468746
2622,21464,434.18317189533036,82.04076911956051
2622,22650,447.58402282453636,99.57860199714693
2622,21466,69.06193139136967,154.9521742759369
2623,23479,265.6216648026841,11.141396389199553
2623,23897,282.73148840688106,13.69166043380703
2623,21464,434.561797752809,81.73189282627484
2623,22650,446.26709367493993,100.26373098478783
2623,21466,66.21995687120173,154.16977063320917
2624,23479,265.08375056895767,10.291913214990139
2624,21464,434.6538644659578,82.13235994286622
2624,22650,446.2858531167569,100.35818408996252
2624,21466,63.98093909809391,152.36466759646675
2625,23479,264.79384507781083,9.137611470536807
2625,21464,435.7184622839606,81.04619609109999
2625,22650,446.39728122344945,100.11231945624469
2625,21466,66.58429319371727,151.93403141361256
2626,23479,265.3139904610493,10.255802861685215
2626,23897,282.06577134986225,12.607610192837466
2626,24155,337.61353711790395,24.151746724890828
2626,21464,434.7917808219178,81.73070104754231
2626,22650,446.24788237174363,100.30877417292632
2626,21466,65.15248487071337,151.92811296534018
2627,21464,434.42467612584824,82.41912399753238
2627,22650,447.005033557047,99.83700862895493
2627,21466,64.81856429134893,154.896485230958
2628,23479,265.0303805083471,10.167393593021508
2628,24155,349.5150709219858,25.55141843971631
2628,21464,434.7359200622891,81.77251492343629
2628,22650,446.2159361433973,100.3598935723288
2628,21466,65.67905056759545,156.13699690402476
2629,23897,279.8364011424944,7.864328784512853
2629,21464,434.15023771790806,82.14770206022187
2629,22650,446.2658465744063,100.16692294549803
2629,21466,64.05284687672747,160.76130458817025
2630,23479,265.557018665303,11.012656609562772
2630,23897,282.057655272027,12.494463168030814
2630,24155,337.90611160318866,24.937112488928257
2630,21464,434.7070063694268,81.5590941259731
2630,22650,452.3766433732086,86.9091555134431
2630,21466,62.92377789133027,163.0915516947709
2631,23479,264.67526142386475,9.343503796017764
2631,21464,434.30838580423585,82.55123068116771
2631,22650,452.893525578816,87.18494385137946
2631,21466,64.22159465311117,163.6532053092347
2632,23479,264.7807603017992,9.837057457922228
2632,23897,282.2050972501677,12.445338698859825
2632,24155,351.0215767634855,26.869709543568465
2632,21464,435.2977128335451,81.25489199491741
2632,22650,446.459752519454,100.28473019517796
2632,21466,63.06387020182034,162.54705184012664
2633,23479,265.0636135857461,10.149638084632517
2633,21464,434.8659173022882,81.6957045363308
2633,22650,446.21032275273404,100.46599093091491
2633,21466,65.19173447929049,159.94852336106794
2634,21464,434.9581471551981,81.22520107238606
2634,22650,452.9645710839741,87.85315845017338
2634,21466,65.82085407889697,157.41583684412103
2635,23479,265.0288920417903,10.278214884560814
2635,23897,282.0893260667287,12.624750764322744
2635,24155,351.57339449541286,30.59250764525994
2635,21464,434.2512641869873,82.18743679065064
2635,22650,446.1747101963567,100.73882185947481
2635,21466,64.81843599825251,159.46736566186107
2636,23479,264.69022647818815,9.362213102295183
2636,23897,282.601425793908,13.8199935191186
2636,24155,350.7816091954023,31.187042842215256
2636,21464,435.0402675014229,81.32327831531019
2636,22650,446.44846796657384,100.35698577921126
2636,21466,64.9291445142581,160.52885451909134
2637,23897,281.8318795723129,12.644063027574564
2637,24155,351.2634186622626,30.031379025598678
2637,21464,434.9210769433813,81.7883067176983
2637,22650,446.5050492906949,100.16770858379418
2637,21466,65.38559920272402,159.76530188522548
2638,23479,264.44184069936864,9.175813501699853
2638,23897,280.8718374118623,10.033734273468824
2638,21464,434.7874784606548,81.91912693854107
2638,22650,447.2065193611901,99.87048785823671
2638,21466,64.50621799561083,161.99561082662765
2639,23479,265.0339691664489,10.154559707342566
2639,21464,435.6057457996665,81.06066435808644
2639,22650,446.2707628221817,100.6933090341057
2639,21466,64.12075205225527,162.16691676229146
2640,23479,264.7458628841608,10.029787234042553
2640,24155,342.97116968698515,33.827841845140036
2640,21464,435.78568197240446,80.95577923546709
2640,22650,447.03640051238256,100.08038001707942
2640,21466,64.07286601331637,162.86189870576794
2641,23479,264.88875272331154,10.494417211328976
2641,23897,282.2789364750836,13.500238815475242
2641,21464,434.4850458593646,82.55762328858168
2641,22650,446.95675458562056,100.18221984201365
2641,21466,66.79868999253793,164.23240195672
2642,23479,265.2343035843156,9.58419533317296
2642,24155,348.9347471451876,30.42332789559543
2642,21464,435.7687142228093,80.90686922060766
2642,22650,452.7929274949567,87.72979708081168
2642,21466,65.18686322939179,161.798317381908
2643,23479,264.77799256505574,10.24267657992565
2643,23897,281.85151426051164,11.629373713613642
2643,24155,343.02748815165876,36.49478672985782
2643,21464,435.21434770031817,81.25007231703789
2643,22650,446.9704713983051,100.0166843220339
2643,21466,65.64615530482601,160.26348724755854
2644,23479,264.689436262062,9.380650076180803
2644,23897,282.71246749692074,13.74654440947037
2644,21464,435.7711103126123,80.78572284105881
2644,22650,452.2823133341349,86.94793795839846
2644,21466,68.9127047225314,160.73843218317697
2645,23479,265.0875702343429,10.258599424420995
2645,21464,434.69872244840656,81.91029060788993
2645,22650,452.3587318502731,87.01904888770481
2645,21466,71.79662173690497,160.54640846271968
2646,23479,265.0483775811209,10.166076696165192
2646,22650,452.28823529411767,87.02852941176471
2646,21466,70.34687785056803,158.72609669126794
2647,23479,264.919251716789,10.152971820980346
2647,23897,282.54883603238864,13.524164979757085
2647,21464,433.9913892078071,82.71481056257176
2647,22650,446.423661971831,100.65307042253521
2647,21466,72.84809846698113,153.53029186320754
2648,23479,269.62286090390523,19.539710399297938
2648,21464,434.7513468013468,81.76144781144781
2648,22650,446.525,100.36925675675676
2648,21466,72.06838390319919,149.8232651938766
2649,23479,264.9527062532843,10.11297950604309
2649,23897,282.99936748893106,14.703984819734345
2649,21464,434.4625716332378,82.42603868194843
2649,22650,452.406894100924,87.21730632551528
2649,21466,73.93843251586348,149.42900017149717
2650,23479,264.979468826521,10.28611791297796
2650,23897,282.0743833754127,12.65177704408623
2650,21464,434.5522898154477,82.41541353383458
2650,22650,446.9342572249451,100.08551630894034
2650,21466,72.594846382557,151.9575817641229
2651,21464,434.9242702251877,81.80817347789825
2651,22650,446.94912414318355,100.08895658796649
2651,21466,72.22760151241164,154.40128226204175
2652,23479,264.8191558865804,10.110544884359076
2652,21464,434.83762570517536,81.70039244542556
2652,22650,446.5052887537994,100.40814589665654
2652,21466,73.56382039263637,151.77100740438829
2653,23897,282.02330434782607,12.579478260869564
2653,21464,434.8758778376613,81.59349991834068
2653,22650,446.26058631921825,100.66465022491082
2653,21466,75.5161756442161,151.5358433009553
2654,23479,264.85714285714283,9.080662020905923
2654,21464,434.6243342210386,81.82473368841545
2654,22650,446.13199142055765,100.66424682395645
2654,21466,76.41302118933697,154.79690704032808
2655,23479,265.1923647146034,10.31245366938473
2655,21464,434.7242112725984,81.90552995391705
2655,22650,446.4782761653474,100.7730870712401
2655,21466,78.87520465708569,155.88993996725486
2656,23479,264.57025662599915,9.273033235170383
2656,21464,434.2529960053262,82.15579227696405
2656,22650,447.093104719764,100.09328908554572
2656,21466,81.08038147138964,155.91660179058
2657,21464,434.62660322714106,81.90939180802648
2657,22650,446.26616106897796,100.34434814012279
2657,21466,80.8452666134327,154.29367403069824
2658,22650,446.9541582150101,100.14063556457066
2658,21466,82.24948697711129,158.20789265982637
2659,23479,264.7465126416739,9.341107236268527
2659,21464,434.9187806873977,81.84738134206219
2659,22650,446.8940423830468,100.13154738104758
2659,21466,84.10537594335227,160.49445634957607
2660,23479,269.7333134684148,19.71990464839094
2660,21464,435.74396961063627,80.75821462488129
2660,22650,446.10856031128407,100.31478599221789
2660,21466,84.83469906753321,160.73862673071488
2661,23479,264.82647734391315,9.267905617039048
2661,21464,434.7308241170175,81.75240813414199
2661,22650,446.3176470588235,100.65085388994308
2661,21466,84.26313799621929,161.41162570888469
2662,21464,434.9339969703527,81.57974464401644
2662,22650,451.97659001450177,87.00124300807956
2662,21466,82.22694845728553,160.95960406634563
2663,23479,265.42985365853656,10.564878048780487
2663,21464,435.2111396405293,81.30574758048587
2663,22650,446.573732718894,100.36194316436251
2663,21466,81.48544260366631,161.07822762474268
2664,23479,265.08690393918454,10.247926744989634
2664,21464,434.2899580238941,82.47901194704554
2664,22650,447.19639859606286,100.16343659392645
2664,21466,83.28293210711388,162.1119826886665
2665,23479,265.006160164271,10.012776637006617
2665,21464,435.78787210584346,80.88974641675854
2665,22650,446.30743171712896,100.43044674994707
2665,21466,85.19097258417597,162.4768060043782
2666,23479,265.0124190064795,9.909827213822894
2666,21464,434.9506951180084,81.81910766246362
2666,22650,446.29342560553636,100.31159169550173
2666,21466,83.41447307227234,156.5112082596968
2667,23479,265.1039440450748,9.961919564795025
2667,21464,435.81544597534446,80.98930384336475
2667,22650,452.40206884856707,87.04459894861795
2667,21466,81.20776385725132,153.85250569476082
2668,23479,265.085635359116,10.062029131089904
2668,21464,434.6841684434968,82.04584221748401
2668,22650,452.45942131263234,86.86779581274995
2668,21466,81.98971906754333,153.02056186491333
2669,23479,264.8164849380891,9.972648309000185
2669,21464,434.70088845014806,82.10286278381047
2669,22650,452.3428040854225,86.96118848653667
2669,21466,83.02130628954224,154.75483810941572
2670,21464,434.6973249669749,82.2556142668428
2670,22650,452.4093745244255,86.86409983259777
2670,21466,80.25633967300634,150.76685018351685
2671,23479,265.02849056603776,10.149811320754717
2671,22650,446.34072022160666,100.33812326869806
2671,21466,76.19341673320912,149.9199716085529
2672,23479,265.1019385026738,10.204211229946523
2672,21464,434.84430778461075,81.77156142192891
2672,22650,446.2192183367617,100.42800470173377
2672,21466,76.47572072455141,153.65830427757462
2673,22650,446.3687348611887,100.32494876094653
2673,21466,75.92260001937422,154.24266201685558
2674,23479,265.3652997876164,11.019114523770625
2674,21464,434.76098230628435,81.76967663209274
2674,22650,452.339412938159,87.00926189797663
2674,21466,75.97817445978174,154.54303678543036
2675,23479,265.00438331318014,10.26828899637243
2675,21464,434.2066360539179,82.67338172122649
2675,22650,446.33474833232265,100.41252274105518
2675,21466,75.48152679226817,154.3511948454449
2676,23479,264.8815884476534,9.269314079422383
2676,21464,434.003986332574,82.80167995444191
2676,22650,446.24990166513703,100.66631703159827
2676,21466,76.60952532400414,158.2751053510376
2677,23479,265.1069838833461,10.19447429009977
2677,22650,446.56436678614097,100.41696535244922
2677,21466,75.6816963873233,159.188764667837
2678,22650,446.1672562614971,100.60025470496674
2678,21466,74.95611989289108,158.76030059600933
2679,23479,264.61282912175295,9.317900689167697
2679,21464,434.76044206078336,81.76808061108403
2679,22650,446.5587344328509,100.29097946819253
2679,21466,77.4333459931637,158.45442461071022
2680,23479,264.8262932353841,10.32445668809305
2680,21464,434.7064786249449,81.70897605406199
2680,22650,446.5963963963964,100.36561561561561
2680,21466,76.50792947638877,159.7086914149021
2681,21464,434.8269086826347,81.77994011976048
2681,22650,446.940575515069,99.95521879788865
2681,21466,76.1200272016321,160.78499376629264
2682,21464,434.86983535259395,81.92295744019881
2682,22650,446.2482902170681,100.41183467142433
2682,21466,75.17662360961607,158.9197165410836
2683,21464,435.49422412766467,81.08884125282839
2683,22650,446.42113764855196,100.37752394138687
2683,21466,75.01963780851226,155.207381370826
2684,21464,435.61221899927483,81.00688905003626
2684,22650,446.51431718061673,100.16850220264317
2684,21466,75.09747790868924,154.78396539027983
2685,21464,435.18882833787467,81.07983651226158
2685,22650,446.48969438521675,100.39246624022744
2685,21466,75.96829703123788,156.910859623285
2686,21464,433.9094792180056,82.80877279448003
2686,22650,446.1759734379716,100.52761847268337
2686,21466,74.07621187246177,157.09332066015727
2686,24927,320.1352380952381,463.48857142857145
2687,21464,434.89600967351873,81.88082762327019
2687,22650,446.408379740122,100.38610448156987
2687,21466,75.82482589102827,157.52789840229414
2688,21464,434.9777241009125,82.03851315083199
2688,22650,452.5911790724125,87.61986604322001
2688,21466,75.51186918990703,158.99012284196547
2689,21464,434.9903807072212,81.88565235063
2689,22650,446.9272523084602,100.26079361118043
2689,21466,75.91295276247705,160.30178601235187
2689,24927,320.03856502242155,460.38923766816146
2690,21464,434.9154120751203,81.70557193853794
2690,22650,452.4547777935539,87.17151781911117
2690,21466,73.77884192953168,160.3921448027414
2691,21464,434.96022544283414,81.8829307568438
2691,22650,447.1142595978062,100.31109079829372
2691,21466,72.0861365953109,157.4282364933741
2692,25000,264.88757575757575,10.202424242424243
2692,21464,435.8266864945248,81.15154792483439
2692,22650,447.07374553157683,100.35204554481663
2692,21466,68.46557906059519,152.40157762638938
2692,24927,320.5152603231598,464.5870736086176
2693,25000,265.0953850676073,10.37257495590829
2693,22650,446.0631122306185,100.81430170724882
2693,21466,67.48077757528421,150.78356330816626
2694,25000,265.0322225282291,10.239465711925089
2694,22650,446.232466966749,100.17743574851168
2694,21466,68.25694685654742,151.78273706147968
2695,25000,264.75195686206297,9.322142981388067
2695,21464,434.93372379778054,81.22533908754625
2695,22650,446.10406616126807,100.63094417643005
2695,21466,70.19155970439517,153.232010890704
2695,24927,322.1482701812191,452.43739703459636
2696,25000,269.56098059244124,20.27967313585291
2696,21464,435.0354075636583,81.29365677263824
2696,22650,446.203125,100.30533854166667
2696,21466,70.3125487815454,151.3307605584945
2696,24927,323.5977653631285,463.12737430167596
2697,25000,265.1745546157999,10.249955011696958
2697,21464,435.1635638297872,81.23786569148936
2697,22650,445.9430721413381,100.67070178308524
2697,21466,71.93826119542814,149.66985197676598
2698,25000,264.58462323524407,9.298179962578669
2698,21464,435.0712581517417,81.26006044218228
2698,22650,452.3108416798454,87.13125988402741
2698,21466,71.45412584777694,150.1519404672193
2699,21464,434.74432739059966,81.86993517017828
2699,22650,452.5725274725275,86.99917582417582
2699,21466,72.21013388920068,152.892567946765
2700,21464,436.022028453419,80.27627351996328
2700,22650,452.2423648080695,86.82698234799663
2700,21466,71.92243522900458,152.6789925403064
2700,24927,312.3438704703161,454.40092521202774
2701,25000,270.53932404292806,21.054460996315875
2701,21464,434.2121050384287,82.12841588385994
2701,25114,446.17845911949684,100.60017969451931
2701,21466,73.87667121418826,150.9055934515689
2701,24927,305.7821158690176,448.1580604534005
2702,21464,434.8606378331149,81.72083879423329
2702,25114,446.2226153218125,100.60987889508776
2702,21466,71.79901256732495,151.13159784560145
2703,25000,270.47684064984446,21.02367784306948
2703,21464,434.0665755297334,82.53943950786056
2703,25114,446.26637860562886,100.70687843045661
2703,21466,69.77449852022362,152.5821275896087
2703,24927,315.2402957486137,451.6358595194085
2704,21464,434.1223926718905,82.71206268623772
2704,25114,447.0151141601458,100.20398756565548
2704,21466,67.85525107164727,153.20529699938763
2704,24927,320.3883740522325,450.2485256950295
2705,21464,434.7578627382205,81.92610779843329
2705,25114,446.4854256183951,100.40877946812216
2705,21466,66.91503836721779,154.3085198955779
2706,25000,264.912201656113,9.986604968339016
2706,21464,435.1530346001134,81.28564946114578
2706,25114,446.33502478168515,100.22928959169224
2706,21466,64.17549435028249,154.9100459039548
2707,21464,434.78567644877637,82.046826994385
2707,25114,452.79553983059935,87.16725635252493
2707,21466,60.76802913800081,154.6717927964387
2707,24927,312.125,449.80592105263156
2707,25201,325.96598639455783,460.25102040816324
2708,25000,265.0020132297958,10.268334771354617
2708,21464,435.6108632904749,81.12660718971398
2708,25114,447.04408792319356,100.10106114199091
2708,21466,58.35643065766945,154.11723234968275
2709,25000,264.5967020023557,9.006713780918728
2709,21464,434.82472962426135,81.7577210391348
2709,25114,446.137308973917,100.71802826611513
2709,21466,58.027849150435145,155.39875673435557
2709,25201,330.07593014426726,467.82839787395596
2710,25000,270.5094117647059,21.01529411764706
2710,21464,434.8555177546247,81.85179672549437
2710,21466,56.26637554585153,155.70246892845145
2710,24927,320.6060606060606,442.15353535353535
2710,25201,331.45447589900533,465.8538638102525
2711,21464,434.88533815696917,81.82604763340368
2711,25114,446.074525884162,100.6892875448488
2711,21466,56.34562095893862,154.02250398858007
2712,25000,270.67593838791686,21.071781067743384
2712,21464,435.53616664922015,81.52182560452214
2712,25114,447.16189526184536,100.39970074812967
2712,21466,56.373056994818654,152.01106524984633
2712,25201,331.61733931240656,466.1614349775785
2713,21464,434.5627598606585,81.90010113495899
2713,25114,447.17085806799787,100.10059363194819
2713,21466,56.25860948667966,152.72858071103684
2713,25201,329.46922110552765,456.94032663316585
2714,25000,264.7317409766454,9.178980891719746
2714,21464,434.9068407310705,81.80584856396867
2714,25114,446.1520678685048,100.56892895015906
2714,21466,56.37601587601588,153.3866943866944
2715,25000,264.664020546346,9.343684333411161
2715,21464,434.26966409346966,82.29908199457542
2715,25114,446.4769573047992,100.38139633435745
2715,21466,55.519303969548666,155.00797534892152
2716,25000,265.314230153283,10.331388698238388
2716,21464,435.6264998064766,81.64172364856148
2716,25114,446.9496277338297,100.3013029315961
2716,21466,57.03247549019608,156.4140406162465
2716,25201,329.38390663390663,465.1615479115479
2717,25000,269.7560633674471,20.12771624842282
2717,21464,434.186479177934,82.43277447268794
2717,25114,446.1378481703987,100.31196067722556
2717,21466,58.00432680071265,155.91422753881395
2718,25000,264.9633561643836,10.396575342465752
2718,21464,434.70374732334045,81.7823340471092
2718,25114,447.03860136869116,100.24561591103507
2718,21466,56.58008820493572,156.28910575208783
2718,25201,329.46938775510205,467.2244897959184
2719,25000,270.0898294104945,20.884906067803932
2719,21464,435.76488972229663,81.00205375479953
2719,25114,447.03935698447896,100.38349963045086
2719,21466,56.434803112473475,160.17700227933665
2720,25000,264.92277860157407,10.181361925402076
2720,21464,434.04947886839994,82.56614362615966
2720,25114,446.5973634230812,100.43436487543292
2720,21466,56.888346260653066,157.05611414344537
2721,25000,264.68820256614055,9.214488475076642
2721,21464,434.89739839097274,81.53505380837947
2721,25114,446.36090383604835,100.44823962165003
2721,21466,55.19989248275244,157.9860227578174
2722,25000,265.18221678392985,10.230957479351485
2722,21464,434.12487562189057,81.96975124378109
2722,25114,447.187896307348,100.30678851174935
2722,21466,52.17297210644438,158.9170407181789
2722,25201,321.54351687388987,466.2113676731794
2723,21464,435.14787581699346,81.31481481481481
2723,25114,446.36900939469615,100.28172196456178
2723,21466,53.4198389054397,160.39589539887456
2724,25000,264.9791547359982,10.291031955102508
2724,21464,434.1195127834057,82.5061505065123
2724,25114,446.4384943329521,100.43069564313195
2724,21466,52.9818009478673,164.9945971563981
2724,25201,324.44779257182904,465.13594954449894
2725,25000,265.61506849315066,11.176290832455216
2725,21464,435.02021886399166,81.20218863991663
2725,25114,446.57941787941786,100.05301455301455
2725,21466,52.07167572911518,167.73435491843796
2725,25201,323.0756602426838,466.70449678800856
2726,21464,435.1647484685354,81.16595507703731
2726,25114,446.5361478139435,100.39391986249866
2726,21466,51.54265329335126,171.11715437907145
2727,25000,265.1805792163543,10.934412265758091
2727,21464,435.48807749627423,81.46114541196508
2727,25114,446.3426435012096,100.35792830437651
2727,21466,48.26056971514243,169.9392303848076
2728,25114,446.128854206319,100.71964217738865
2728,21466,47.07564007224052,169.30946563263572
2729,21464,435.0601269114741,81.74669718090087
2729,25114,446.3640597920277,100.12164211438474
2729,21466,47.6794059218617,173.96783653391353
2730,21464,434.87149171270715,81.81226519337017
2730,25114,446.4994206257242,100.18041714947856
2730,21466,49.14190513524108,173.48030184241475
2731,25000,264.7787188988883,10.258020116463737
2731,21464,434.7032707884753,81.68337947298266
2731,25114,452.1744794695824,87.94288705362335
2731,21466,50.968991380275384,174.6839807455502
2732,25000,264.4532453245325,9.163366336633663
2732,21464,433.755386289445,82.7411316648531
2732,25114,446.9916367980884,100.33018355599
2732,21466,50.863992266795556,172.69318511358145
2733,25000,270.1009129040217,20.135085122131755
2733,21464,434.87403139280747,81.88873435326843
2733,25114,446.9451871657754,100.2251718869366
2733,21466,50.97693099897013,171.72018537590114
2734,21464,435.2336650281741,81.07277304879511
2734,25114,447.0854333823031,100.00113007119448
2734,21466,50.95674778761062,166.44435840707965
2735,25000,270.51789678135407,20.83795782463929
2735,21464,434.8091306459446,81.77940747935891
2735,25114,446.3548864758144,100.37235932872656
2735,21466,50.26615384615385,167.49909502262443
2736,25000,265.0518485622294,10.291328966359497
2736,21464,434.7902415458937,82.14917874396136
2736,25114,446.48765432098764,100.14949845679013
2736,21466,50.68985849056604,170.55786725067387
2737,21464,434.792773525439,81.63541197658712
2737,25114,446.1864245751082,100.2486012878708
2737,21466,52.01098568836928,173.2763555734731
2738,21464,434.93001601922305,81.73428113736483
2738,25114,446.51624476778954,100.32987841339445
2738,21466,48.09423880307005,172.24657534246575
2739,25000,264.71167955581996,9.284949434860202
2739,21464,434.25522930374154,81.9983305509182
2739,25114,447.09377166056044,100.00306961085256
2739,21466,48.34261757902853,170.6449498843485
2740,25114,446.36265312879374,100.31177574219181
2740,21466,47.387832300094566,171.46306609225596
2741,25000,264.8687434371719,10.179442305448607
2741,21464,436.19167888149735,80.36610666365993
2741,25114,446.0704288433546,100.66476318441384
2741,21466,47.85577587057315,169.1956200059189
2742,25000,265.01977401129943,9.854776579352851
2742,21464,434.7989017023613,81.88182317408018
2742,25114,446.17575833229307,100.70490575458744
2742,21466,50.826114785577126,167.46671644975464
2743,21464,434.45533291588396,81.99217282404508
2743,25114,452.842535153019,87.57278742762614
2743,21466,54.81528662420382,168.8343949044586
2744,21464,434.8316093871649,81.7640974307641
2744,25114,446.2295303408146,100.25914380714879
2744,21466,55.318177781724536,165.929491164195
2745,25000,264.98458595859586,10.201282628262828
2745,21464,434.6204631125471,81.97135164243403
2745,25114,446.4310796074155,100.72846237731734
2745,21466,50.84403315982264,167.00163871216503
2746,25000,264.9670588235294,10.028021390374331
2746,21464,433.87411364740166,82.69256920835358
2746,25114,446.3987601239876,100.21037896210379
2746,21466,50.795732263359476,166.20499726427138
2747,21464,434.6813126709207,81.93536918869644
2747,25114,447.1393651631056,100.27565286204168
2747,21466,49.46832884097035,169.57518290335003
2748,25000,264.7948538011696,10.262573099415205
2748,21464,433.77769524618,82.71211799660442
2748,25114,445.5857948139797,100.45355129650507
2748,21466,48.16696460493386,175.01096412823264
2749,25000,264.8832102412605,10.067749876907927
2749,21464,435.6803860346296,80.95477339388779
2749,25114,446.3748365684401,100.39686211405008
2749,21466,49.655695661466126,174.2871340029921
2750,25000,265.25251018987973,10.913013221990258
2750,21464,435.6439613044779,80.93218310561484
2750,25114,446.25226991333057,100.4311803549319
2750,21466,47.48811933937134,173.8992008524241
2751,25114,446.2309543742152,100.7079321892005
2751,21466,45.17035200793257,175.52325235498265
2752,25000,265.00842548709846,10.070668773038442
2752,21464,434.1233361957922,82.13525118076427
2752,25114,446.9411640435196,100.32703073835428
2752,21466,44.86365966171194,176.23910814966683
2753,25000,265.0988759367194,10.06921315570358
2753,21464,434.1458439054095,82.15518116309754
2753,25114,446.87562396006655,100.26549500831946
2753,21466,47.615679547976995,177.08576329331046
2754,25000,270.6247975261375,21.004712118981004
2754,21464,435.66066240557814,81.10429982568274
2754,25114,447.14390051322545,100.11498223450454
2754,21466,51.73832694387103,176.53012877224023
2755,21464,434.1941156188944,82.17227904838525
2755,25114,452.01838197112886,87.15183300446567
2755,21466,49.65848383259436,175.74478209148913
2756,25000,264.5943848217708,9.40101571483327
2756,21464,434.70633120230974,81.89255516601361
2756,25114,452.522835443038,87.07888607594937
2756,21466,49.56575471698113,177.10292452830188
2757,25114,447.03588923323,100.10156952914126
2757,21466,51.536713922210104,179.27589967284624
2758,21464,434.90359725923105,81.73496383707652
2758,25114,447.2698265467025,100.16751692792876
2758,21466,53.44695006048039,180.7004492828754
2759,25000,264.6837832138338,9.38243357233235
2759,21464,435.4506637606499,81.43610065385377
2759,25114,446.47241213288396,100.34472797303803
2759,21466,54.32321768276112,179.7620255457922
2760,21464,433.92416012874673,82.70629651981493
2760,25114,446.463768115942,100.79217194124027
2760,21466,54.08779747795582,182.16478619512657
2761,25000,270.04901628222524,20.6078697421981
2761,21464,434.7872171496626,81.8163292311764
2761,25114,447.1737738506851,99.76885644768856
2761,21466,57.6890448261416,185.88709677419354
2762,25000,265.0174941360438,10.131254886630181
2762,21464,434.86207966890845,81.896947749612
2762,25114,446.3712383988,100.49067216649479
2762,21466,57.50898203592814,182.57742847638056
2763,21464,434.7910906298003,81.67423743691025
2763,25114,446.25486974888526,100.23022764609247
2763,21466,56.60217352574381,183.94192054159987
2764,25000,270.0792666486924,19.869641412779725
2764,21464,435.78175552790276,80.92035991193644
2764,25114,446.0202889640332,100.87437237421867
2764,21466,53.91618523613022,183.15891792755616
2765,25000,264.79349120254,10.244476782643208
2765,21464,434.7826579126104,81.91306316504415
2765,25114,446.20724774988156,100.35682141165324
2765,21466,50.543048736678244,181.61070530475394
2766,25000,264.42757242757244,9.124098124098124
2766,21464,434.8643252848333,81.60645970523674
2766,25114,452.22616554612586,86.88151658767772
2766,21466,49.60577827969132,179.67325428194994
2767,25000,264.4781656576066,9.272446219245136
2767,21464,434.2557976925766,82.6577321990444
2767,25114,452.31660880277747,87.01220741404413
2767,21466,49.40851553509781,178.4518255047599
2768,25000,264.94770470854223,10.004521773321537
2768,21464,434.00412667946256,82.75863723608445
2768,25114,452.5624032208114,86.60689583978528
2768,21466,47.890417548585724,179.24504521839523
2769,25000,265.1093507300404,10.105312208760484
2769,21464,434.88198215671065,81.75407292474787
2769,26037,446.2204724409449,100.67586963022028
2769,21466,48.55369297978259,176.60550645128518
2770,21464,434.2848967684022,82.09616247755835
2770,26037,446.2777409372237,100.38218390804597
2770,21466,47.21160267111853,178.52201585976627
2771,25000,265.290165839231,11.047111017217704
2771,21464,434.7603636757225,81.8590756575387
2771,26037,446.38289885297183,100.30928050052138
2771,21466,43.9928525709409,180.25944100704075
2772,25000,269.6716012494907,19.98818416406356
2772,21464,434.06878723165113,82.74541980442847
2772,26037,446.2120533441922,100.3538633818589
2772,21466,44.410091939277315,183.1914688903143
2773,25000,269.6572433192686,19.646272855133613
2773,21464,434.25013407701385,82.6046337015982
2773,26037,452.43255657629396,87.02587945328254
2773,21466,40.24920702051173,183.7448720659759
2774,21464,434.1291642314436,82.52787843366453
2774,26037,446.4142228739003,100.31292766373411
2774,21466,38.30993925294042,186.57296109603206
2775,21464,434.8739467849224,81.72427937915742
2775,26037,452.4368553988634,86.88297200589349
2775,21466,40.8777577355349,188.0821423615929
2776,25000,264.8966759646676,9.89725708972571
2776,21464,434.9281879194631,81.76297539149888
2776,26037,446.9691738594328,99.85542540073983
2776,21466,41.1865556978233,189.20486555697823
2777,25000,265.14029142663503,10.124025753981702
2777,21464,434.8597322348095,81.829763130793
2777,26037,446.42615782150665,100.3536076326774
2777,21466,44.305768132495714,189.8627070245574
2778,25000,269.725828540126,19.825801150369763
2778,21464,434.73887751804375,81.76667025745988
2778,26037,452.16617176793056,87.06190041114664
2778,21466,45.85717641531595,188.25828047921073
2779,25000,264.8696959186033,10.031911203607354
2779,21464,434.955089233183,81.68238870366739
2779,26037,452.3754397537379,87.05804749340369
2779,21466,44.15722905546531,187.25574379206313
2780,25000,269.4519994426641,19.752821513167063
2780,21464,434.51574633304574,82.41231665228645
2780,26037,452.4394492541984,87.03097945134036
2780,21466,44.36371109806224,188.44204345273047
2781,25000,265.0038159371493,9.95016835016835
2781,21464,434.72935250288594,81.78392276209466
2781,26037,446.4300334579807,100.42786852981696
2781,21466,44.65371066228276,189.0683419445749
2782,25000,264.9725064599483,9.84031007751938
2782,21464,435.134774658492,81.20468968484457
2782,26037,452.3559056761269,87.01210350584307
2782,21466,40.255601339170745,190.102369302086
2783,21464,434.9581197407873,81.91662636618628
2783,26037,446.4522050836411,100.26276341516402
2783,21466,43.431738623103854,192.4412031634902
2784,21464,434.8813025210084,81.64810924369748
2784,26037,446.4710552027357,100.27271617000488
2784,21466,48.92714631197098,191.8140870616687
2784,26227,384.3018372703412,458.4698162729659
2785,21464,434.7939786836611,81.84001758048566
2785,26037,446.3075443954304,100.2929532858274
2785,21466,49.48935221317873,190.40874121975693
2786,25000,264.8326016973954,9.968393327480246
2786,21464,434.8636815920398,81.8285843509724
2786,26037,446.5162966461975,100.23287671232876
2786,21466,50.31525325053367,189.76149815641375
2787,25000,264.9583940087373,10.183690451425004
2787,21464,434.8184118949699,81.77580934303491
2787,26037,446.42931034482757,100.4677801724138
2787,21466,49.11904259805989,188.9433783213834
2788,26037,446.3419540229885,100.27011494252874
2788,21466,47.5758560650029,189.2219384793964
2788,26227,386.4747413268411,465.9969567863664
2789,25000,265.17167227294567,10.313310908217204
2789,21464,435.19808164175777,81.31686370733884
2789,26037,452.3137920067847,86.78288985476519
2789,21466,47.15160852952052,189.64809564895847
2790,25000,265.56509228021434,11.06757293113713
2790,21464,435.58824078394775,80.99916005599627
2790,26300,446.3507258753202,100.85704526046115
2790,21466,49.258531052084315,185.8803289535873
2790,26227,381.5058339052848,458.0809883321894
2791,25000,270.22707423580783,21.012963973799128
2791,21464,435.1776888679689,81.77229936455636
2791,26037,452.49501948895625,86.94781290601992
2791,21466,49.84307370622059,186.16874019864088
2791,26227,371.6100386100386,463.5050193050193
2792,21464,434.9591649694501,81.54358452138493
2792,26300,446.4838135498943,100.64690176882857
2792,21466,45.57824342398573,187.9516272848863
2792,26227,383.024024024024,462.8460960960961
2793,21464,435.87142709730676,80.67516252192756
2793,26300,447.0509461426492,100.11252939200537
2793,21466,44.73866039952996,187.9674500587544
2794,25000,265.1446583361477,10.140605651243948
2794,21464,435.7558736750082,81.00775871489455
2794,26037,452.37263577037936,86.90299745603363
2794,21466,46.22528597230584,187.9733895243829
2794,26227,380.7876844130853,450.8082103912765
2795,21464,435.0066027964785,81.71232522009322
2795,26300,446.2171639887784,100.10265238459577
2795,21466,47.120961488756784,189.49560609976737
2796,25000,265.04702750665484,10.095718722271517
2796,21464,434.75414451047857,81.77332916275675
2796,26300,446.05191542809297,100.61701904961272
2796,21466,46.5921052631579,191.98514065335752
2797,25000,265.19209747210203,10.273286267365066
2797,21464,433.82700180900696,82.9371608111968
2797,26300,446.2504385512331,100.3766381178413
2797,21466,45.7689328168826,191.80072125016696
2797,26227,381.16687817258884,444.86421319796955
2798,21464,435.62015748031496,80.98792650918635
2798,26300,446.06935362847037,100.70672097759675
2798,21466,44.37037037037037,192.6010330057949
2798,26227,378.53516819571865,442.1215596330275
2799,21464,434.84746579302373,81.73289651185199
2799,26300,447.2138036809816,100.12709611451943
2799,21466,43.45573478978788,196.027943604725
2800,25000,269.47351564424736,19.307095343680707
2800,21464,436.49251454181365,80.0308953942977
2800,26300,452.74019559419145,86.73723204583621
2800,21466,44.064816010329245,196.4149774047773
2800,26227,378.79225154407635,448.4969118472768
2801,21464,434.80731979884524,81.66939839821195
2801,26300,452.40601576949285,87.60654141925436
2801,21466,46.54601107764066,195.9709454863473
2802,25000,264.8957509881423,10.103384387351777
2802,21464,433.9692666148896,82.59924553422833
2802,26300,446.39348040829765,100.32115025792997
2802,21466,45.377680459075805,199.01857444880702
2803,21464,434.91193983077403,81.81708973153661
2803,26300,446.05424269618106,100.61591384983548
2803,21466,45.13467278989667,199.1070034443169
2804,25000,265.04450910658477,10.203146890828753
2804,21464,434.84944847460997,81.69690947033688
2804,26300,446.47637406089365,100.19780545670226
2804,21466,45.258266879319514,200.38894205209994
2804,26227,379.02589641434264,452.14940239043824
2805,21464,435.18453093812377,81.23722554890219
2805,26300,446.2116434202547,100.40590256721245
2805,21466,47.56043102611397,200.6690612561887
2806,25000,264.8501146549927,9.31405044819679
2806,26300,446.22365969778514,100.183398882219
2806,21466,49.37402708177844,200.30514980275083
2807,25000,264.8570281124498,9.236259323006312
2807,21464,434.6894184168013,81.89014539579968
2807,26300,452.1670216002434,86.90447216306663
2807,21466,48.66125931266522,202.5803893294881
2808,25000,264.8033209918097,9.979131605520028
2808,26300,446.42415378186377,100.39678228165482
2808,21466,46.19098077870872,201.77698373583047
2809,21464,434.7633951179986,81.71143522738782
2809,26300,446.34052224371374,100.84342359767892
2809,21466,44.502427486617705,199.10942362753642
2810,25000,264.73259762309,9.229626485568762
2810,21464,435.0386054756746,81.20198936379752
2810,26300,446.28214598114494,100.70065118087278
2810,21466,44.08205857939049,199.00308312581524
2811,25000,265.09373824746143,10.367431365174877
2811,21464,434.96381193913385,81.98556379243074
2811,26300,446.88417388031615,100.23786225065864
2811,21466,43.52165354330709,199.66596948818898
2812,21464,434.25206330711717,82.17661908923196
2812,26300,452.4059243535315,86.87659204940178
2812,21466,41.97063786702666,199.88120148498143
2813,21464,434.99209486166006,81.7960088691796
2813,26300,452.3847130027333,87.60035142522452
2813,21466,41.97537337146489,198.04305687956784
2814,21464,434.2971762770721,82.15662980901033
2814,26300,447.14769539078156,100.10591182364729
2814,21466,41.27040059347181,197.6421859545005
2815,21464,434.79094159713947,82.07806912991657
2815,26300,446.46740965889904,100.39187211527637
2815,21466,42.76434342051212,195.51622620840752
2816,21464,434.7172982885086,81.73787693561532
2816,26300,445.4805322281601,100.83433307885265
2816,21466,43.57144966046649,194.19427221730146
2817,21466,41.129893699766654,193.86103189007
2818,21464,434.74333906317145,81.9741082939407
2818,26300,446.02739135123477,100.41626226679608
2818,21466,44.28176578464763,193.25753209326697
2819,21464,434.8697585005407,81.5642196323441
2819,21466,41.947553926406314,191.0129705343296
2820,21464,433.9614199433009,82.76617773943055
2820,21466,41.639316012725345,189.24880699893956
2821,21464,434.2027878787879,82.132
2821,26300,446.0485395189003,100.81475515463917
2821,21466,43.16165184553539,189.99500548178827
2822,21464,434.16473000683527,82.78088077336197
2822,26300,446.2159960258321,100.56800794833582
2822,21466,41.927792080421725,193.16979281598628
2823,21466,42.170180145649674,194.3012648524339
2824,21464,434.23766218018676,82.56772159573178
2824,26300,445.16340464269456,100.98645880746473
2824,21466,38.54258796385311,193.1788117669679
2825,26300,445.91516977633563,100.6384285548731
2825,21466,34.87663491038269,193.83368319069916
2826,21464,435.6529236210899,80.9990051950923
2826,26300,446.98358092259576,99.9957556126438
2826,21466,31.678387792337038,192.36506883396916
2827,21464,436.6694166175604,80.17088980553919
2827,21466,32.0202489626556,195.57626556016598
2828,21464,434.8507644021464,81.7786777361547
2828,21466,33.55095302416329,196.4052228725799
2829,26300,446.2822972172883,100.17229129662522
2829,21466,31.419511349852712,194.3739386588113
2830,21464,434.9375,81.69672439759036
2830,21466,28.001947546091923,194.02921319137886
2831,21464,434.14197038219385,82.07032012059945
2831,21466,29.09505763461235,194.9128375177641
2832,26890,264.8439244565863,9.30348022330443
2832,21464,435.93174702567313,80.89146316009185
2832,26300,446.44543681346886,100.35827943742942
2832,21466,26.975206611570247,198.578324567994
2833,21464,435.866079949104,80.83978369207931
2833,26300,446.284291918229,100.78392119478869
2833,21466,25.943553700856576,200.7876125631452
2834,26890,264.9443259891021,10.153873489694385
2834,21464,434.95796978080443,81.58725260693765
2834,26300,446.5171134894564,100.26819963971602
2834,21466,25.23688020267825,200.5209916757148
2835,26890,265.02570185844206,10.219981547383682
2835,21464,434.93795112067875,81.59693554514372
2835,26300,445.39853031230865,100.72712798530313
2835,21466,26.509477674810448,200.69629317607414
2836,21464,434.77308584686773,81.87262180974479
2836,26300,446.2048433681404,100.24527882692735
2836,21466,26.54899622341483,198.7320612204333
2837,26890,264.7981597950151,10.054041462846495
2837,21464,434.8303608896349,81.68873268988669
2837,26300,446.4582251082251,100.22608225108225
2837,21466,25.229115594946258,201.34320196115405
2838,26890,264.55790798809795,9.225223163195238
2838,21464,434.94340677776535,81.8225030757186
2838,26300,446.2940733569969,100.64386361191782
2838,21466,22.926694915254238,199.98813559322033
2839,26890,264.4234447581747,9.125876673649696
2839,21464,434.84758056159984,81.41550098435395
2839,26300,446.9201913875598,100.24258373205741
2839,21466,24.29296961632291,202.16322909736084
2840,26890,264.78023064250414,9.33454146073586
2840,21464,435.05383100440775,81.11657132139173
2840,26300,447.02109541319913,100.13053996516354
2840,21466,21.825752508361205,203.3175585284281
2841,21464,434.82078364565587,81.74446337308348
2841,26300,446.39379688724665,100.38215205464114
2841,21466,17.411874832843004,203.37790853169295
2842,26890,264.9115292233787,10.303742994395517
2842,21464,435.19553392499284,81.27922511690046
2842,26300,452.4734960033656,86.97044594026083
2842,21466,17.45121550591327,203.18183311432327
2843,26890,265.0983022676006,10.050694526890656
2843,21464,435.71774008709605,81.31732752693101
2843,26300,446.3538638502562,100.37927428631183
2843,21466,15.383733055265903,204.19994786235662
2844,26890,264.8099078341014,9.38536866359447
2844,21464,434.986585621463,81.1628589394257
2844,26300,446.56851851851854,100.24780092592593
2844,21466,11.781851937804596,204.3325597586447
2845,26300,446.5977150945304,100.403194823577
2845,21466,14.35950080515298,207.35547504025766
2846,21464,435.5540450928382,80.90450928381964
2846,26300,446.35462912831616,100.36502436383324
2846,21466,17.826539855072465,206.82382246376812
2847,26890,264.89739027283514,9.306880189798338
2847,21464,434.77846294393055,81.75665182140003
2847,26300,446.8839727722772,100.20245462046205
2847,21466,17.731589147286822,204.45033914728683
2848,21464,435.5166482245247,80.892666733729
2848,26300,446.01963390939767,100.41128949790367
2848,21466,17.813741277509394,203.2482555018787
2849,26890,264.0047770700637,8.110615711252654
2849,21464,435.4222128910351,81.20701238715095
2849,26300,445.9600708103855,100.46075924468923
2849,21466,22.983597493549574,201.47217102838187
2850,26890,264.40859761879676,9.215572647771573
2850,21464,434.13861680023746,82.27812407242506
2850,26300,446.12716880996123,100.41406409471321
2850,21466,19.978249611600205,203.35163127912998
2851,21464,434.89395235186316,81.62162492364081
2851,26300,446.8751048783411,100.17331895001797
2851,21466,22.450475945459225,201.74864934396706
2852,26890,264.4584754262788,9.303510531594785
2852,21464,434.8078165711308,81.78593017196457
2852,26300,446.561751015153,100.35406556402891
2852,21466,19.32422551472003,199.18375986145853
2853,26890,264.75062870938535,9.361734231968615
2853,21464,435.7103533278554,81.21538619556286
2853,26300,446.2919809448194,100.3453751488686
2853,21466,17.0736779560309,198.948504654387
2854,27212,321.34054054054053,22.394594594594594
2854,21464,433.50434693668814,82.90794722307456
2854,26300,446.5519000520562,100.18729828214472
2854,21466,15.218357834349229,200.0306561491574
2855,21464,435.5154998973517,81.18784643810307
2855,26300,452.49047381546137,87.25775561097257
2855,21466,16.09722222222222,198.74462962962963
2856,21464,434.8195951585977,82.0813856427379
2856,26300,452.81520692974016,87.29817131857556
2856,21466,16.795212765957448,198.75873860182372
2857,26890,264.7536387613559,9.364657614535508
2857,27212,315.11423550087875,29.00351493848858
2857,21464,435.1057244886917,81.60080077913646
2857,26300,452.4193137254902,87.50598039215686
2857,21466,17.691143836998187,198.77123260036313
2858,21464,435.6190953654189,80.94273618538324
2858,26300,445.5317508870672,100.39373547045149
2858,21466,21.03986095017381,202.54623406720742
2859,27212,321.62367346938777,22.262040816326532
2859,21464,435.9540669856459,80.8354066985646
2859,26300,446.5459930313589,100.22903600464576
2859,21466,18.390721073225265,202.43264393515932
2860,21464,435.007561436673,81.94080812854442
2860,26300,446.5763163741391,100.39880026660742
2860,21466,17.853345768244345,201.57845651667054
2861,21464,434.82690631808276,81.65283224400872
2861,26300,447.083187480696,100.27911047050345
2861,21466,20.27166504381694,200.53748782862706
2862,27320,265.1608974358974,10.241773504273503
2862,27212,328.57886178861787,23.017886178861787
2862,21464,436.478578892372,80.61558109833972
2862,26300,445.4167855183763,101.05024684585848
2862,21466,20.222830665543388,200.49178601516428
2863,21464,435.0895704028234,81.95801387367652
2863,26300,446.4995481247176,100.37234523271577
2863,21466,20.49008442960927,198.2167681130964
2864,27212,333.39162790697674,19.934418604651164
2864,21464,433.78243571082,82.66220281416788
2864,26300,452.53627298508826,86.96047937059738
2864,21466,19.549585851802103,200.14595925677187
2865,27320,265.10127306536975,9.957945930482047
2865,21464,435.75262259087583,80.99902415223225
2865,27354,446.2192745627421,100.75055757718042
2865,21466,16.87507412532121,204.2676418264479
2866,27320,265.463105963106,10.966645216645217
2866,27212,325.51584867075667,20.11605316973415
2866,21464,435.0006837940803,81.22604278597245
2866,27354,446.5721174004193,100.46027253668763
2866,21466,18.14331510465774,207.07354327739014
2867,27320,264.9020838266635,10.062869997632015
2867,27212,334.7508064516129,27.598387096774193
2867,21464,434.2961936240537,82.19437040196183
2867,26300,452.39121756487026,86.82379685074295
2867,21466,19.630880579010856,210.52810615199036
2868,27212,325.4185567010309,25.567697594501716
2868,27354,446.2366395425555,100.33824499670112
2868,21466,18.35758835758836,214.84522984522985
2869,27212,325.34605263157897,32.3421052631579
2869,21464,434.5451055662188,81.95649392194498
2869,27354,446.3826801643781,100.21008319134009
2869,21466,17.025285634013862,212.72373103577448
2870,27320,264.786910931662,9.301916355309148
2870,27212,335.55383663366337,28.435643564356436
2870,21464,434.63942741208297,81.65036068530208
2870,27354,446.2633771227171,100.3336537434583
2870,21466,12.905345659163988,211.86997588424438
2871,21464,435.1654326444911,81.24709912697536
2871,27354,445.88297745437194,100.76559704163188
2871,21466,14.122826571555951,211.13664734730273
2872,27212,325.1677807486631,24.952540106951872
2872,21464,435.8092105263158,80.80439905734485
2872,27354,446.566124363709,100.88990917257212
2872,21466,14.022727272727273,213.97664141414143
2873,21464,435.02675750394945,81.63882306477093
2873,27354,446.2142250731063,100.72813885482502
2873,21466,17.03815028901734,218.03622350674374
2873,27467,326.1201686577653,462.66971187631765
2874,27320,270.49418040737146,20.958292919495634
2874,21464,435.08007159904537,81.25787589498806
2874,27354,446.02201010668165,100.67456485120718
2874,21466,16.734289439374187,220.57262059973925
2874,27467,320.75147928994085,452.9915469146238
2874,27475,345.15531135531137,460.8373626373626
2875,21464,434.99443083092,81.98964134551125
2875,27354,446.8754608294931,100.08905529953917
2875,21466,15.054620123203286,218.75790554414783
2875,27467,313.5497702909648,459.3246554364472
2876,27320,269.97775980590376,20.171721256233994
2876,21464,434.5336163377696,82.50837540156034
2876,27354,446.3801617250674,100.36043126684636
2876,21466,12.89917936694021,218.35932004689332
2876,27475,339.5977157360406,460.2937817258883
2876,27467,310.55452674897117,462.7494855967078
2877,27320,270.07462686567163,20.55135215014039
2877,21464,434.72788292253523,81.93794014084507
2877,27354,446.35219532641725,100.65346327150792
2877,21466,16.183224755700326,216.77890879478826
2878,27320,269.0838823529412,18.878823529411765
2878,21464,433.98325336343964,82.8547370401731
2878,27354,446.2230906865053,100.64704774460873
2878,21466,14.819310344827585,210.0264039408867
2878,27475,341.67679057116953,466.4020852221215
2879,21464,433.8744934583768,82.56223225657057
2879,27354,446.3472707423581,100.29475982532752
2879,21466,12.548457548457549,208.43297843297844
2879,27467,313.4854368932039,451.9138349514563
2880,27320,269.54057475629827,20.084061273578932
2880,21464,435.0305552835178,81.82078151013613
2880,27354,447.0312800769971,100.2754571703561
2880,21466,11.151315789473685,208.73117690058479
2880,27467,316.32906976744187,451.83313953488374
2881,27320,282.4146341463415,13.591860297301197
2881,21464,434.6391345923978,81.91202486253884
2881,27354,446.35972112897787,100.41493309344428
2881,21466,13.13427179209529,207.69924201407687
2881,27467,313.9110378912685,445.22652388797366
2882,27610,265.07437573679135,10.163326545922196
2882,27320,282.47846889952154,13.511206245278267
2882,21464,433.85534461411476,82.6662195625258
2882,27354,446.3789170963903,100.35353034510115
2882,21466,12.742011834319527,206.18721893491124
2882,27475,342.90915395284327,465.30721220527045
2883,27610,265.05432917762784,10.132334438979754
2883,27320,282.10486164985775,12.536720972329972
2883,21464,434.7319312479983,81.71282160777197
2883,27354,452.2465662383695,86.83828090385467
2883,21466,13.673308426733083,205.3032378580324
2884,27610,264.95829291949565,10.28947084815174
2884,27320,282.58595988538684,13.669890162368674
2884,21464,434.07437057663304,82.78907065784894
2884,27354,452.3261234775305,87.63607727845444
2884,21466,15.947665056360709,205.8552737520129
2884,27467,319.6056511056511,453.218058968059
2884,27475,331.0334143377886,469.98481166464154
2885,27610,269.5989886219975,19.928065739570165
2885,21464,434.33859536082474,82.28060567010309
2885,27354,452.4401832321295,87.61862149781612
2885,21466,10.471701481878236,207.00053561863953
2885,27467,314.56117353308366,449.9438202247191
2886,27610,265.18151815181517,10.307419630851975
2886,27320,282.66035937925403,13.937108630547236
2886,21464,435.4493494423792,81.54240241635688
2886,27354,446.5397536394177,100.20582306830907
2886,21466,9.484596798550287,207.14044095439445
2887,27610,265.17631977624984,10.141941498659829
2887,27320,282.74208484545113,13.758478288074084
2887,21464,434.7035516321084,82.02422500513242
2887,27354,446.26145972407653,100.27714730752113
2887,21466,11.917940277451212,205.73524570891135
2887,27467,321.71800766283525,441.93409961685825
2887,27475,320.0392628205128,463.6939102564103
2888,27320,282.5693457943925,12.822928348909658
2888,21464,434.6617630669787,81.94918087596122
2888,27354,446.4015273311897,100.34867363344051
2888,21466,12.930138916851218,203.2935373464868
2889,27320,282.79670037253857,13.677754124534328
2889,21464,434.71230464450804,81.86429672022892
2889,27354,446.21573059102724,100.35190416996271
2889,21466,9.566310496543053,202.16195265032474
2890,27610,270.01913875598086,20.59660122092064
2890,21464,434.7951904268784,81.84926935910713
2890,27354,446.0953558978972,100.40436298212077
2890,21466,10.489800874210783,204.42350655658086
2890,27475,319.1301020408163,463.9778911564626
2891,27610,264.8114934538292,9.952844398099874
2891,21464,435.4533197139939,80.98804902962206
2891,27354,446.37542208124427,100.31331218663665
2891,21466,11.515750342398748,206.0213265505772
2892,21464,434.78790994140024,81.87694047496659
2892,27354,446.085292344786,100.68113321277878
2892,21466,12.33682852072915,205.6559122439103
2893,27610,265.0632959273736,10.144748455428067
2893,21464,434.06626888409295,82.90300875968008
2893,27354,446.3309944350351,100.6526736027099
2893,21466,12.4473732718894,206.5400921658986
2894,21464,435.5167805773743,81.27695603386718
2894,27354,446.42352464824376,100.30701488004858
2894,21466,13.384887114114576,205.427430502227
2894,27475,323.239822353812,469.14507772020727
2895,27354,446.2522186917936,100.43201490084365
2895,21466,13.339483394833948,205.47834530976888
2896,27610,265.42743520164686,10.98549639749228
2896,21464,435.5387082405345,81.12810690423163
2896,27354,447.21852752213925,100.03985066851884
2896,21466,12.99235807860262,209.27601892285298
2896,27475,318.17786561264825,466.5347261434218
2897,27610,264.5979953463397,9.298729192768928
2897,27354,446.31582216700684,100.69864229301623
2897,21466,13.144297719087636,207.64009603841538
2897,27475,322.40612777053457,468.20404172099086
2898,27610,265.11129516513097,10.208199606584532
2898,21464,434.01325199831723,82.82961716449306
2898,27354,446.4212694252013,100.32184984085377
2898,21466,13.12137049941928,205.96036585365854
2899,27610,269.87276785714283,19.808333333333334
2899,21464,433.7940513261033,82.81681520455278
2899,27354,452.2363219394998,87.59222452768374
2899,21466,12.175861419694971,208.57861043118058
2900,27610,265.4822081809112,10.369692938698591
2900,21464,434.73536585365855,81.70919324577861
2900,27354,446.3632784899566,100.31583728676694
2900,21466,11.808619707613442,211.58819062084677
2901,27610,265.6905824189075,11.30182081273363
2901,21464,433.8196131354026,82.73751686909581
2901,27354,452.46663846885906,86.86888019456487
2901,21466,9.378809869375907,213.2198838896952
2902,27354,452.5961140151889,87.56524312062334
2903,27610,264.68802304842916,9.357113458636302
2903,21464,435.1673963430337,81.30311614730878
2903,27354,452.5259675405743,86.61810237203495
2904,27610,264.77548222853227,10.093018701654753
2904,21464,435.2773230621088,81.23264323543573
2904,27354,446.4250149970006,100.31593681263747
2905,21464,434.30727272727273,82.07904306220095
2905,27354,447.28423937871173,100.04988579259935
2906,27610,279.45051566838555,7.801368504561682
2906,21464,434.7575697408915,81.68738211059268
2906,27354,447.27474982998154,100.02321966384922
2907,21464,434.8992289003908,81.6475124115348
2907,27354,446.23755102040815,100.27408163265306
2908,27610,264.7801677780168,9.804366530436653
2908,21464,434.62980466288593,82.01984877126654
2908,27354,447.18226763348713,100.15732805976708
2909,27973,281.9651474530831,12.597245917621253
2909,21464,435.18191311612367,81.30022974101921
2909,27354,446.92630119453923,99.80194112627986
2910,27610,265.15259593679457,10.023024830699775
2910,21464,434.84347144676263,81.96855715545107
2910,27354,452.2798353909465,87.04051915163026
2910,27990,5.88046783625731,215.80818713450293
2911,27973,282.824399494311,13.807585335018963
2911,21464,435.7483708219466,81.14389321000631
2911,27354,452.43710827750164,87.48216987248757
2911,27990,7.585537490900267,215.90148022324678
2912,21464,434.81147382654046,81.74145257871353
2912,27354,452.57637795275593,86.67145669291338
2912,27990,9.365636458878996,212.5495023572551
2913,27610,264.6858398624116,9.145901012803364
2913,27973,282.85031774852473,13.461075805719474
2913,21464,435.8469058378677,80.84994927603061
2913,27354,447.06959604440715,100.01436701184812
2913,27990,9.461366538952745,211.07662835249042
2914,27973,282.62355509889545,13.757513485743642
2914,21464,434.9372257846777,81.67431657104287
2914,27354,452.31783111873125,87.06825975139306
2914,27990,10.515826494724502,213.9432590855803
2915,27610,270.0243065484701,20.411352587932512
2915,21464,434.8167,81.8701
2915,27354,446.45931603773585,100.27329009433963
2915,27990,10.583240472476042,215.26097615333185
2916,27610,264.4919796752018,9.080701404802232
2916,21464,434.69527425317216,81.70436607053652
2916,27354,452.4219052470708,86.81222618441161
2916,27990,9.775902484763243,215.53984997655883
2917,27610,264.59835355285963,9.124566724436741
2917,21464,434.6458596252791,81.77206096495486
2917,27354,446.28299105826864,100.25646064655596
2917,27990,9.940019193857966,216.41986564299424
2918,27610,264.5885604422014,9.174837779379956
2918,27973,282.6229401842481,13.84131309199429
2918,21464,434.2785191562634,81.95124838570814
2918,27354,452.4052287581699,86.86703096539162
2918,27990,10.345047109752992,217.5054749172396
2919,27610,264.95260267430757,10.066021967526265
2919,21464,434.0309807139926,82.6565449322938
2919,27354,452.439904594006,87.1053614020533
2919,27990,10.003158090284227,213.13041055173696
2920,21464,434.1857513988809,82.66027178257394
2920,28113,446.05818288854005,100.70447409733124
2920,27990,8.672816326530612,212.16555102040817
2921,27610,264.71754288876593,9.998118428334255
2921,27973,282.748441468483,14.015700761948741
2921,21464,434.8628839146278,81.85622071837585
2921,28113,447.13977651440894,99.92040776318369
2921,27990,6.648439229577153,207.39495240203675
2922,21464,435.1285067873303,81.95690045248868
2922,28113,446.3701359344194,100.29604648749611
2922,27990,6.5831995719636165,207.28277153558054
2923,27610,265.0047281323877,9.946926713947992
2923,21464,434.9599465954606,81.98464619492657
2923,28113,446.36734905954484,100.24638886002286
2923,27990,7.33169164882227,207.803426124197
2924,27610,264.5511683254003,9.295110341843358
2924,27973,281.83131672597864,12.779240806642942
2924,21464,434.17888655462184,81.97321428571429
2924,28113,446.3978044955567,100.28562467328803
2924,27990,7.296966323406624,207.96632340662399
2925,21464,434.14397242218394,82.44915340160195
2925,28113,447.1356463785161,100.15211212388513
2925,27990,6.254135338345865,207.0563909774436
2926,27973,282.2134887928435,12.699768820987034
2926,21464,434.8704338458525,81.62315150328078
2926,28113,446.4052991099151,100.13713516870213
2927,27610,264.63737171169043,9.390468326058748
2927,27973,282.6478395933352,13.743151652075685
2927,21464,433.9344874405974,82.9172889794071
2927,28113,452.16396451514225,86.9553380238605
2928,27973,281.7805186590765,11.807716635041114
2928,21464,434.79063936481407,81.63821562891768
2928,28113,452.3542011589404,86.82098509933775
2929,27610,264.6191780821918,9.317913593256058
2929,27973,282.38022498519837,13.710242747187685
2929,28113,447.27902717004173,100.01658695430956
2930,27973,282.6631343283582,13.489402985074626
2930,21464,434.9350418675463,81.96929713270744
2930,28113,452.37416593226743,86.7077930253053
2931,27610,264.380076142132,9.320431472081218
2931,21464,434.0126175728378,82.65749025005735
2931,28113,446.3678361298758,100.31956853344956
2932,21464,434.9215219976219,81.74802724029834
2932,28113,446.34220258886376,100.70032874460654
2933,27610,264.647792706334,9.947792706333974
2933,27973,282.08782201405154,12.532982045277127
2933,21464,435.7107657967033,81.06310096153847
2934,27973,281.54545454545456,11.828647081074266
2934,21464,434.8587962962963,81.63644547325103
2934,28113,446.23427401981905,100.42869452822059
2935,27610,264.93637145313846,10.05178179038884
2935,21464,435.6872011769033,80.7971680764987
2935,28113,446.4410609037328,100.70566172530809
2936,27610,265.65997625984676,11.186899751807488
2936,21464,435.528661018814,81.45087468368358
2936,28113,446.3442787889875,100.76511479008506
2937,27610,264.6271873913547,9.207787692664272
2937,21464,434.76321561746,82.41083570958544
2937,28113,446.15908001916625,100.64868231911835
2938,27610,269.7862440997977,20.087525286581254
2938,21464,434.68516746411484,82.06262626262627
2938,28113,447.14565853658536,100.22536585365853
2939,27610,264.8051048313582,10.195533272561532
2939,21464,434.8169311198753,82.03787948271118
2939,28113,446.03386167146977,100.75054034582132
2940,27610,264.59189900052604,9.265860073645449
2940,21464,434.7667424555601,81.7216825134353
2940,28113,447.3954712017288,99.74283566663534
2940,28423,14.711195928753181,168.81424936386767
2941,27610,270.43808756379264,21.180902497985496
2941,21464,435.8101433072467,80.97784327675576
2941,28113,446.88019200626957,100.41291144200628
2942,27610,281.2086023745053,10.998229535513435
2942,21464,442.4454645108249,77.77993970950945
2942,28113,447.1245986443097,100.08919015340706
2942,28423,14.62799740764744,178.29163966299416
2943,28469,264.78221552373776,9.27258047152546
2943,21464,434.9017646397662,81.72170394515005
2943,28113,446.5731403374233,100.63218941717791
2944,28469,264.9216755627756,9.808076119749362
2944,27610,281.1241422333125,10.844562279060096
2944,21464,434.60906887497475,82.0729145627146
2944,28113,446.5260594252314,100.50180224062348
2944,28423,13.15625,185.40104166666666
2945,27610,281.1401392111369,10.918445475638052
2945,28469,265.12892292242026,10.456063268892795
2945,21464,434.74199144211866,81.82745460853475
2945,28113,452.10384988676805,87.05305726302167
2945,28423,7.062305295950155,189.2599020916778
2946,28113,446.52633602460594,100.23663975394079
2947,28469,265.1757269279393,10.098839213883462
2947,27610,282.4707748074309,12.76835070231083
2947,21464,434.8010695187166,81.8524064171123
2947,28113,446.4481783919598,100.24183417085428
2948,27610,282.68242597898757,13.585840496657116
2948,21464,434.7841164508188,81.78743444289843
2948,28113,446.20122267122576,100.71640244534245
2948,28423,11.057522123893804,187.1216814159292
2949,28469,265.2381056069679,10.258791507893305
2949,21464,434.81417794541824,81.84834701575328
2949,28113,446.2902933172059,100.46194940026207
2950,28469,265.17226539151227,10.268977884040645
2950,27610,282.3156104321532,12.81542144387048
2950,21464,434.76661841665737,81.88720632446275
2950,28113,446.3493496721488,100.40148339245405
2951,28469,264.9176530612245,10.116020408163266
2951,27610,282.74505208333335,13.598697916666666
2951,21464,434.91143627262227,81.94310743165191
2951,28113,446.2496216325295,100.68529916254667
2951,28423,7.27803738317757,182.89018691588785
2952,28469,265.0912683237731,9.921733588272785
2952,27610,282.3712425543704,13.478321097104862
2952,21464,434.3044426587074,82.22592124899552
2952,28113,447.0198200128562,100.08592243411185
2953,28469,264.8024500606997,9.784571239377552
2953,21464,434.7392047883711,81.99593843522874
2953,28113,446.41675381719307,100.26448441748587
2954,28469,270.0297090729783,20.23828895463511
2954,28113,452.3244009779951,87.18376528117359
2955,28469,265.0627051499717,10.140916808149406
2955,21464,435.5641392990963,81.15649107339652
2955,28113,446.29528373815486,100.23668445703082
2955,28423,8.887281035795887,193.33891850723535
2956,28469,264.87297039159506,10.261912342141567
2956,28113,446.9779681762546,100.093839249286
2956,28423,17.581005586592177,202.27746741154562
2957,28469,264.5232671339564,9.413259345794392
2957,21464,433.91409888041215,82.86277618151193
2957,28113,446.3561151079137,100.41296962430056
2957,28423,11.199324324324325,192.0527027027027
2958,28469,264.49756243159885,8.399761217789274
2958,21464,434.6755145220235,81.73571840738603
2958,28113,452.3075934348428,86.86760925449872
2959,28469,264.4512910798122,9.203442879499217
2959,21464,434.78403617418655,81.60414823552541
2959,28113,452.28393194706996,86.71776937618148
2959,28423,5.644366197183099,190.01971830985914
2960,28469,264.99895495872084,10.110460863204096
2960,21464,435.0447474377745,81.5517935578331
2960,28113,452.2876076231015,86.99883912160202
2961,21464,435.2218675179569,81.01795690343177
2961,28113,447.0280796230407,100.24060005769786
2962,28469,264.77207392197124,10.090132929860586
2962,21464,434.7854054054054,81.54324324324324
2962,28113,446.41740674955594,100.24578152753108
2963,28469,264.95452340528743,10.061969439728353
2963,21464,434.934104958569,81.78653163225043
2963,28113,445.88246513291216,100.69912981285016
2964,28469,264.67756834352764,9.3586318811634
2964,21464,435.80260860634695,80.9389955838554
2964,28113,446.5058887677208,100.40643402399128
2965,28469,265.00941346850107,10.248974173304369
2965,21464,434.8000968640271,81.61278605158009
2965,28113,446.4221692761516,100.26786929884275
2966,28469,269.412104622871,18.978254257907544
2966,21464,434.21153193894855,82.11407574901074
2966,28113,446.4234969663541,100.31130722559294
2967,28469,265.1671036133592,10.167217599452867
2967,21464,434.955686695279,81.92618025751074
2967,28113,447.2476358723891,99.90262911773875
2968,28469,265.14606341289635,10.839092744329651
2968,21464,434.8282393456737,81.8174773999139
2968,28113,446.49590680100755,100.41824097397145
2969,28469,264.8730254552772,10.024750980984003
2969,21464,434.8202657185629,81.9224363772455
2969,28113,446.51500420678695,100.18575301486398
2970,28469,265.06608796296297,10.084027777777777
2970,21464,435.45753569539926,81.30333157059756
2970,28113,452.3188886585113,87.05608542400995
2971,28469,269.6606368664972,19.709971595156226
2971,21464,434.55088953247827,81.89739346297063
2971,28113,446.29009640666084,100.30850131463629
2972,28469,264.82284275577933,9.405699244678416
2972,21464,435.4626275930194,81.11151355504336
2972,28113,452.36437653357126,86.93363818871292
2973,28469,265.09369902120716,10.01937194127243
2973,21464,434.8837185518511,81.76845980773165
2973,28113,446.55928411633107,100.32387634736628
2974,28469,270.04384865948384,20.03871210223002
2974,21464,434.2590431738623,82.06077401789187
2974,28113,447.30358376937505,100.04363708164675
2975,28469,264.8383415349178,10.157470421945346
2975,21464,434.74692530746927,81.73162683731627
2975,28113,446.59631728045326,100.2114528530959
2976,28469,264.99189057156815,10.142256961406936
2976,21464,434.75051806469054,81.65789710784756
2976,28113,446.8862990892175,100.20223288610322
2977,28469,265.2790722082284,10.223446683459278
2977,28945,282.1951093951094,12.697812097812097
2977,21464,433.84727560479314,82.74926520461226
2977,28113,446.0350669351973,100.64340717924416
2978,28469,265.02833298990316,10.120337935297755
2978,28945,282.0557120901639,12.591060450819672
2978,21464,434.5983286303451,82.42457130453657
2979,28469,264.53569488210366,9.282842551341954
2979,21464,434.3116169544741,82.23773547880691
2979,28113,446.94493369774267,100.30610385666566
2980,28469,269.6733108108108,20.61587837837838
2980,21464,434.6292473617071,81.87718891337121
2980,28113,446.967612687813,100.02014468558708
2981,28469,264.8523505248745,10.059904153354633
2981,21464,433.9075777938592,82.71125814121783
2981,28113,446.22963882852116,100.6661492290179
2982,28469,264.8256264236902,9.29134396355353
2982,28945,282.5812020460358,13.800639386189259
2982,21464,434.69679707652625,82.03181427343078
2982,28113,447.1386445938955,100.07873771339887
2983,28469,264.4878804648589,9.102158273381296
2983,28945,281.9619938432394,12.39426947667535
2983,21464,434.95875841111354,81.73616236162361
2983,28113,447.1650268336315,100.18235688729875
2984,28469,264.5218059980226,9.211798308250028
2984,21464,435.7951933124347,80.81191222570533
2984,28113,446.85165011214355,100.11054149311119
2985,28469,264.60985397391596,9.254486679299966
2985,21464,435.44710916509104,81.44840282615186
2985,28113,447.12427897220766,100.17881489250131
2986,28469,264.7384567387687,9.40151830282862
2986,28945,282.98054611508263,14.700339857025664
2986,21464,434.75218023255815,81.92078488372093
2986,28113,452.55301289097633,87.69321474967522
2987,28945,282.8755928090879,14.595456049409949
2987,21464,434.7560606060606,81.79621212121212
2987,28113,452.4435738174869,85.83201146679407
2988,28469,264.9420785309631,10.107247509279155
2988,28945,282.6287219422813,13.829935868071463
2988,21464,435.05414600952656,81.93418878195781
2988,28113,452.510906676783,86.89889984825493
2989,28469,264.9651821862348,10.314844804318488
2989,28945,282.4690913764298,13.714432592211798
2989,21464,434.03071500503523,82.91679254783485
2989,28113,446.95905871052946,100.02833473406172
2990,28469,270.5244140625,20.874186197916668
2990,21464,434.9063621143267,81.88519492944272
2990,28113,446.44843767883714,100.1803822822479
2991,28469,265.0731017313568,9.986081249292745
2991,28945,282.1485195797517,12.793457497612225
2991,21464,434.9131419162293,81.77904703097664
2991,28113,452.832386070063,87.21018910819468
2992,28469,265.0438189504073,10.124548922569337
2992,28945,281.41038380325426,11.567382933797044
2992,21464,434.0238829734302,82.66772813215245
2992,29167,445.53751512706737,100.56141589350544
2993,28469,264.8844887992356,9.874721307994479
2993,21464,434.752276138069,81.8784392196098
2993,29167,446.16838621763674,100.77331127116994
2994,28469,265.17872228088703,10.21317317845829
2994,21464,435.07689556509297,81.03111587982832
2994,29167,446.36442307692306,100.43858173076923
2995,28945,280.90461733080326,10.341808981657179
2995,21464,435.841180775799,81.00402537204197
2995,28113,452.3998886414254,86.92071269487751
2996,28469,264.8613057501946,9.9775330886442
2996,21464,434.7668918918919,81.89537925021796
2996,29167,445.3804793781041,100.84700928525156
2997,28469,264.6503198294243,9.291163231461738
2997,21464,434.8826898842937,81.99828159010195
2997,29167,446.4062004978502,100.23342385155013
2998,28469,265.00810505796653,9.992305324715296
2998,21464,434.79678707569434,81.88945362134689
2998,29167,446.4509464783319,100.65869126549438
2999,28469,265.0225520431766,9.970316114109483
2999,21464,434.89256572982777,81.7718948322756
2999,29167,447.21160631383475,100.19582172701949
3000,28469,265.0036183328866,9.746448673277943
3000,21464,435.2513344163379,81.15850545370155
3000,29167,446.93080724876444,100.06051619989017
3001,28469,269.9489543203082,20.024628508530544
3001,21464,434.7543358714044,81.82233502538071
3001,29167,446.5874461908099,100.2023225548103
3002,28469,265.11781576230356,10.059768268899852
3002,21464,434.7454024124975,82.04034012260233
3002,29167,446.34178919030853,100.6312901221785
3003,28469,269.97744123678814,20.150970184571698
3003,21464,434.76825247291566,81.85044747998116
3003,29167,452.5203944419543,87.5333930972658
3004,21464,434.10957910014514,82.52653949823761
3004,29167,446.97678935612316,100.03874915023793
3005,28469,265.16734128674904,10.028334043459736
3005,21464,433.85706201901314,82.66070620190132
3005,29167,446.28916486270936,100.24974364817136
3006,28469,264.86737555503623,9.346342603412012
3006,21464,435.69596046411687,80.9313493768801
3006,29167,452.4879551820728,87.01747899159663
3007,28469,265.0733305156382,10.22442941673711
3007,21464,434.5940919037199,81.70722100656455
3007,29167,446.2156187513886,100.32392801599644
3008,28469,264.92976304324725,9.979810859632344
3008,21464,434.11164205039097,82.66007819287576
3008,29167,452.450822461713,87.06273397617697
3009,28469,264.8825626113873,10.029828346308976
3009,21464,434.76625198765316,81.53923861191656
3009,29167,452.426069847516,86.81406787998033
3010,21464,434.3161088077662,82.74203660633026
3010,29403,446.3492063492063,100.72178401012756
3011,21464,434.12732688011914,82.44867567280076
3011,29403,445.3545150501672,100.82932355162369
3012,28469,269.9677918062355,20.436871940221593
3012,21464,434.9096415450303,81.80299870916492
3012,29403,446.28675799086756,100.69751395230847
3013,28469,265.16095249968834,10.173793791297843
3013,21464,435.08927247696704,81.71608598962194
3013,29403,447.16272448532635,99.95094174332019
3014,28469,265.0927845528455,10.228556910569106
3014,21464,435.080256332011,81.15573186857898
3014,29403,446.2547884655862,100.65575668280363
3015,28469,264.77358722358724,10.141891891891891
3015,21464,435.67367164179103,80.93862686567164
3015,29403,446.25008244476203,100.38221391667582
3016,28469,265.046916719644,10.214240305149396
3016,21464,434.9436918364943,81.90222641064908
3016,29403,446.45901815447417,100.42603931679021
3017,28469,265.12276347088635,10.106836280897713
3017,29403,447.34798278105916,100.06457102813094
3018,28469,264.7347137637028,10.0605359317905
3018,21464,434.82962617910795,81.94631419587749
3018,29403,447.0143674935459,99.9313054214839
3019,28469,264.4636382579704,9.19524901021046
3019,21464,434.74043850162224,81.68695310195655
3019,29403,452.79343044285855,87.68266692736339
3020,28469,265.00377536573853,10.279754601226994
3020,21464,434.7908681444847,81.7800936147664
3020,29403,446.3820149396667,100.36506416395326
3021,28469,265.0379760973975,10.155366916117503
3021,21464,435.7704011065007,80.96848448923137
3021,29403,447.03740214554944,100.33275345510776
3022,28469,264.873786407767,10.046145059965735
3022,21464,434.3186612965094,82.42309167625623
3022,29403,447.1644179479134,99.85325802740299
3023,28469,264.58451030331094,9.324149108589951
3023,21464,434.7523097685041,81.5471815633759
3023,29403,452.5018209083119,86.73746786632391
3024,28469,269.66694792671166,19.815091610414658
3024,21464,434.04022866821936,82.41901333897947
3024,29403,452.3855846235985,86.94767752269087
3025,28469,264.74023180786236,9.293583462779305
3025,21464,435.1750241597767,81.29292386985934
3025,29403,446.44334372217276,100.38679875333926
3026,28469,265.24772701762265,10.007071500729598
3026,21464,435.83011452953065,80.80035930833147
3026,29403,446.3751871657754,100.2387165775401
3027,28469,264.8738145710142,9.193015731339953
3027,21464,434.78728867964907,82.04643697838648
3027,29403,447.1323480754384,99.99437520679386
3028,28469,265.0545080562221,10.090846760370244
3028,21464,434.5848453725893,82.4644528129636
3028,29403,452.2868182821815,87.1870170015456
3029,28469,265.04001215559157,10.133914100486223
3029,21464,434.1204033214709,82.57710557532621
3029,29403,447.0295784116009,100.05435513300682
3030,28469,264.68391277514917,10.112528286360831
3030,21464,434.28510372146354,82.67194829563223
3030,29403,452.45953157426624,86.69483150508944
3031,21464,434.80173150919194,81.89995724668663
3031,29403,446.84339674662255,100.10238029592868
3032,21464,434.967576613325,81.70860788620438
3032,29403,447.1872964169381,99.97164207702625
3033,21464,434.8346798029557,81.70118226600985
3033,29403,447.1581151832461,100.0571156592099
3034,28469,265.0569928758905,10.0347456567929
3034,21464,435.67821466524975,81.09404888416579
3034,29403,446.478413709766,100.3730638251126
3035,28469,264.5894759969241,9.123365923321982
3035,21464,434.6841986455982,81.80304740406321
3035,29403,446.5425566874795,100.15697228612115
